515.0,2.0,-102.93912331342288,48.887622,3.901446,-14.019880129412044
515.0,6.0,-113.00313890719062,14.672069,0.675603,-24.08389572317978
515.0,12.0,-129.21638369437696,-2.475752,-14.245376,-40.29714051036612
515.0,13.0,-85.54392347400568,37.803745,5.989189,3.375319710005158
515.0,14.0,-87.36940882964123,-7.825549,5.916146,1.549834354369608
515.0,15.0,-100.151335117519,33.846884,-0.786217,-11.232091933508158
515.0,17.0,-116.92211109361902,-14.909345,-6.09413,-28.002867909608185
515.0,19.0,-133.61239183870177,-11.229287,-8.932877,-44.69314865469093
515.0,24.0,-139.79695910555162,-14.801848,-11.708181,-50.87771592154078
515.0,28.0,-98.61800189189496,-2.82777,2.603578,-9.698758707884124
516.0,2.0,-102.81544641988951,37.921806,-7.220425,-14.652555666625844
516.0,6.0,-112.4639106642481,4.849894,-9.629785,-24.301019910984436
516.0,12.0,-128.5197628717483,5.652976,-14.598919,-40.35687211848463
516.0,13.0,-84.55746939159839,9.747784,-1.353744,3.605421361665279
516.0,14.0,-86.7137051119244,-10.985247,1.371093,1.4491856413392696
516.0,15.0,-99.37005074165778,64.872997,-5.56378,-11.20715998839411
516.0,17.0,-112.07364081799486,3.231098,-7.85611,-23.91075006473119
516.0,19.0,-133.65661305137755,-14.184463,-14.09135,-45.49372229811388
516.0,24.0,-139.71835649909352,-17.452151,-17.906029,-51.55546574582985
516.0,28.0,-99.00801402359293,-8.296959,-2.535573,-10.845123270329267
517.0,2.0,-104.20387886181055,15.421912,-14.717398,-16.53681135236458
517.0,6.0,-111.99560783001287,-32.673673,-15.770597,-24.3285403205669
517.0,12.0,-130.84356570679125,-37.445631,-19.457663,-43.17649819734528
517.0,13.0,-84.04276963019116,9.431442,-6.988718,3.6242978792548115
517.0,14.0,-86.25483447514635,-17.399547,1.879208,1.4122330342996179
517.0,15.0,-100.09380663779523,51.738531,-11.661653,-12.426739128349254
517.0,24.0,-140.75406687222537,-33.907879,-25.936721,-53.086999362779395
517.0,28.0,-97.23713376032289,-29.715554,-3.214302,-9.57006625087692
518.0,2.0,-103.26624553302841,-51.583394,-22.756496,-18.05541685888879
518.0,6.0,-112.35158427002658,-42.433136,-33.297991,-27.140755595886958
518.0,12.0,-130.23623547186597,-52.326267,-29.664626,-45.02540679772635
518.0,13.0,-87.9530158105767,6.038533,-1.707037,-2.7421871364370816
518.0,14.0,-82.16225476619225,-17.116773,-8.432951,3.0485739079473717
518.0,15.0,-99.94587766250793,-17.283083,-7.205228,-14.735048988368305
518.0,24.0,-140.61513837105954,-59.585248,-42.826703,-55.404309696919924
518.0,28.0,-93.7176799964316,-2.894197,-17.982154,-8.506851322291979
519.0,2.0,-103.43659426015142,-54.413315,-20.275438,-18.697760041181027
519.0,6.0,-112.19479692197213,-63.581683,-36.46308,-27.45596270300173
519.0,12.0,-128.8274706791292,-49.445774,-39.055449,-44.088636460158796
519.0,13.0,-85.19183121915889,3.466482,5.799985,-0.4529970001884891
519.0,14.0,-83.42206979198846,-45.949309,-8.955604,1.3167644269819334
519.0,15.0,-99.96770753326801,-10.104611,-3.53273,-15.228873314297616
519.0,24.0,-141.595485918263,-66.74391,-51.805854,-56.8566516992926
519.0,28.0,-93.70135280152218,38.069321,-21.387635,-8.96251858255178
520.0,2.0,-103.71886737681008,-45.877687,-19.570493,-17.30250002470156
520.0,6.0,-111.35743650835563,-49.385101,-35.777594,-24.94106915624711
520.0,12.0,-127.9826364929415,-23.852035,-38.472226,-41.56626914083297
520.0,14.0,-83.43277114557107,-34.64418,-8.934011,2.983596206537456
520.0,15.0,-100.78654397515413,-1.601067,-3.02303,-14.370176623045609
520.0,24.0,-141.80499883289187,-53.905621,-50.891107,-55.388631480783346
521.0,2.0,-103.89659174397887,-61.696191,-20.724959,-17.468823973485186
521.0,6.0,-111.83924321570792,-55.361714,-36.768054,-25.411475445214236
521.0,12.0,-128.09205007778849,-62.519288,-39.752691,-41.6642823072948
521.0,13.0,-84.0894337238928,13.09449,5.435447,2.3383340466008917
521.0,14.0,-84.06181508955306,-36.036346,-8.610965,2.365952680940623
521.0,15.0,-100.34497225823367,-18.688108,-4.116033,-13.91720448773998
521.0,19.0,-124.46347583797497,-21.152836,-52.983498,-38.03570806748128
521.0,24.0,-140.63794189220647,-72.90043,-52.610969,-54.21017412171278
521.0,28.0,-93.18069362055697,71.823059,-21.183362,-6.752925850063278
522.0,2.0,-107.4474131538112,17.248682,-23.135753,-19.670465056675113
522.0,6.0,-112.26514740624414,7.261801,-38.051257,-24.488199309108055
522.0,12.0,-129.51327141133459,-15.608759,-36.021728,-41.7363233141985
522.0,14.0,-84.54627253977797,-3.213124,-10.528662,3.2306755573581114
522.0,15.0,-100.55452643028042,2.027857,-4.694938,-12.777578333144334
522.0,19.0,-132.46538703060853,-28.148891,-50.998101,-44.68843893347244
522.0,24.0,-139.18083275451298,-27.022177,-50.213839,-51.40388465737689
523.0,2.0,-107.38546843949985,-35.62797,-22.457653,-20.346276385209364
523.0,6.0,-112.77011099406518,-23.086754,-36.373191,-25.730918939774696
523.0,12.0,-128.7875325004639,-47.30289,-27.917197,-41.748340446173415
523.0,14.0,-82.95338254373641,-26.123007,-13.439673,4.085809510554071
523.0,15.0,-100.28808554915732,-35.551161,-2.297047,-13.248893494866834
523.0,17.0,-114.17870159813832,-22.55346,-32.875046,-27.139509543847836
523.0,19.0,-132.93888098789856,-68.052496,-45.53746,-45.899688933608076
523.0,24.0,-134.70174297866896,-57.005621,-42.23868,-47.66255092437848
523.0,28.0,-93.75260439220928,18.002411,-23.277318,-6.713412337918797
524.0,2.0,-105.04665534347627,-36.166978,-27.52361,-19.11024430818128
524.0,6.0,-112.49649794496482,-24.833199,-36.897585,-26.56008690966982
524.0,12.0,-129.8686752403713,-51.001687,-26.338268,-43.932264205076294
524.0,15.0,-100.54634693506868,-38.746408,-8.72297,-14.609935899773689
524.0,17.0,-114.38996974089729,-13.712218,-26.525477,-28.45355870560229
524.0,19.0,-135.14998292270872,-46.834584,-40.935425,-49.21357188741372
524.0,24.0,-135.0601324519634,-30.550464,-42.062033,-49.1237214166684
524.0,28.0,-95.33498098344153,25.679877,-20.218257,-9.39856994814653
525.0,2.0,-105.57440726179263,-73.559448,-23.869448,-22.273910625917267
525.0,6.0,-112.4515045641215,-34.646658,-34.096236,-29.151007928246145
525.0,12.0,-130.70690378080312,-61.675958,-30.753319,-47.406407144927755
525.0,17.0,-115.74403988267781,-41.196399,-27.484313,-32.44354324680245
525.0,19.0,-135.5352629250498,-76.422043,-42.110918,-52.234766289174445
525.0,24.0,-134.7354703802188,-49.684583,-44.269078,-51.43497374434344
525.0,28.0,-97.03234260096858,-6.994798,-17.768545,-13.731845965093214
526.0,2.0,-106.15670223116807,-59.417197,-28.613453,-21.46471013097178
526.0,6.0,-112.23204853373375,-48.73321,-32.882251,-27.54005643353746
526.0,12.0,-130.6853047004206,-68.605247,-36.137531,-45.993312600224314
526.0,14.0,-83.73135636708328,23.82222,-0.033644,0.9606357331130084
526.0,17.0,-117.0778649860839,-35.200534,-19.566919,-32.38587288588761
526.0,19.0,-135.42541271937546,-69.652447,-38.318531,-50.73342061917917
526.0,24.0,-135.00121394832087,-75.266481,-49.652143,-50.30922184812458
526.0,28.0,-97.21007178737112,-11.417822,-10.025786,-12.518079687174833
527.0,2.0,-104.92612196799325,-15.386893,-21.988496,-17.723499062404557
527.0,6.0,-112.92009222013722,-8.709014,-24.885761,-25.717469314548524
527.0,12.0,-130.59729333136485,-40.037001,-27.92633,-43.394670425776155
527.0,14.0,-85.99329266698255,33.332013,0.539902,1.2093302386061424
527.0,17.0,-117.62597110039066,-6.910474,-14.416641,-30.42334819480196
527.0,19.0,-133.99064715010255,-16.10605,-28.944275,-46.78802424451385
527.0,24.0,-134.4934253104245,-20.068772,-38.160208,-47.2908024048358
527.0,28.0,-96.71193207874474,34.221415,-7.094699,-9.50930917315604
528.0,2.0,-100.58318360554856,-26.875524,-19.584986,-13.116518688030453
528.0,6.0,-113.44049703144492,-0.541857,-26.77965,-25.973832113926818
528.0,12.0,-130.50682899972188,-20.633272,-25.350199,-43.04016408220377
528.0,14.0,-84.48094441783358,-3.601754,-4.996691,2.9857204996845184
528.0,17.0,-119.50835514305493,-0.082103,-20.569232,-32.041690225536826
528.0,19.0,-133.1091967174273,-10.452338,-32.820571,-45.64253179990919
528.0,24.0,-139.86705311305366,-33.639839,-36.001482,-52.400388195535555
528.0,28.0,-96.33729225492252,40.576411,-12.804442,-8.870627337404414
529.0,2.0,-101.2188809903741,-11.566461,-20.45924,-15.171410161580368
529.0,6.0,-114.24827541279053,-28.819693,-27.612713,-28.2008045839968
529.0,12.0,-132.30502260714374,-34.692525,-23.570078,-46.257551778350006
529.0,14.0,-84.15744600935095,42.156932,-6.389875,1.890024819442786
529.0,17.0,-118.73115162839046,-3.370495,-20.51751,-32.68368079959673
529.0,19.0,-134.17055753346315,-19.802706,-32.455535,-48.12308670466942
529.0,24.0,-142.358526168893,-40.668231,-34.87851,-56.31105534009927
529.0,28.0,-97.09308582534985,-3.481248,-13.879321,-11.045614996556111
530.0,2.0,-101.17832877814148,-3.515368,-18.916267,-17.157710990513124
530.0,6.0,-118.38162189680703,-40.8668,-28.482941,-34.36100410917868
530.0,12.0,-132.59680628802798,-44.846499,-25.276016,-48.576188500399624
530.0,17.0,-117.3977890312492,-10.525446,-24.312973,-33.37717124362085
530.0,19.0,-136.46388956354016,-38.738263,-35.918782,-52.44327177591181
530.0,24.0,-142.51765678639578,-51.382635,-36.370747,-58.49703899876742
530.0,28.0,-97.17275605232535,-1.092779,-15.857962,-13.152138264697001
531.0,6.0,-120.28265519261127,-16.234051,-27.912926,-27.729156735807848
531.0,12.0,-133.32321945564308,-23.1489,-24.846508,-40.76972099883966
531.0,13.0,-83.0643394645374,211.319111,-0.000986,9.489158992266027
531.0,17.0,-119.8992468192694,-18.640438,-24.220746,-27.34574836246597
531.0,19.0,-134.63704388506537,-18.277592,-35.487684,-42.08354542826194
531.0,24.0,-141.6861818618519,-19.700473,-35.646761,-49.13268340504848
531.0,28.0,-97.1403920716151,23.402614,-15.751561,-4.586893614811672
532.0,6.0,-119.84034020490948,10.913747,-27.048321,-26.33948650397356
532.0,12.0,-133.1284205114067,13.686732,-24.173555,-39.62756681047077
532.0,15.0,-102.11821953552818,-24.640438,-3.319012,-8.617365834592263
532.0,17.0,-121.27747957875842,5.168585,-24.604486,-27.776625877822497
532.0,19.0,-135.413817205919,8.829406,-35.17601,-41.91296350498308
532.0,24.0,-141.08685653841368,2.489339,-34.45147,-47.586002837477764
532.0,28.0,-97.0158312985934,41.859408,-15.925316,-3.5149775976574773
533.0,6.0,-120.824132496886,9.415396,-27.031917,-26.89015387594877
533.0,12.0,-132.7934108675912,9.356659,-24.457017,-38.85943224665398
533.0,13.0,-85.35814961468947,71.362579,1.788965,8.575829006247758
533.0,15.0,-105.11751340382453,-1.003473,-2.999211,-11.183534782887307
533.0,17.0,-120.7977673546102,-1.060913,-25.016872,-26.863788733672976
533.0,19.0,-135.3138596861287,4.330953,-35.544097,-41.37988106519147
533.0,24.0,-142.3170242474977,3.843898,-34.631114,-48.383045626560474
533.0,28.0,-100.07522372557032,8.314057,-16.051121,-6.1412451046331
534.0,6.0,-120.23692711677832,6.033916,-26.892078,-28.324807257593164
534.0,12.0,-133.13799838789106,1.627818,-24.876542,-41.225878528705906
534.0,13.0,-89.75140213382032,2.564584,1.936649,2.160717725364833
534.0,14.0,-85.72558599505152,17.455475,-7.681409,6.1865338641336365
534.0,17.0,-121.23379510110091,-5.712418,-25.065786,-29.321675241915756
534.0,19.0,-134.9937797150792,3.069228,-35.672918,-43.081659855894046
534.0,24.0,-141.5362735674665,0.346691,-34.916667,-49.624153708281355
534.0,28.0,-99.50432929956791,13.674512,-15.841801,-7.59220944038276
535.0,2.0,-100.44238371492844,83.693471,-16.524819,-8.857537640603368
535.0,6.0,-121.02850344823885,3.991765,-26.854618,-29.44365737391378
535.0,12.0,-131.45497157815106,3.127619,-25.177806,-39.87012550382599
535.0,13.0,-91.66073320789724,10.040975,1.747954,-0.07588713357216648
535.0,14.0,-90.27094877011895,-0.232754,-7.387847,1.3138973042061224
535.0,17.0,-120.66196525005144,-7.126576,-24.893176,-29.077119175726367
535.0,19.0,-135.31561015872137,-5.031393,-35.649996,-43.7307640843963
535.0,24.0,-140.3265432285991,-1.660073,-35.1897,-48.74169715427402
535.0,28.0,-100.0552593518235,0.185917,-15.587783,-8.470413277498423
536.0,6.0,-121.3956739549037,-9.657876,-26.793595,-30.77748426182285
536.0,12.0,-134.57728016531584,-9.172946,-25.483376,-43.95909047223499
536.0,13.0,-88.00268673698334,-2.646272,1.702521,2.615502956097515
536.0,14.0,-89.42440386754411,-8.66144,-7.137823,1.193785825536736
536.0,15.0,-100.70253181250801,100.623965,-3.588323,-10.084342119427163
536.0,17.0,-119.80875922518483,-14.917725,-24.825862,-29.19056953210398
536.0,19.0,-135.8720721170903,-10.703403,-35.689905,-45.25388242400946
536.0,24.0,-142.18714553963176,-15.950128,-35.436312,-51.56895584655091
536.0,28.0,-99.22372650829409,-2.797628,-15.387616,-8.605536815213242
537.0,2.0,-102.74102332782759,-20.386484,-16.809318,-12.85165573977477
537.0,6.0,-121.37859478939748,-34.540535,-26.9996,-31.48922720134466
537.0,12.0,-134.62272273363024,-34.913913,-25.506121,-44.73335514557742
537.0,13.0,-87.11793582303643,90.239104,1.467244,2.7714317650163878
537.0,14.0,-89.16570459614552,-36.223812,-7.173354,0.7236629919073039
537.0,15.0,-101.94529883330901,101.030595,-3.774216,-12.05593124525619
537.0,17.0,-119.08786452502224,-40.816832,-24.775813,-29.19849693696942
537.0,19.0,-136.128554925752,-38.655924,-35.739465,-46.23918733769919
537.0,24.0,-142.59477998059864,-44.759934,-35.582256,-52.705412392545824
537.0,28.0,-99.27099107634582,-31.77848,-15.429626,-9.381623488293002
538.0,2.0,-103.64266166707223,31.943322,-17.478463,-16.75860647494312
538.0,6.0,-121.5100241599997,-7.653447,-27.553738,-34.62596896787059
538.0,12.0,-132.48334119786014,-8.337547,-25.084269,-45.59928600573103
538.0,13.0,-87.4169993290997,18.001619,0.954382,-0.5329441369705847
538.0,14.0,-89.22553916662547,-2.440314,-7.611405,-2.341483974496356
538.0,17.0,-115.06033538524538,-8.576227,-24.715275,-28.17628019311627
538.0,19.0,-135.83218059600284,-11.125278,-35.7524,-48.94812540387373
538.0,24.0,-142.25765814081254,-16.189889,-35.533113,-55.37360294868343
538.0,28.0,-99.68055136342754,-16.282527,-15.79983,-12.796496171298429
539.0,2.0,-104.86555327958536,27.380189,-18.840855,-19.28838881619899
539.0,6.0,-122.07390720859918,-28.690562,-28.030866,-36.49674274521281
539.0,12.0,-132.4401466396322,-17.91238,-24.096304,-46.86298217624582
539.0,14.0,-89.38810004402978,-21.862646,-7.768758,-3.8109355806434166
539.0,17.0,-114.31140840250056,1.326864,-23.496803,-28.734243939114194
539.0,19.0,-135.63696397305281,-33.576952,-34.762362,-50.05979950966645
539.0,24.0,-141.00825333645938,-33.654904,-35.102192,-55.43108887307301
539.0,28.0,-99.93042950538116,-21.822566,-15.66475,-14.353265041994788
540.0,2.0,-105.61754741555556,-19.108976,-17.474462,-15.869285210139807
540.0,6.0,-121.47107934122788,-50.696987,-29.376499,-31.72281713581212
540.0,12.0,-132.59394308261656,-51.958153,-25.953327,-42.845680877200806
540.0,13.0,-86.30949708550027,-32.533363,2.876325,3.4387651199154874
540.0,14.0,-90.47900011938273,-15.253937,-9.39042,-0.7307379139669763
540.0,15.0,-103.78104039997986,-0.804696,-2.094024,-14.032778194564102
540.0,17.0,-114.77258498717765,-52.013138,-27.852968,-25.024322781761896
540.0,19.0,-135.0196835878052,-54.383521,-38.829537,-45.271421382389434
540.0,24.0,-140.15533391403468,-49.433778,-36.916927,-50.40707170861893
540.0,28.0,-99.09718252592037,-25.427028,-18.115504,-9.348920320504618
541.0,2.0,-105.40921601166879,-50.205222,-19.048394,-15.11068239565185
541.0,6.0,-119.17458564810498,-69.027934,-27.785084,-28.87605203208804
541.0,12.0,-132.6538217569711,-61.282436,-27.017772,-42.35528814095416
541.0,13.0,-88.11162934772655,29.057796,-1.242667,2.186904268290391
541.0,14.0,-89.03543513312194,-28.286024,-5.674864,1.2630984828950034
541.0,15.0,-103.0568305640271,-13.428458,-6.834053,-12.758296948010155
541.0,17.0,-114.79983064626947,-44.126129,-23.158449,-24.50129703025253
541.0,19.0,-132.86833746434388,-77.686192,-35.489481,-42.56980384832694
541.0,24.0,-140.07873193215877,-73.971529,-37.65983,-49.780198316141835
541.0,28.0,-100.40835607425932,-34.586306,-14.089986,-10.109822458242377
542.0,2.0,-106.41153005931915,-22.963882,-22.267322,-14.97738349762271
542.0,6.0,-117.84154506651339,-51.376311,-26.818407,-26.407398504816953
542.0,12.0,-135.07428846944188,-41.34604,-22.837888,-43.640141907745445
542.0,13.0,-88.52954676322553,27.196639,-7.54072,2.9045997984709118
542.0,14.0,-86.48494865737926,0.506127,-4.480953,4.949197904317174
542.0,15.0,-102.98344211318735,7.136555,-11.176284,-11.549295551490914
542.0,17.0,-117.56211865678809,-47.637515,-16.575732,-26.12797209509165
542.0,19.0,-136.2922975501486,-46.927268,-29.243374,-44.85815098845215
542.0,24.0,-140.56374867587843,-53.205309,-34.295866,-49.12960211418199
542.0,28.0,-100.08781533096492,-26.773986,-11.416465,-8.653668769268478
543.0,2.0,-105.01579871017957,-17.688718,-19.205713,-13.475818366119142
543.0,6.0,-120.87185350479471,-28.980869,-27.260994,-29.33187316073429
543.0,12.0,-134.03426307005134,-30.552492,-27.083543,-42.494282725990914
543.0,13.0,-88.07596552043292,3.941637,-2.0129,3.464014823627508
543.0,15.0,-102.9078269443013,14.639138,-7.712346,-11.367846600240881
543.0,17.0,-120.63224656686792,-42.702056,-22.072489,-29.092266222807496
543.0,19.0,-134.85999578723553,-47.824935,-34.589764,-43.32001544317511
543.0,24.0,-142.98212626763356,-43.206084,-37.564943,-51.442145923573136
543.0,28.0,-97.71912951534726,-2.189376,-13.170714,-6.179149171286838
544.0,2.0,-104.72371334664524,-14.950769,-14.299183,-14.210346225906918
544.0,6.0,-121.32744434214925,-49.095384,-29.260865,-30.814077221410926
544.0,12.0,-134.13113395424705,-42.843648,-35.678381,-43.617766833508725
544.0,13.0,-88.31809872861292,31.282946,8.227912,2.1952683921253993
544.0,14.0,-85.64760582202975,25.189963,-6.087162,4.865761298708577
544.0,15.0,-103.30857907346571,-28.872594,-1.349301,-12.795211952727385
544.0,17.0,-114.26991859688515,-27.944253,-33.246932,-23.756551476146825
544.0,19.0,-134.7965594650722,-56.285807,-45.857697,-44.28319234433387
544.0,24.0,-141.43564748855127,-47.022149,-44.834843,-50.922280367812945
544.0,28.0,-96.67254382497039,7.660122,-17.201739,-6.159176704232067
545.0,2.0,-104.88669869566412,-32.542369,-6.748909,-14.55379399326604
545.0,6.0,-121.04554689959683,-64.719464,-20.904839,-30.712642197198747
545.0,12.0,-134.30772046439378,-69.410492,-32.018212,-43.9748157619957
545.0,13.0,-89.74813173462717,57.443567,11.682029,0.5847729677709168
545.0,14.0,-86.76419266298608,-7.437753,-3.195407,3.5687120394120058
545.0,15.0,-102.3124462461736,-10.729498,1.650598,-11.979541543775511
545.0,17.0,-119.20626913147937,-70.667624,-29.354154,-28.873364429081292
545.0,19.0,-136.72844737438436,-70.377765,-38.831894,-46.39554267198628
545.0,24.0,-140.751851581856,-68.292034,-37.090945,-50.418946879457906
545.0,28.0,-99.1423034754229,-24.832754,-12.936351,-8.809398773024824
546.0,2.0,-104.9237682525702,-43.736222,-17.543434,-11.122125882425067
546.0,6.0,-121.94076728880728,-43.772455,-28.342148,-28.139124918662148
546.0,12.0,-136.41935125475558,-50.952978,-30.415898,-42.61770888461045
546.0,13.0,-90.921364239332,60.838329,1.910675,2.8802781308131387
546.0,17.0,-121.35300483915641,-50.997228,-26.572851,-27.55136246901128
546.0,19.0,-137.39401910631085,-48.487726,-39.177981,-43.59237673616572
546.0,24.0,-143.8687989347354,-51.083221,-40.52415,-50.06715656459026
546.0,28.0,-97.550419654555,-56.491843,-14.958684,-3.7487772844098686
547.0,2.0,-106.75861522826897,-9.983175,-20.062996,-11.813184012123074
547.0,6.0,-122.57297774481454,-13.499167,-28.416604,-27.627546528668645
547.0,12.0,-135.6748737352059,-17.295837,-27.574042,-40.72944251906
547.0,13.0,-89.94014580112878,58.568484,-2.152178,5.005285415017113
547.0,15.0,-107.20109967690009,-10.72333,-7.797761,-12.255668460754194
547.0,17.0,-116.28625939426553,-26.809525,-22.856344,-21.340828178119637
547.0,19.0,-137.74893882966043,-20.008853,-35.709462,-42.80350761351454
547.0,24.0,-144.41219859698234,-22.413638,-38.56085,-49.466767380836444
548.0,2.0,-107.55454344990417,6.818075,-20.922666,-12.944290669960665
548.0,6.0,-122.3771616762726,-2.794728,-32.977088,-27.7669088963291
548.0,12.0,-135.53430630668615,-3.685077,-36.196284,-40.92405352674264
548.0,13.0,-88.90142102373163,17.858808,1.452994,5.708831756211879
548.0,15.0,-106.78157822509833,-8.87786,-7.15961,-12.171325445154821
548.0,19.0,-136.92733987640233,-9.457826,-45.459376,-42.31708709645882
548.0,24.0,-144.50039774232758,-9.87333,-47.96737,-49.89014496238407
548.0,28.0,-96.96689252617404,14.838284,-16.67155,-2.3566397462305275
549.0,2.0,-105.4748124907603,-7.875906,-22.401661,-9.710767873224839
549.0,6.0,-122.66102628637555,-13.959872,-34.352662,-26.896981668840084
549.0,12.0,-135.59349889772048,-14.677112,-37.387655,-39.82945428018502
549.0,13.0,-89.53677628171096,-6.626648,0.539626,6.227268335824505
549.0,15.0,-105.86243821258408,-6.455661,-8.240913,-10.09839359504862
549.0,19.0,-137.44689447399855,-13.844224,-46.651126,-41.68284985646309
549.0,24.0,-143.6947523001592,-19.026784,-49.810119,-47.93070768262373
550.0,2.0,-106.06549652770104,-42.760257,-25.539533,-14.127432022853043
550.0,6.0,-123.30767904825903,-52.896861,-37.620435,-31.369614543411032
550.0,12.0,-134.61135954318834,-55.512125,-40.230664,-42.67329503834034
550.0,14.0,-85.63784427093033,97.602966,-5.788774,6.3002202339176705
550.0,19.0,-138.24304498630912,-58.124787,-49.840824,-46.304980481461115
550.0,24.0,-141.74489548532887,-61.32431,-54.126194,-49.80683098048087
550.0,28.0,-96.8114280275011,-31.090811,-17.956453,-4.873363522653094
551.0,2.0,-106.79022927705985,-16.094849,-32.781329,-14.048967172051292
551.0,6.0,-123.25648348492363,-21.365973,-44.708142,-30.515221379915076
551.0,12.0,-135.2418571369811,-21.440995,-47.189783,-42.50059503197255
551.0,19.0,-137.99215269077533,-23.139485,-56.712027,-45.25089058576677
551.0,24.0,-144.06319473473062,-29.887166,-64.297591,-51.321932629722056
552.0,2.0,-107.76529947475927,5.323325,-36.973643,-10.965863266099632
552.0,6.0,-123.01780062801758,-6.691642,-48.86984,-26.21836441935794
552.0,12.0,-135.9729577546959,-13.623675,-52.296059,-39.173521546036255
552.0,13.0,-90.22344295269549,-1.669364,-7.42423,6.57599325596415
552.0,19.0,-138.40281157377655,-15.359217,-61.2468,-41.603375365116904
552.0,24.0,-142.49557959556333,-15.514068,-71.161995,-45.696143386903685
553.0,2.0,-106.81244176916381,8.676639,-37.988437,-12.565007910261812
553.0,6.0,-120.61306803686526,0.194135,-50.84643,-26.36563417796326
553.0,12.0,-135.54406004610982,-5.422475,-53.484081,-41.29662618720782
553.0,13.0,-90.0698935518191,-3.33791,-6.966367,4.177540307082893
553.0,17.0,-123.96435595314466,-11.552384,-38.486411,-29.716922094242662
553.0,19.0,-138.74593523687548,-11.456336,-63.750785,-44.49850137797348
553.0,24.0,-143.15259445023813,-5.610156,-73.099901,-48.90516059133613
553.0,28.0,-97.74415792580628,57.054363,-21.599028,-3.496724066904278
554.0,2.0,-91.050109331016,7.783137,-40.071066,-22.152955674046922
554.0,6.0,-106.08116503574604,-22.50689,-52.655023,-37.18401137877696
554.0,12.0,-116.48803824940528,-25.852808,-52.311153,-47.5908845924362
554.0,17.0,-112.23410318088756,-36.609911,-38.461719,-43.33694952391848
554.0,19.0,-129.3480249527923,-35.714992,-63.983704,-60.450871295823205
554.0,24.0,-131.14626269988668,-42.092469,-73.114431,-62.249109042917596
554.0,28.0,-83.70828987847783,30.122485,-22.834309,-14.811136221508747
555.0,2.0,-107.98737919932061,-60.555598,-42.523678,-17.712606110756937
555.0,6.0,-121.56546652358959,-86.623949,-55.179342,-31.290693435025915
555.0,12.0,-134.77933819553334,-86.579021,-54.262344,-44.504565106969665
555.0,13.0,-91.25464120465548,-10.380389,-9.744228,-0.9798681160918079
555.0,17.0,-116.70935553470936,-35.009045,-39.497104,-26.434582446145683
555.0,19.0,-138.99670066636767,-82.589517,-66.308675,-48.721927577803996
555.0,24.0,-144.97611054869944,-89.534411,-76.233491,-54.70133746013576
555.0,28.0,-98.63457097852758,22.652437,-23.668184,-8.3597978899639
556.0,2.0,-107.51382870031584,-29.932583,-43.011254,-15.953146591396859
556.0,6.0,-121.78172268822769,-66.659821,-55.6193,-30.221040579308706
556.0,12.0,-134.7495260472136,-49.095754,-53.260289,-43.188843938294625
556.0,13.0,-91.9532949603324,-59.972495,-10.093585,-0.39261285141341773
556.0,17.0,-115.93619503304971,-32.812106,-39.426191,-24.37551292413073
556.0,19.0,-139.16532663055585,-65.237173,-66.061712,-47.60464452163687
556.0,24.0,-144.53837977866087,-74.188597,-75.588685,-52.977697669741886
556.0,28.0,-100.42381283844365,37.695508,-24.237783,-8.86313072952467
557.0,2.0,-108.45977680123463,-51.019651,-44.078321,-15.11055922863848
557.0,6.0,-121.85221313348195,-52.015432,-56.493498,-28.502995560885807
557.0,12.0,-136.40264192011549,-54.363969,-53.808116,-43.05342434751934
557.0,13.0,-92.29821147617581,-36.585094,-10.873349,1.0510060964203376
557.0,14.0,-86.67716641094117,78.968922,-8.235879,6.672051161654977
557.0,17.0,-116.69699141303597,15.506336,-39.464787,-23.347773840439828
557.0,19.0,-139.087757882594,-53.999273,-66.604796,-45.738540309997845
557.0,24.0,-144.19143896894226,-57.674115,-76.598218,-50.84222139634612
557.0,28.0,-99.74079177821537,68.084274,-24.383236,-6.3915742056192215
558.0,2.0,-108.03627362650222,-30.017589,-45.240176,-10.033012648130025
558.0,6.0,-122.22530355081189,-41.173514,-57.730784,-24.22204257243969
558.0,12.0,-138.02486532976147,-34.14594,-54.064931,-40.02160435138927
558.0,13.0,-92.02235181480548,-12.326849,-11.442019,5.9809091635667215
558.0,17.0,-115.42855330739305,4.094933,-39.939975,-17.42529232902085
558.0,19.0,-139.40780246960801,-35.224752,-67.469474,-41.40454149123582
558.0,24.0,-143.44829827379343,-46.83954,-77.491133,-45.44503729542123
559.0,2.0,-108.88379695632824,-18.067847,-45.703497,-9.313749772254823
559.0,6.0,-122.63617783738728,-28.446989,-58.017509,-23.066130653313863
559.0,12.0,-138.33186614713878,-31.911156,-54.51583,-38.761818963065366
559.0,13.0,-91.36141132179334,-30.610046,-11.857636,8.208635862280076
559.0,19.0,-139.01084350039935,-37.420318,-67.656953,-39.44079631632593
559.0,24.0,-143.45498471469634,-48.639167,-78.083765,-43.88493753062292
560.0,2.0,-107.90708524556383,-7.361988,-45.861443,-9.840629061796946
560.0,6.0,-122.65666410818682,-19.702331,-58.041838,-24.59020792441993
560.0,12.0,-137.86272269803817,-22.449364,-54.758915,-39.79626651427128
560.0,13.0,-91.43172076304117,-25.128867,-12.059332,6.634735420725718
560.0,17.0,-115.51586967043905,-45.439105,-39.672436,-17.449413486672157
560.0,19.0,-139.68452703608537,-28.577787,-67.646245,-41.61807085231848
560.0,24.0,-143.26448022751737,-38.261906,-78.335741,-45.19802404375048
561.0,2.0,-107.65954854341945,10.830861,-45.906492,-10.554526614998622
561.0,6.0,-123.12229741907505,-16.713315,-58.043488,-26.017275490654228
561.0,12.0,-138.04659186296013,-17.155552,-54.738377,-40.9415699345393
561.0,13.0,-91.86434277103508,-24.667152,-12.112251,5.240679157385742
561.0,17.0,-117.04468482351868,-46.32695,-39.605502,-19.939662895097854
561.0,19.0,-139.43639132341264,-28.429144,-67.59014,-42.33136939499181
561.0,24.0,-143.55442751531135,-36.921236,-78.320298,-46.44940558689052
562.0,2.0,-107.88839752668531,-18.027102,-45.91456,-12.860955847876113
562.0,6.0,-123.16872427314854,-34.435499,-58.034094,-28.141282594339344
562.0,12.0,-137.71478122582724,-27.969984,-54.70814,-42.68733954701804
562.0,13.0,-90.53807313342365,-28.866754,-12.117408,4.489368545385545
562.0,17.0,-117.96763432352347,-45.330617,-39.570192,-22.940192644714273
562.0,19.0,-139.6159087889979,-48.070604,-67.547507,-44.5884671101887
562.0,24.0,-143.80089972073924,-50.307728,-78.28428,-48.77345804193004
563.0,2.0,-108.11734015524965,-20.416587,-45.862517,-13.134081772234566
563.0,6.0,-123.25030337314624,-24.849514,-57.972222,-28.267044990131154
563.0,12.0,-137.7660398476847,-26.05991,-54.674305,-42.782781464669625
563.0,13.0,-89.51195404098058,-54.129063,-12.080043,5.4713043420345
563.0,17.0,-117.15259089227239,-52.902416,-39.53039,-22.169332509257302
563.0,19.0,-139.93092540350725,-34.336258,-67.481058,-44.94766702049216
563.0,24.0,-144.14538672765804,-44.780495,-78.214122,-49.16212834464295
563.0,28.0,-97.14581283142707,50.658668,-24.649776,-2.1625544484119814
564.0,2.0,-107.47037641303727,-19.329321,-45.795968,-11.213293360266547
564.0,6.0,-123.10422085093077,-38.824949,-57.886066,-26.84713779816005
564.0,12.0,-137.90153956553002,-40.114131,-54.62642,-41.64445651275929
564.0,17.0,-116.67132106893514,-62.928599,-39.468604,-20.41423801616442
564.0,19.0,-139.86816621009135,-47.709691,-67.385911,-43.61108315732062
564.0,24.0,-144.1864257082969,-57.109554,-78.120145,-47.92934265552617
565.0,2.0,-107.38344135437715,-36.1245,-45.716214,-13.71833078396719
565.0,6.0,-123.1404407505088,-62.599113,-57.785721,-29.475330180098837
565.0,12.0,-137.9262635721465,-64.174949,-54.578015,-44.26115300173653
565.0,13.0,-88.7995846066218,-99.165072,-12.003206,4.8655259637881585
565.0,14.0,-87.58842329665475,136.615856,-8.198486,6.076687273755212
565.0,17.0,-116.60340886937317,-98.860226,-39.401454,-22.938298298963204
565.0,19.0,-139.90295043274315,-63.347713,-67.281734,-46.23783986233319
565.0,24.0,-144.36522317704984,-78.644825,-78.018035,-50.70011260663988
565.0,28.0,-98.53245605789188,60.715371,-24.531994,-4.867345487481913
566.0,2.0,-107.0616776834724,-30.744219,-45.629653,-13.880874464631887
566.0,6.0,-122.72581756992072,-40.604547,-57.681323,-29.545014351080212
566.0,12.0,-137.85067066409374,-42.933953,-54.540119,-44.66986744525323
566.0,17.0,-117.62259688767908,-29.25662,-39.33826,-24.44179366883857
566.0,19.0,-140.08863254805104,-35.858306,-67.182459,-46.90782932921053
566.0,24.0,-144.46871487747975,-54.708711,-77.922404,-51.287911658639246
566.0,28.0,-99.81754765091192,53.242942,-24.464832,-6.63674443207141
567.0,2.0,-106.46247296493628,-42.182202,-45.535599,-13.85610247764592
567.0,6.0,-122.58275122738304,-34.247278,-57.570528,-29.97638074009268
567.0,12.0,-137.72672682058908,-33.072539,-54.507733,-45.120356333298716
567.0,17.0,-117.51670289182319,-50.756936,-39.27547,-24.910332404532824
567.0,19.0,-139.83639702895434,-29.664102,-67.083056,-47.230026541663975
567.0,24.0,-144.29999853924252,-39.517705,-77.827867,-51.69362805195216
567.0,28.0,-99.9507344393798,74.864622,-24.392875,-7.344363952089438
568.0,2.0,-106.6510926606974,-63.013936,-45.432922,-14.540543439168246
568.0,6.0,-122.93045752854313,-58.308395,-57.472353,-30.819908307013975
568.0,12.0,-137.79487557974298,-64.899453,-54.518299,-45.68432635821382
568.0,13.0,-88.33537436865582,239.259713,-11.817068,3.7751748528733344
568.0,17.0,-117.94835570215,-42.297803,-39.250753,-25.83780648062084
568.0,19.0,-140.2803149301723,-46.058106,-67.029082,-48.16976570864314
568.0,24.0,-144.60665478403703,-61.045387,-77.773735,-52.49610556250788
568.0,28.0,-101.13405762071781,62.270519,-24.330975,-9.023508399188657
569.0,2.0,-105.74397793339274,-47.806843,-45.287057,-15.35638640902205
569.0,6.0,-122.41988151573372,-50.308529,-57.343251,-32.03228999136303
569.0,12.0,-137.08097117453593,-50.156576,-54.596176,-46.69337965016524
569.0,13.0,-89.519392659422,-58.004134,-11.694065,0.8681988649486954
569.0,17.0,-117.89388605763925,-30.742005,-39.242478,-27.50629453326856
569.0,19.0,-140.08058229993551,-43.204733,-66.998637,-49.69299077556482
569.0,24.0,-145.05305430460314,-46.604354,-77.759396,-54.665462780232446
569.0,28.0,-101.26539970438382,63.565728,-24.237186,-10.877808180013133
570.0,6.0,-122.35031111291276,-23.660947,-57.097546,-30.80034576557189
570.0,12.0,-136.08849153267315,-40.982693,-54.736024,-44.53852618533227
570.0,13.0,-91.1923826881981,-19.090697,-11.52917,0.3575826591427784
570.0,17.0,-117.06914451359904,-2.257607,-39.185228,-25.51917916625817
570.0,19.0,-140.04572186319461,-20.190023,-66.914378,-48.49575651585374
570.0,24.0,-144.99378357885368,-19.519763,-77.739043,-53.44381823151281
570.0,28.0,-100.68275223532105,92.262199,-24.038009,-9.132786887980174
571.0,2.0,-107.67797862828648,-34.415925,-44.727669,-13.582926063716414
571.0,6.0,-122.85117455820411,-55.032151,-56.788227,-28.75612199363404
571.0,12.0,-138.24082209038468,-53.67069,-54.88871,-44.145769525814615
571.0,13.0,-90.85450060961702,-32.356342,-11.318315,3.240551954953048
571.0,14.0,-86.75266249392182,84.511544,-7.471332,7.34239007064825
571.0,17.0,-117.09353686683785,-14.602215,-39.119245,-22.998484302267784
571.0,19.0,-139.6506305651756,-51.516634,-66.805242,-45.55557800060552
571.0,24.0,-144.19091129228477,-57.616102,-77.693336,-50.0958587277147
571.0,28.0,-100.5536070428077,37.534993,-23.801467,-6.45855447823763
572.0,2.0,-109.04498940896842,-69.573529,-43.350103,-15.15650857530511
572.0,6.0,-122.4679745923174,-86.045729,-55.690515,-28.579493758654095
572.0,12.0,-138.7915706934302,-96.56645,-54.345911,-44.903089859766894
572.0,14.0,-87.72932273515177,8.247001,-7.398743,6.15915809851154
572.0,17.0,-116.33071044751834,-59.838868,-39.12952,-22.442229613855034
572.0,19.0,-139.82739001747942,-91.887171,-66.204895,-45.93890918381611
572.0,24.0,-143.79749561993643,-92.772424,-76.526938,-49.90901478627312
572.0,28.0,-102.52177722656093,25.271804,-23.587097,-8.63329639289762
573.0,2.0,-109.15298718908319,-75.941915,-45.264332,-16.586814080116852
573.0,6.0,-122.13459158027116,-98.976315,-57.916347,-29.568418471304824
573.0,12.0,-137.19885288893238,-97.859432,-53.011957,-44.63267977996604
573.0,13.0,-89.39637863825888,-1.274363,-11.053261,3.1697944707074583
573.0,14.0,-87.41067173321206,56.699459,-9.535591,5.155501375754284
573.0,17.0,-116.26597900312774,-61.401014,-40.015658,-23.6998058941614
573.0,19.0,-139.57502210073827,-97.46626,-67.141006,-47.00884899177193
573.0,24.0,-143.11317181561165,-108.367389,-76.503263,-50.54699870664531
573.0,28.0,-100.30107265730688,21.90619,-25.6326,-7.734899548340536
574.0,2.0,-110.46982619539763,-41.28169,-49.461272,-16.502751864211135
574.0,6.0,-122.14822227625726,-47.696626,-58.167037,-28.181147945070762
574.0,12.0,-137.31602992476016,-50.129186,-58.89964,-43.34895559357366
574.0,17.0,-116.26830680732066,37.06353,-35.335783,-22.30123247613416
574.0,19.0,-140.00363526879264,-43.404709,-66.218921,-46.03656093760614
574.0,24.0,-143.72206570062514,-50.938518,-82.772953,-49.75499136943864
574.0,28.0,-99.98891122059646,44.472501,-20.297035,-6.021836889409968
575.0,2.0,-109.17278920625893,-132.105654,-49.875742,-17.339466336553556
575.0,6.0,-123.576964137998,-123.29331,-58.175624,-31.743641268292635
575.0,12.0,-136.9019119263194,-130.35992,-59.424546,-45.06858905661403
575.0,13.0,-88.6981178895655,28.70345,-17.922102,3.135204980139875
575.0,19.0,-140.4129223727481,-126.123652,-66.071632,-48.57959950304274
575.0,24.0,-144.69926633692572,-126.53449,-83.330592,-52.86594346722035
575.0,28.0,-104.62785843823933,-19.213201,-19.763402,-12.79453556853396
576.0,2.0,-111.12351379710337,-121.777249,-46.148569,-17.58062152227815
576.0,6.0,-123.09800807215262,-127.946873,-55.599663,-29.555115797327403
576.0,12.0,-136.9856806785281,-131.11409,-57.469054,-43.44278840370288
576.0,19.0,-140.91592844637515,-128.980968,-64.830599,-47.37303617154993
576.0,24.0,-145.1796033963586,-133.977821,-79.884574,-51.63671112153338
576.0,28.0,-105.99909498415215,-28.873054,-19.932109,-12.45620270932693
577.0,2.0,-108.4080190603958,-115.226311,-48.566553,-14.344694008187432
577.0,6.0,-122.43067348329024,-116.861399,-68.400507,-28.367348431081865
577.0,12.0,-135.51379573619766,-120.336665,-63.355421,-41.450470683989295
577.0,17.0,-122.47493598880305,-57.956332,-54.084423,-28.411610936594684
577.0,19.0,-137.81068015433476,-119.277718,-84.084029,-43.74735510212639
577.0,24.0,-145.16466551432103,-120.257919,-89.849003,-51.10134046211266
577.0,28.0,-105.41527459899477,-34.147346,-34.141454,-11.3519495467864
578.0,2.0,-110.79273653150486,-80.0239,-39.697631,-17.53451042390037
578.0,6.0,-120.12622825046543,-76.335966,-71.942419,-26.868002142860945
578.0,12.0,-136.8627959041028,-87.102772,-75.823212,-43.60456979649831
578.0,13.0,-89.88594389227931,171.811595,13.37618,3.3722822153251713
578.0,14.0,-92.26665381378093,7.262692,-18.022932,0.9915722938235518
578.0,17.0,-122.630602572498,-36.522963,-73.704032,-29.37237646489352
578.0,19.0,-139.76851982525088,-82.607317,-102.914083,-46.51029371764639
578.0,24.0,-145.86623221546554,-87.017803,-100.015704,-52.60800610786106
578.0,28.0,-104.02837624062421,-75.475906,-42.263273,-10.770150133019726
579.0,2.0,-94.22052238434732,-40.61161,-40.767601,-24.95190534945455
579.0,6.0,-108.15645136802358,-39.705022,-87.857917,-38.88783433313081
579.0,12.0,-118.27563762761129,-37.058721,-84.728082,-49.00702059271852
579.0,14.0,-74.15176183766694,44.346248,-31.956159,-4.883144802774169
579.0,17.0,-109.61111557272996,-36.408281,-99.711056,-40.34249853783719
579.0,19.0,-127.17555737595204,-43.01944,-129.321078,-57.90694034105927
579.0,24.0,-132.8385260387193,-48.537583,-113.345415,-63.569909003826524
579.0,28.0,-84.9336524927099,-9.049881,-60.993113,-15.665035457817126
580.0,2.0,-92.0847159872295,-53.999081,-40.080358,-16.957853936772025
580.0,6.0,-109.69799138135548,-83.127583,-90.368025,-34.571129330898
580.0,12.0,-120.53633647725316,-92.468743,-87.978821,-45.40947442679568
580.0,13.0,-74.24718684439539,110.144734,32.325101,0.8796752060620889
580.0,14.0,-73.7676855168978,-2.180436,-33.712803,1.3591765335596762
580.0,15.0,-86.6020335293651,74.274737,12.346286,-11.475171478907626
580.0,17.0,-112.43706223961371,-98.774804,-105.20693,-37.310200189156234
580.0,19.0,-127.13708172795519,-87.712222,-135.067383,-52.010219677497716
580.0,24.0,-133.21344954000853,-92.988674,-116.866352,-58.08658748955105
580.0,28.0,-86.50696372333131,-29.839953,-63.995066,-11.380101672873835
581.0,2.0,-92.93005982606294,-107.595234,-39.441965,-16.38000046586994
581.0,6.0,-110.51988914737514,-97.452778,-92.722963,-33.969829787182135
581.0,12.0,-118.79031502249579,-104.869516,-90.701161,-42.240255662302786
581.0,13.0,-75.42708381849636,97.587735,35.924209,1.122975541696647
581.0,17.0,-111.72184407405113,-110.50136,-110.313569,-35.17178471385813
581.0,19.0,-126.01411692804848,-104.790552,-140.3076,-49.46405756785548
581.0,24.0,-132.36379459371727,-106.554582,-119.875979,-55.81373523352427
581.0,28.0,-86.55068633475294,-53.190254,-66.921651,-10.000626974559935
582.0,2.0,-93.83612686466999,-36.916377,-38.898484,-23.71984502999352
582.0,6.0,-110.12444067958312,-46.200309,-92.962497,-40.008158844906646
582.0,12.0,-119.39614774700127,-59.606585,-91.11022,-49.279865912324794
582.0,14.0,-73.57368038841334,113.285409,-35.97964,-3.4573985537368657
582.0,15.0,-85.09652472535187,35.797073,16.090444,-14.980242890675399
582.0,17.0,-109.27172848049253,-54.25939,-111.499905,-39.155446645816056
582.0,19.0,-126.58517895404775,-56.400461,-141.324855,-56.46889711937128
582.0,24.0,-133.02009427573356,-62.109548,-120.163651,-62.903812441057084
582.0,28.0,-87.11359935224782,-22.332693,-67.563812,-16.997317517571346
583.0,2.0,-93.30641388289253,-93.100724,-39.165526,-21.260969702817036
583.0,6.0,-110.36667471560438,-112.39405,-93.128414,-38.32123053552888
583.0,12.0,-117.37574537744534,-116.599875,-90.283364,-45.33030119736985
583.0,13.0,-74.07274636561807,109.647396,36.833876,-2.027302185542581
583.0,17.0,-109.24606662674857,-104.591866,-111.297239,-37.20062244667308
583.0,19.0,-127.43123250727231,-112.830516,-140.948412,-55.38578832719682
583.0,24.0,-131.74216098193693,-122.352616,-119.518851,-59.69671680186144
583.0,28.0,-87.91366875171265,-61.226467,-67.858749,-15.868224571637157
584.0,2.0,-91.96356507427494,-133.044443,-39.717225,-18.130290673017456
584.0,6.0,-109.94880884273032,-149.946027,-93.73284,-36.11553444147283
584.0,12.0,-116.54112756074018,-142.182775,-89.876362,-42.707853159482696
584.0,14.0,-75.02732755471352,-14.395431,-37.019064,-1.1940531534560392
584.0,15.0,-87.4779755837076,61.727585,16.337164,-13.64470118245012
584.0,17.0,-110.64860558425411,-139.993836,-111.479754,-36.81533118299663
584.0,19.0,-124.79230209237807,-149.644802,-141.141319,-50.95902769112058
584.0,24.0,-131.61964951315466,-162.004577,-119.45573,-57.78637511189717
584.0,28.0,-89.15288200949834,-111.021336,-68.390322,-15.319607608240858
585.0,2.0,-91.90368228668663,-202.947301,-39.757319,-15.658659246261436
585.0,6.0,-109.71781990849114,-169.355733,-93.807554,-33.47279686806594
585.0,12.0,-117.23304265968962,-161.301571,-89.904583,-40.98801961926442
585.0,13.0,-74.16639489977119,28.649316,36.630592,2.078628140654004
585.0,14.0,-75.61458581165813,-61.582599,-37.053576,0.6304372287670645
585.0,15.0,-88.57225679629765,55.432123,16.387962,-12.327233755872456
585.0,17.0,-110.3990032252988,-163.815508,-111.541113,-34.1539801848736
585.0,19.0,-123.82785343562186,-175.867018,-141.21224,-47.582830395196666
585.0,24.0,-131.6334579655693,-186.997968,-119.487461,-55.38843492514411
585.0,28.0,-88.44792561438432,-133.905386,-68.43802,-12.202902573959122
586.0,2.0,-91.37854870761106,-174.203518,-39.752332,-13.874792809565704
586.0,6.0,-109.60063992620263,-180.974737,-93.809723,-32.09688402815728
586.0,12.0,-116.66931334341088,-175.537738,-89.960213,-39.16555744536552
586.0,13.0,-76.25316965252412,40.430853,36.674336,1.2505862455212338
586.0,14.0,-74.55107526641845,-68.492779,-37.014882,2.9526806316269045
586.0,15.0,-88.42149261329364,30.635495,16.408764,-10.917736715248282
586.0,17.0,-110.31991526685415,-157.866136,-111.547527,-32.8161593688088
586.0,19.0,-125.43928797778845,-186.434588,-141.229417,-47.9355320797431
586.0,24.0,-131.50901278811597,-185.602552,-119.509423,-54.00525689007061
586.0,28.0,-87.73313997539366,-136.034695,-68.40986,-10.2293840773483
587.0,6.0,-109.36603888566971,-197.609969,-93.818275,-32.041914260959885
587.0,12.0,-116.82863735505003,-184.20134,-90.035043,-39.50451273034021
587.0,13.0,-76.01818677571357,30.479225,36.736523,1.3059378489962512
587.0,14.0,-74.56607460270841,-71.359635,-36.978125,2.758050022001413
587.0,15.0,-88.78212298714806,44.344278,16.440049,-11.457998362438232
587.0,17.0,-110.01716935446412,-155.632365,-111.576283,-32.69304472975429
587.0,19.0,-124.98465522231258,-188.185829,-141.270694,-47.66053059760276
587.0,24.0,-131.4183694233683,-187.136745,-119.548847,-54.094244798658465
587.0,28.0,-88.08791793904332,-153.287753,-68.389711,-10.763793314333498
588.0,2.0,-88.80979732248277,-262.768333,-39.71387,-11.528500034170534
588.0,6.0,-109.7991381263456,-184.653288,-93.863289,-32.517840838033365
588.0,12.0,-117.98317538980804,-184.469894,-90.10124,-40.70187810149581
588.0,13.0,-75.93509653625593,32.902275,36.85986,1.3462007520563049
588.0,15.0,-88.49764627003111,72.797802,16.541669,-11.21634898171888
588.0,17.0,-109.98380789224471,-147.993854,-111.684915,-32.70251060393248
588.0,19.0,-124.3899516818972,-202.577845,-141.375602,-47.10865439358497
588.0,24.0,-131.59209832735874,-172.564658,-119.588881,-54.31080103904651
588.0,28.0,-88.52364157220697,-121.070064,-68.437515,-11.242344283894738
589.0,6.0,-110.20650518344875,-156.549464,-93.80231,-33.59840309432626
589.0,12.0,-117.52238377137097,-150.310368,-90.093793,-40.91428168224847
589.0,13.0,-75.21055886999427,44.567277,36.929225,1.3975432191282238
589.0,15.0,-87.81441713297959,44.236564,16.600402,-11.206315043857089
589.0,17.0,-110.23529378261043,-122.717879,-111.659173,-33.62719169348793
589.0,19.0,-124.64303510198037,-163.696702,-141.325401,-48.03493301285788
589.0,24.0,-131.437456567064,-150.345477,-119.52073,-54.82935447794151
589.0,28.0,-87.64230326137442,-114.402343,-68.39072,-11.034201172251926
590.0,6.0,-110.2414434626421,-21.151541,-93.73969,-41.00775141280184
590.0,12.0,-117.02126959000745,-28.827386,-90.102139,-47.78757754016719
590.0,17.0,-109.60251609043529,5.152513,-111.633539,-40.36882404059503
590.0,19.0,-124.88185034141058,-30.368867,-141.280307,-55.648158291570326
590.0,24.0,-131.26306933118437,-14.236815,-119.465882,-62.02937728134411
590.0,28.0,-86.85917404904085,13.447795,-68.336422,-17.625481999200588
591.0,2.0,-90.76541241947153,106.818639,-39.608315,-17.823263377369074
591.0,6.0,-110.43295897014616,-115.076194,-93.737437,-37.4908099280437
591.0,12.0,-117.74528543590709,-128.48734,-90.048895,-44.803136393804635
591.0,14.0,-73.65933301178012,-16.350165,-36.910318,-0.717183969677663
591.0,15.0,-86.96471079472705,30.64851,16.671076,-14.022561752624597
591.0,17.0,-110.34344774100545,-85.103381,-111.583426,-37.40129869890299
591.0,19.0,-125.72677791445336,-141.582802,-141.219345,-52.78462887235091
591.0,24.0,-131.54855770423933,-119.439443,-119.395963,-58.60640866213687
591.0,28.0,-88.11970007430625,-87.374675,-68.319057,-15.177551032203795
592.0,2.0,-91.7810478799994,93.95149,-39.612055,-20.13691701168281
592.0,6.0,-110.76785833989926,-102.655763,-93.753311,-39.12372747158267
592.0,12.0,-117.8733740292215,-127.04589,-90.059311,-46.2292431609049
592.0,13.0,-71.57264966102251,78.761688,37.03306,0.07148120729408447
592.0,14.0,-74.93581150686136,11.248409,-36.907882,-3.2916806385447615
592.0,15.0,-86.22252471260258,-5.477276,16.713462,-14.578393844285984
592.0,17.0,-110.31570430370381,-80.574287,-111.595162,-38.67157343538722
592.0,19.0,-126.31481389505238,-108.347891,-141.229013,-54.67068302673579
592.0,24.0,-132.53184501131358,-109.293354,-119.384184,-60.887714142996984
592.0,28.0,-88.44417305102745,-61.902581,-68.319483,-16.800042182710854
593.0,2.0,-92.7890969791441,56.556157,-39.615076,-17.82535475528944
593.0,6.0,-111.13780632242843,-111.792038,-93.792237,-36.174064098573766
593.0,12.0,-119.31769317187546,-132.108401,-90.09906,-44.353950948020795
593.0,13.0,-75.81985802216398,81.349537,37.10134,-0.8561157983093182
593.0,14.0,-74.39395975095418,-1.895415,-36.917896,0.569782472900485
593.0,15.0,-86.64710914111807,-21.92674,16.773087,-11.683366917263399
593.0,17.0,-110.21735586221992,-93.334416,-111.649619,-35.25361363836525
593.0,19.0,-126.83220120229363,-110.719619,-141.286144,-51.868458978438966
593.0,24.0,-132.64249404290925,-121.332835,-119.405627,-57.67875181905458
593.0,28.0,-88.4942823673454,-80.425519,-68.342943,-13.53054014349074
594.0,2.0,-92.78063036303864,12.621159,-39.632372,-17.470176742814544
594.0,6.0,-111.13233605318018,-108.655301,-93.808415,-35.82188243295609
594.0,12.0,-119.75882860297088,-128.66046,-90.091536,-44.448374982746785
594.0,13.0,-76.58399080974569,66.456646,37.121116,-1.2735371895215906
594.0,14.0,-75.88955303629037,8.754728,-36.916325,-0.5790994160662706
594.0,17.0,-109.63729677168318,-102.090223,-111.641032,-34.32684315145909
594.0,19.0,-127.32852124615185,-119.354987,-141.275989,-52.018067625927756
594.0,24.0,-132.62972675621532,-128.271989,-119.381225,-57.319273135991224
594.0,28.0,-88.96219942752394,-87.746984,-68.338835,-13.651745807299847
595.0,2.0,-92.10625057927992,25.547347,-39.655347,-16.777312984923128
595.0,6.0,-110.9288650217771,-98.733823,-93.845324,-35.59992742742031
595.0,12.0,-119.54289597056,-121.955821,-90.099262,-44.21395837620321
595.0,13.0,-76.78629932552091,70.7562,37.153858,-1.4573617311641271
595.0,14.0,-75.40253359132282,17.570301,-36.927749,-0.07359599696603425
595.0,17.0,-108.5974836861471,-93.175327,-111.660823,-33.26854609179031
595.0,19.0,-127.16031837962211,-107.668324,-141.297861,-51.831380785265324
595.0,24.0,-132.3179962201527,-112.844006,-119.378336,-56.98905862579592
595.0,28.0,-88.12271934390314,-96.623236,-68.354132,-12.793781749546355
596.0,2.0,-92.24728893516708,39.224489,-39.688708,-17.36259422932305
596.0,6.0,-110.98592021746326,-99.814898,-93.911842,-36.10122551161923
596.0,12.0,-119.17848864666585,-119.247048,-90.12414,-44.29379394082183
596.0,13.0,-77.02553473209274,64.749441,37.201286,-2.1408400262487106
596.0,14.0,-75.77472818576759,17.555186,-36.958722,-0.8900334799235594
596.0,15.0,-84.81928464537248,47.575609,16.894635,-9.93458993952845
596.0,17.0,-107.97833995992076,-107.763262,-111.717451,-33.09364525407673
596.0,19.0,-127.41288012057105,-98.228008,-141.361358,-52.52818541472702
596.0,24.0,-132.82165216238764,-116.812773,-119.40259,-57.93695745654361
596.0,28.0,-89.09937027200019,-84.344019,-68.39689,-14.21467556615616
597.0,2.0,-92.87861827234359,-5.877938,-39.719489,-19.43102106887487
597.0,6.0,-110.67104094301924,-71.601279,-93.980657,-37.22344373955052
597.0,12.0,-118.25899441505369,-90.416914,-90.149438,-44.811397211584975
597.0,13.0,-75.24776758890748,92.457839,37.255287,-1.8001703854387614
597.0,17.0,-108.25938588362474,-87.524364,-111.781499,-34.81178868015603
597.0,19.0,-127.23492979597275,-66.041092,-141.43079,-53.78733259250403
597.0,24.0,-132.6505490371342,-86.67122,-119.427304,-59.20295183366548
597.0,28.0,-89.88094656191603,-54.036202,-68.444963,-16.433349358447316
598.0,2.0,-92.49391570122529,-4.150522,-39.724665,-21.500492122481262
598.0,6.0,-110.5747510747338,-27.749434,-94.005857,-39.58132749598977
598.0,12.0,-118.0156693640948,-54.877146,-90.162188,-47.022245785350776
598.0,13.0,-73.16966944395584,94.475439,37.3048,-2.1762458652118113
598.0,17.0,-107.89684917226238,-54.58665,-111.807008,-36.90342559351835
598.0,19.0,-127.28343401980186,-37.048412,-141.453909,-56.29001044105783
598.0,24.0,-132.54683125286132,-48.413133,-119.420806,-61.553407674117295
598.0,28.0,-89.38416053550331,-20.904305,-68.456675,-18.390736956759284
599.0,2.0,-92.25832525186242,17.2498,-39.724812,-22.118111686580406
599.0,6.0,-110.24864977142279,-20.948246,-93.998834,-40.10843620614078
599.0,12.0,-117.87179814764629,-53.88131,-90.146944,-47.73158458236428
599.0,15.0,-84.67839894182939,187.662773,17.035067,-14.538185376547375
599.0,17.0,-108.3722167395642,-47.7804,-111.78269,-38.232003174282184
599.0,19.0,-127.29982873891329,-42.68462,-141.421921,-57.15961517363128
599.0,24.0,-132.61690587403763,-47.20625,-119.377999,-62.47669230875562
599.0,28.0,-89.85384454496476,-21.752853,-68.436605,-19.713630979682748
600.0,2.0,-92.53202656480279,10.848249,-39.726691,-23.81969432783889
600.0,6.0,-109.87062907861598,-60.568488,-94.015817,-41.158296841652074
600.0,12.0,-117.96895951961794,-87.500124,-90.149644,-49.25662728265404
600.0,14.0,-74.41828333586527,126.158768,-36.991776,-5.705951098901366
600.0,17.0,-107.67049319753697,-80.113888,-111.797934,-38.95816096057307
600.0,19.0,-127.21387025009382,-75.795809,-141.431576,-58.50153801312992
600.0,24.0,-132.68558908139138,-78.635673,-119.359159,-63.97325684442748
600.0,28.0,-89.15341520019318,-61.139193,-68.442971,-20.441082963229277
601.0,2.0,-92.99996986948155,-5.627869,-39.727641,-20.751050127184683
601.0,6.0,-109.54527511646387,-107.645381,-94.048392,-37.29635537416701
601.0,12.0,-118.1263782629001,-123.348911,-90.165661,-45.87745852060324
601.0,13.0,-74.42765627505177,95.216753,37.437795,-2.178736532754911
601.0,14.0,-75.44163361311709,75.552335,-37.008785,-3.192713870820228
601.0,17.0,-107.22047695962162,-120.370948,-111.841902,-34.97155721732476
601.0,19.0,-126.81664877876928,-104.606598,-141.470882,-54.567729036472414
601.0,24.0,-132.7563887350736,-113.299365,-119.356837,-60.50746899277675
601.0,28.0,-89.38082563973943,-106.95759,-68.467628,-17.131905897442564
602.0,2.0,-94.15659231258984,-53.254477,-39.707873,-18.552246390588778
602.0,6.0,-109.40529861023477,-138.84031,-94.11606,-33.80095268823371
602.0,12.0,-117.23282625629547,-149.82429,-90.252347,-41.62848033429441
602.0,13.0,-77.07640844401358,72.104325,37.574718,-1.4720625220125214
602.0,14.0,-74.59754417211538,32.809217,-37.043842,1.0068017498856818
602.0,15.0,-84.59603953177005,-94.848938,17.260371,-8.991693609768987
602.0,17.0,-106.50343540066167,-136.562591,-111.980955,-30.899089478660613
602.0,19.0,-127.43190862247052,-131.900995,-141.611693,-51.82756270046946
602.0,24.0,-132.35690330368567,-137.787923,-119.423232,-56.75255738168461
602.0,28.0,-89.00945020865292,-117.327366,-68.53433,-13.405104286651863
603.0,2.0,-94.85187205539931,-75.045265,-39.700734,-19.156382587725417
603.0,6.0,-110.391309585942,-129.865882,-94.20446,-34.6958201182681
603.0,12.0,-116.51498899651423,-151.318038,-90.358506,-40.81949952884034
603.0,13.0,-77.32545117294441,83.592626,37.713702,-1.6299617052705173
603.0,14.0,-74.7639257565956,6.358783,-37.084485,0.9315637110782973
603.0,15.0,-85.32767374961021,-70.824972,17.36922,-9.632184281936318
603.0,17.0,-106.564092108958,-160.43797,-112.139247,-30.8686026412841
603.0,19.0,-126.57297930800299,-130.354998,-141.779925,-50.87748984032909
603.0,24.0,-132.42773031439876,-135.300108,-119.516417,-56.732240846724864
603.0,28.0,-88.75180428254559,-133.911328,-68.612947,-13.056314814871698
604.0,2.0,-94.37251740948966,-52.471717,-39.757217,-18.709096822098758
604.0,6.0,-109.4291077509915,-142.498185,-94.269988,-33.7656871636006
604.0,12.0,-116.57433727490739,-152.73647,-90.360553,-40.91091668751649
604.0,13.0,-76.9942858155657,76.855205,37.722039,-1.330865228174801
604.0,14.0,-74.92415325438476,-21.256702,-37.110688,0.7392673330061399
604.0,17.0,-105.7812696176643,-165.66827,-112.159643,-30.11784903027339
604.0,19.0,-126.30353178155706,-138.989454,-141.810753,-50.64011119416615
604.0,24.0,-132.61813367199585,-143.042083,-119.525461,-56.95471308460495
604.0,28.0,-88.55515736380755,-131.550679,-68.643007,-12.89173677641665
605.0,2.0,-93.85732076455791,-16.71171,-39.817511,-19.320940408329264
605.0,6.0,-110.09146689742062,-124.331046,-94.33296,-35.55508654119197
605.0,12.0,-115.64683368180035,-162.516711,-90.342557,-41.1104533255717
605.0,13.0,-75.93813505633064,98.683495,37.720724,-1.4017547001019892
605.0,14.0,-74.72556877028885,-24.563152,-37.142412,-0.18918841406019737
605.0,15.0,-84.81053604430197,-7.62886,17.419291,-10.274155688073321
605.0,17.0,-106.38976201041923,-150.46729,-112.168211,-31.853381654190585
605.0,19.0,-127.16951445812323,-128.746753,-141.825613,-52.63313410189458
605.0,24.0,-132.56726572831866,-129.861975,-119.516871,-58.03088537209001
605.0,28.0,-88.37489029052482,-123.46484,-68.673514,-13.83850993429617
606.0,2.0,-93.97897400715063,34.176945,-39.864768,-22.93414355481407
606.0,6.0,-110.87405544356447,-56.894538,-94.411968,-39.82922499122792
606.0,12.0,-114.74874452298751,-99.862438,-90.368787,-43.70391407065095
606.0,14.0,-75.13490257554191,28.055564,-37.178131,-4.09007212320536
606.0,15.0,-86.33099619096525,24.154736,17.465618,-15.286165738628696
606.0,17.0,-106.82135264708386,-97.624768,-112.226536,-35.7765221947473
606.0,19.0,-126.27203536577674,-49.728899,-141.895298,-55.22720491344019
606.0,24.0,-132.98962253298546,-66.819833,-119.549341,-61.94479208064891
606.0,28.0,-88.36508854359721,-58.24267,-68.721877,-17.320258091260655
607.0,2.0,-93.71681400441115,55.182702,-39.91225,-24.629100974566782
607.0,6.0,-111.01327316899331,-51.750576,-94.503262,-41.92556013914894
607.0,12.0,-114.54647992268896,-86.816402,-90.434437,-45.458766892844594
607.0,14.0,-75.62890861810018,-0.148473,-37.206491,-6.5411955882558175
607.0,17.0,-106.18151636982478,-103.0562,-112.309525,-37.09380333998041
607.0,19.0,-126.45270801817973,-50.614011,-141.999991,-57.36499498833537
607.0,24.0,-132.76851807203488,-65.774088,-119.620612,-63.680805042190514
607.0,28.0,-88.31769513200946,-51.643965,-68.773256,-19.229982102165096
608.0,2.0,-93.43311153068326,-36.979456,-39.95561,-22.647538969578378
608.0,6.0,-110.95682742008367,-85.196818,-94.60508,-40.171254858978784
608.0,12.0,-115.20861269067368,-55.574908,-90.530726,-44.42304012956879
608.0,13.0,-73.20130576640469,119.419912,37.882793,-2.4157332052998015
608.0,14.0,-74.64740780170634,-47.01755,-37.233369,-3.861835240601451
608.0,15.0,-84.93719319718328,-17.256617,17.562733,-14.151620636078391
608.0,17.0,-107.64351634801196,-119.984079,-112.419216,-36.85794378690707
608.0,19.0,-126.22747199667756,-77.163372,-142.137261,-55.44189943557268
608.0,24.0,-132.3515097327937,-89.51593,-119.721271,-61.5659371716888
608.0,28.0,-87.71362185929834,-79.913523,-68.83198,-16.928049298193457
609.0,2.0,-91.9629392275417,-42.398844,-39.962335,-18.366565525887964
609.0,6.0,-111.17800386309544,-101.788381,-94.750042,-37.58163016144171
609.0,12.0,-116.55452461411362,-96.412205,-90.742952,-42.958150912459885
609.0,13.0,-75.78629443605335,95.461529,38.063176,-2.189920734399621
609.0,14.0,-74.83778532834698,-71.802958,-37.273677,-1.2414116266932496
609.0,17.0,-107.28626739461602,-149.630398,-112.664467,-33.689893692962286
609.0,19.0,-125.00179121159731,-112.287349,-142.422047,-51.405417509943575
609.0,24.0,-132.2629363248287,-114.39484,-119.929128,-58.66656262317497
609.0,28.0,-87.08778773560995,-119.42711,-68.940995,-13.491414033956218
610.0,2.0,-93.90350470400988,-40.709682,-39.884529,-21.875859193493824
610.0,6.0,-111.65694436264307,-83.449392,-94.783611,-39.62929885212702
610.0,12.0,-116.45120301403053,-104.295034,-90.9172,-44.42355750351447
610.0,13.0,-75.76411644396221,103.54406,38.262414,-3.7364709334461566
610.0,14.0,-73.07636188091702,-69.982958,-37.257667,-1.0487163704009674
610.0,17.0,-106.53736693925543,-137.334383,-112.836968,-34.50972142873938
610.0,19.0,-124.20333321103479,-99.239601,-142.603592,-52.175687700518736
610.0,24.0,-132.38171126194973,-110.643237,-120.047486,-60.35406575143368
610.0,28.0,-86.51951095215425,-106.820885,-68.975389,-14.491865441638197
611.0,2.0,-93.71683176656687,-46.672514,-39.914494,-18.643386360979363
611.0,6.0,-111.11207193972879,-130.651605,-94.890199,-36.03862653414129
611.0,12.0,-114.37413845375714,-136.289081,-90.987977,-39.300693048169634
611.0,13.0,-76.1590309254179,82.128259,38.359388,-1.0855855198303885
611.0,14.0,-72.78232300451769,-96.766637,-37.314306,2.2911224010698135
611.0,17.0,-107.8109788915102,-153.943363,-112.969995,-32.7375334859227
611.0,19.0,-122.61938525496929,-165.783779,-142.749033,-47.54593984938178
611.0,24.0,-132.1320656177468,-153.255559,-120.123537,-57.0586202121593
611.0,28.0,-87.49837816776208,-146.205302,-69.061406,-12.424932762174578
612.0,2.0,-93.7672772614512,13.165179,-40.09043,-26.05434408218173
612.0,6.0,-110.64798926676076,-65.935159,-95.163582,-42.93505608749129
612.0,12.0,-114.1997235897672,-91.004191,-91.043805,-46.48679041049773
612.0,14.0,-73.11675592815526,-24.398151,-37.482218,-5.403822748885787
612.0,17.0,-108.25892731418467,-74.3998,-113.176788,-40.545994134915205
612.0,19.0,-124.29039712129722,-65.794509,-143.000003,-56.57746394202775
612.0,24.0,-132.568330533841,-77.057049,-120.274512,-64.85539735457152
612.0,28.0,-87.66647581937691,-69.655577,-69.268938,-19.953542640107443
613.0,2.0,-92.92581459012969,15.407013,-40.148867,-25.466996740663376
613.0,6.0,-110.58947335911272,-113.444712,-95.184371,-43.1306555096464
613.0,12.0,-114.58215992152377,-107.209967,-91.018182,-47.123342072057454
613.0,14.0,-73.57782260762811,-29.458341,-37.4674,-6.119004758161793
613.0,17.0,-107.8255415460947,-118.364931,-113.117022,-40.366723696628384
613.0,19.0,-124.72869046218148,-107.64627,-142.950967,-57.26987261271516
613.0,24.0,-132.14951335715244,-119.052943,-120.245213,-64.69069550768613
613.0,28.0,-87.73223854965572,-111.265673,-69.243318,-20.273420700189405
614.0,2.0,-93.05508310204665,-55.851149,-40.089124,-19.885314387037567
614.0,6.0,-109.84132599436983,-186.810888,-95.001887,-36.67155727936074
614.0,13.0,-72.49228512495151,38.33792,38.28433,0.6774835900575766
614.0,14.0,-74.56261172512707,-112.983368,-37.337634,-1.3928430101179856
614.0,17.0,-108.17620198119157,-162.913066,-112.872218,-35.00643326618248
614.0,19.0,-121.05716988673665,-148.3644,-142.670569,-47.88740117172756
614.0,24.0,-131.84778710168544,-188.424057,-120.041322,-58.67801838667636
614.0,28.0,-86.0107843021528,-190.610209,-69.059864,-12.841015587143715
615.0,2.0,-93.1788917889575,-12.008279,-40.021502,-25.24290026070038
615.0,6.0,-109.8294032317498,-148.146443,-94.854374,-41.893411703492674
615.0,12.0,-113.97571165088083,-138.877297,-90.785911,-46.039720122623706
615.0,14.0,-74.19909857947114,-81.939647,-37.25446,-6.263107051214021
615.0,17.0,-107.7436694863854,-135.474676,-112.696794,-39.80767795812828
615.0,19.0,-121.54323635337498,-151.306728,-142.450751,-53.60724482511786
615.0,24.0,-131.6774524075573,-163.459689,-119.850069,-63.74146087930018
615.0,28.0,-87.20672382262832,-162.920144,-68.931729,-19.2707322943712
616.0,2.0,-92.59405703757758,-66.252722,-39.911571,-18.982040178802308
616.0,6.0,-109.32397732399902,-170.432017,-94.743587,-35.71196046522374
616.0,12.0,-114.06369159615004,-157.104879,-90.695418,-40.45167473737476
616.0,13.0,-73.65665509084123,53.516943,38.355087,-0.044638232065949524
616.0,14.0,-73.42148087013211,-76.457511,-37.233203,0.19053598864316257
616.0,17.0,-108.03832506996163,-151.52397,-112.643385,-34.42630821118635
616.0,19.0,-123.0561531081447,-185.797611,-142.334207,-49.44413624936942
616.0,24.0,-131.46712252055286,-173.933599,-119.680851,-57.855105661777586
616.0,28.0,-86.32928934438148,-188.007509,-68.883154,-12.717272485606202
617.0,2.0,-91.83167937993893,-61.520489,-39.677801,-16.929152176203473
617.0,6.0,-110.34025302674881,-168.834621,-94.337309,-35.43772582301335
617.0,12.0,-113.53000167854587,-166.949618,-90.353888,-38.62747447481041
617.0,13.0,-74.78354141645046,54.554964,38.324748,0.11898578728499842
617.0,17.0,-107.77520289739954,-164.570928,-112.241492,-32.87267569366408
617.0,19.0,-123.15191767569446,-217.925922,-141.786998,-48.249390471959
617.0,24.0,-132.02224905417015,-174.956679,-119.166751,-57.119721850434686
617.0,28.0,-86.63008852369978,-170.837301,-68.607581,-11.727561319964323
618.0,2.0,-91.95837244514689,-115.466141,-39.727647,-17.247890013143987
618.0,6.0,-109.67278220741328,-184.027653,-93.900768,-34.96229977541037
618.0,12.0,-113.24037626077843,-155.706045,-89.579041,-38.52989382877553
618.0,13.0,-74.26520637204432,19.445471,37.786013,0.4452760599585872
618.0,14.0,-73.6476260738841,-74.987461,-36.930198,1.0628563581188075
618.0,17.0,-107.85814395073163,-146.616332,-111.348691,-33.147661518728725
618.0,19.0,-121.81447682858065,-212.856941,-140.747629,-47.10399439657775
618.0,24.0,-131.7507374167304,-181.35793,-118.330583,-57.0402549847275
618.0,28.0,-85.65391704889787,-195.848624,-68.209351,-10.943434616894962
619.0,6.0,-109.83494502551727,-227.975595,-93.469288,-36.80032148184837
619.0,14.0,-73.35327119719145,-90.885862,-36.676802,-0.31864765352254665
619.0,15.0,-83.65689831792662,112.405596,17.707903,-10.622274774257718
619.0,17.0,-108.20922732382259,-211.897435,-110.899886,-35.17460378015369
619.0,19.0,-122.77343546478079,-234.958513,-140.19616,-49.73881192111189
619.0,24.0,-132.0064879516302,-223.093288,-117.902006,-58.97186440796129
619.0,28.0,-87.16796042436411,-194.659927,-67.850323,-14.13333688069521
620.0,2.0,-88.38163336539786,-78.329506,-39.358753,-14.396382622572773
620.0,6.0,-110.65183920715553,-163.642293,-93.159447,-36.666588464330445
620.0,12.0,-112.63010812493607,-144.473782,-89.198846,-38.644857382110985
620.0,13.0,-73.76049806029745,42.222934,37.653108,0.2247526825276367
620.0,17.0,-107.60005475601947,-149.295027,-110.562454,-33.61480401319439
620.0,19.0,-124.20752779008923,-184.433591,-139.799329,-50.22227704726414
620.0,24.0,-132.16058523431002,-167.663743,-117.617903,-58.17533449148493
620.0,28.0,-87.27372723823153,-139.969804,-67.566807,-13.288476495406442
621.0,2.0,-91.47200208491986,-7.315365,-39.156182,-25.61105820457297
621.0,6.0,-110.74775996131346,5.375927,-92.786798,-44.88681608096657
621.0,12.0,-114.96582979496024,-33.575413,-89.197437,-49.10488591461335
621.0,17.0,-106.8328496326347,-4.419163,-110.212731,-40.97190575228781
621.0,19.0,-124.31186965705764,-21.984038,-139.42052,-58.45092577671075
621.0,24.0,-132.35016357471548,-22.242984,-117.423383,-66.48921969436859
621.0,28.0,-87.63461928818735,15.275493,-67.188665,-21.773675407840457
622.0,2.0,-92.44152845233414,-8.063928,-38.784822,-25.548425551091768
622.0,6.0,-110.54957193236358,-58.079106,-92.402802,-43.656469031121205
622.0,12.0,-117.37491974800118,-63.470136,-89.516591,-50.481816846758804
622.0,14.0,-72.90133402738438,34.054116,-35.727521,-6.008231126142007
622.0,17.0,-108.86514376017843,-60.353012,-110.113517,-41.972040858936055
622.0,19.0,-127.06225922784321,-70.564469,-139.318345,-60.16915632660084
622.0,24.0,-132.49763655035264,-70.20784,-117.466583,-65.60453364911027
622.0,28.0,-86.51673296107496,-43.597157,-66.818167,-19.623630059832593
623.0,2.0,-92.42336567702456,-82.230854,-39.256234,-19.732958214389143
623.0,6.0,-109.94693846319167,-85.072603,-92.974626,-37.25653100055625
623.0,12.0,-116.52048291661602,-101.377114,-89.515841,-43.8300754539806
623.0,13.0,-71.97107456771624,146.471123,37.732707,0.7193328949191766
623.0,15.0,-85.1965890439343,69.276899,17.547513,-12.506181581298875
623.0,17.0,-110.38686514911886,-97.31836,-110.401986,-37.69645768648344
623.0,19.0,-126.33381920875262,-98.724011,-139.713955,-53.643411746117195
623.0,24.0,-132.69452568109,-100.251781,-117.73416,-60.00411821845458
623.0,28.0,-85.2374100760908,-66.057709,-67.225966,-12.547002613455376
624.0,2.0,-92.32895105373679,-6.284939,-39.930058,-22.271791113058853
624.0,6.0,-109.58593271703485,-8.720498,-92.460544,-39.52877277635692
624.0,12.0,-116.09862405604407,-7.236798,-87.769328,-46.04146411536614
624.0,17.0,-112.16288482041996,-21.753111,-108.410458,-42.10572487974203
624.0,19.0,-128.21370778991977,-15.818758,-137.569291,-58.15654784924183
624.0,24.0,-133.03209847238477,-18.23512,-116.173659,-62.97493853170684
624.0,28.0,-86.82953927942744,16.788458,-66.551811,-16.772379338749502
625.0,2.0,-92.3485039735978,-9.216996,-37.783783,-17.29812303471411
625.0,6.0,-109.0819298945486,-21.12862,-88.074353,-34.0315489556649
625.0,12.0,-113.78111186479815,-0.171527,-85.819439,-38.73073092591446
625.0,13.0,-71.33220195402411,86.569922,34.889276,3.718178984859577
625.0,15.0,-84.29997033376686,4.347731,15.360576,-9.249589394883174
625.0,17.0,-112.25465830103157,-30.719681,-103.858187,-37.20427736214788
625.0,19.0,-128.7165150880761,-26.972251,-132.2162,-53.666134149192416
625.0,24.0,-132.57129678613475,-32.050597,-112.529439,-57.52091584725106
625.0,28.0,-86.56612188512061,-7.852337,-62.777263,-11.515740946236917
626.0,2.0,-94.40918965252096,-7.941615,-35.901305,-21.828105804227903
626.0,6.0,-112.85405703479607,-91.988501,-82.823656,-40.27297318650301
626.0,12.0,-114.37688431879847,-92.150781,-78.780738,-41.79580047050541
626.0,13.0,-71.83300314862758,0.932848,32.149901,0.7480806996654792
626.0,14.0,-75.66103219884991,-11.520642,-32.003596,-3.0799483505568475
626.0,15.0,-86.10009245889371,-19.764882,14.673478,-13.51900861060065
626.0,17.0,-111.87257886671578,-91.972606,-96.927795,-39.29149501842272
626.0,19.0,-128.5919932150268,-87.380771,-123.151873,-56.01090936673374
626.0,24.0,-132.15090716335718,-94.156421,-104.192147,-59.56982331506411
626.0,28.0,-84.70250811233645,-9.801112,-59.418552,-12.121424264043384
627.0,2.0,-96.15751533663666,-2.050881,-37.131064,-24.90391126276245
627.0,6.0,-113.02048343732429,-87.139335,-84.68908,-41.76687936345007
627.0,12.0,-115.07199821784867,-64.247864,-84.301011,-43.81839414397446
627.0,14.0,-74.64386916756133,-16.472357,-30.277353,-3.3902650936871197
627.0,15.0,-87.61905434669845,-58.913047,12.891548,-16.365450272824233
627.0,17.0,-108.7056416398313,-86.867052,-98.948635,-37.452037565957085
627.0,19.0,-127.88320113474771,-87.232503,-127.141985,-56.62959706087349
627.0,24.0,-131.65465871092673,-91.190488,-109.927986,-60.40105463705251
627.0,28.0,-85.98569334167858,-23.213249,-59.010146,-14.73208926780437
628.0,2.0,-100.31506772918017,-79.802252,-27.420088,-28.76106603456016
628.0,6.0,-113.08857741456036,-153.381758,-64.197568,-41.53457571994035
628.0,12.0,-113.87107543652766,-117.060733,-71.003355,-42.31707374190765
628.0,14.0,-74.0164296451081,-91.561154,-19.401539,-2.4624279504880917
628.0,15.0,-85.26996954636488,-94.452878,8.077798,-13.715967851744864
628.0,17.0,-108.50576952339439,-126.507151,-76.809557,-36.95176782877438
628.0,19.0,-127.78738496719443,-150.207265,-100.096498,-56.233383272574414
628.0,24.0,-132.0180579578819,-154.74124,-89.396357,-60.46405626326188
628.0,28.0,-87.11937849007475,-92.177371,-42.713985,-15.565376795454739
629.0,2.0,-99.78434686496597,-65.199979,-26.09882,-30.645946532750273
629.0,6.0,-113.51410139722076,-126.930903,-65.176197,-44.37570106500506
629.0,12.0,-115.75006958833451,-116.706213,-67.409494,-46.611669256118816
629.0,14.0,-72.80381969962643,-66.388877,-23.583474,-3.6654193674107347
629.0,17.0,-107.75385559220767,-105.283333,-79.835384,-38.615455259991975
629.0,19.0,-129.1865381028986,-126.286,-101.190203,-60.0481377706829
629.0,24.0,-132.7390073345876,-133.150339,-86.173203,-63.6006070023719
629.0,28.0,-90.172586849104,-76.715728,-46.534868,-21.034186516888298
630.0,2.0,-95.64453847839148,-59.077698,-8.75293,-25.569493025837588
630.0,6.0,-113.30603070152137,-98.580417,-34.01031,-43.23098524896747
630.0,12.0,-115.71291875587158,-86.983355,-47.359348,-45.63787330331769
630.0,13.0,-70.14543096605134,57.865663,23.613282,-0.07038551349744182
630.0,14.0,-72.07035888373578,-37.601314,-8.773013,-1.9953134311818843
630.0,17.0,-111.11440038238615,-100.451486,-49.74325,-41.03935492983226
630.0,19.0,-127.32844050354096,-105.231097,-62.51128,-57.253395050987066
630.0,24.0,-132.67497084358223,-105.330167,-54.481664,-62.599925391028336
630.0,28.0,-90.9063138918033,-42.591008,-23.860093,-20.8312684392494
631.0,2.0,-94.76777273955868,7.524592,-8.224819,-22.630324229481815
631.0,6.0,-110.47468545160136,-38.665019,-22.743354,-38.337236941524495
631.0,12.0,-117.41415822595273,-48.255728,-40.150122,-45.27670971587587
631.0,15.0,-85.98362729690861,-23.089109,-0.802643,-13.846178786831743
631.0,17.0,-105.26396573564176,-24.866937,-30.95748,-33.126517225564896
631.0,19.0,-125.57379332720646,-50.043644,-43.276676,-53.436344817129594
631.0,24.0,-126.91166082666713,-44.279306,-44.507081,-54.774212316590265
631.0,28.0,-86.98395265916866,-20.960572,-10.833852,-14.8465041490918
632.0,2.0,-94.0878090828556,-53.471415,-20.950961,-22.903367265805826
632.0,6.0,-113.39954415049701,-93.120622,-38.032026,-42.215102333447234
632.0,12.0,-118.20969709178478,-99.660915,-43.942331,-47.025255274735
632.0,13.0,-73.6727229178457,37.474661,8.01891,-2.4882811007959305
632.0,14.0,-72.30186680941561,15.069557,-7.079416,-1.1174249923658408
632.0,15.0,-86.15034277322387,-45.257595,-3.13581,-14.965900956174096
632.0,17.0,-105.77382314966866,-51.877788,-39.215361,-34.589381332618885
632.0,19.0,-129.4631146005399,-97.485152,-55.766057,-58.27867278349014
632.0,24.0,-126.955220395984,-94.887648,-55.763627,-55.77077857893423
632.0,28.0,-86.69002707898642,-47.027189,-20.641489,-15.505585261936645
633.0,2.0,-94.43666732026759,-69.307423,-17.211025,-28.836578707396754
633.0,6.0,-113.6271406218181,-78.584425,-30.074657,-48.027052008947265
633.0,12.0,-116.85241953943074,-84.404312,-31.220064,-51.25233092655991
633.0,13.0,-73.09614111890956,71.328136,5.144391,-7.496052506038723
633.0,17.0,-107.7333480096839,-33.29367,-29.720348,-42.13325939681306
633.0,19.0,-131.21954067138435,-63.407211,-41.983423,-65.61945205851352
633.0,24.0,-126.62063029289841,-68.952658,-41.138771,-61.02054168002758
633.0,28.0,-88.01333905006676,-40.76721,-17.081996,-22.413250437195927
634.0,2.0,-93.83601899080075,-87.922791,-10.394181,-26.52707095256703
634.0,6.0,-113.61160582956659,-114.867979,-17.679286,-46.30265779133286
634.0,12.0,-115.50593652747335,-66.097943,-32.686322,-48.19698848923963
634.0,13.0,-73.3449538798978,50.517102,3.280172,-6.036005841664078
634.0,17.0,-109.8069005468161,-84.86417,-18.711487,-42.49795250858237
634.0,19.0,-131.196433155228,-101.616511,-30.594418,-63.88748511699427
634.0,24.0,-132.8005145372907,-127.236187,-36.894445,-65.49156649905697
634.0,28.0,-85.86854041026935,-53.366557,-4.511629,-18.559592372035624
635.0,2.0,-98.36841269701301,41.726485,48.88492,-20.158137010882342
635.0,6.0,-110.62179422512902,-53.495502,28.305802,-32.41151853899835
635.0,12.0,-116.06825092462171,-16.866574,-43.725336,-37.857975238491036
635.0,13.0,-75.60478232445065,36.165235,51.35785,2.6054933616800184
635.0,17.0,-112.63976044606876,-69.426288,-25.31274,-34.42948475993809
635.0,19.0,-130.03875111482571,-71.018654,-21.930349,-51.82847542869504
635.0,24.0,-133.93897197775857,-74.649377,-17.465353,-55.7286962916279
635.0,28.0,-91.77097866232268,-45.570486,15.741995,-13.560702976192005
636.0,2.0,-101.02768784223592,70.841362,61.279297,-20.800519504152305
636.0,6.0,-111.40871816426751,-11.719744,45.819601,-31.181549826183897
636.0,12.0,-116.82133578506617,30.559914,-60.378701,-36.59416744698255
636.0,15.0,-92.33627501970734,-18.008201,13.995161,-12.109106681623729
636.0,17.0,-108.47674855119186,-1.023937,-15.20591,-28.249580213108246
636.0,19.0,-128.43621847222437,-16.298919,-14.647462,-48.20905013414075
636.0,24.0,-133.7607987892202,-22.066122,-23.625135,-53.533630451136574
636.0,28.0,-87.30456363867418,96.212183,36.594083,-7.077395300590567
637.0,2.0,-100.72200404342881,25.827269,2.810631,-22.65338216616088
637.0,6.0,-109.5112920667522,-27.146398,-35.020617,-31.442670189484275
637.0,12.0,-117.17669737540544,3.233572,-55.421815,-39.10807549813751
637.0,13.0,-73.42371118296701,63.990836,43.788664,4.644910694300918
637.0,14.0,-80.18114473058253,-22.699357,-13.487361,-2.1125228533146014
637.0,15.0,-87.81873737904552,-4.288586,25.187732,-9.750115501777586
637.0,17.0,-109.9548547244289,-44.437826,-68.208112,-31.88623284716097
637.0,19.0,-126.28229190745363,-47.279106,-78.017852,-48.213670030185696
637.0,24.0,-132.76331275493348,-46.405111,-58.852646,-54.69469087766555
637.0,28.0,-91.60976752504106,-10.981283,-31.928696,-13.541145647773135
638.0,2.0,-99.65752596864182,-30.859393,-23.376814,-24.333323408595945
638.0,6.0,-113.35738848422041,-80.588097,-50.18589,-38.03318592417453
638.0,12.0,-119.99301419678254,-23.921713,-41.378529,-44.66881163673666
638.0,13.0,-75.14268408248677,-39.33988,16.750309,0.18151847755910921
638.0,14.0,-73.86196601969796,-45.024385,-21.804109,1.4622365403479165
638.0,15.0,-87.57499462414383,-78.788494,9.134481,-12.25079206409795
638.0,17.0,-110.8283579751771,-91.044884,-55.714368,-35.50415541513122
638.0,19.0,-128.18101150816975,-69.94312,-70.307128,-52.85680894812387
638.0,24.0,-132.46704794513536,-83.419253,-57.771574,-57.14284538508949
638.0,28.0,-89.83380703601865,-32.762373,-36.903656,-14.509604475972779
639.0,2.0,-96.73666457452397,-89.307099,-41.239329,-21.78905175992179
639.0,6.0,-113.34269695909329,-119.550584,-56.194006,-38.39508414449111
639.0,12.0,-120.67028853188206,-38.024963,-27.773518,-45.722675717279884
639.0,13.0,-75.4928165514185,-90.314347,-6.413006,-0.545203736816319
639.0,14.0,-74.99166160477324,-22.249712,-24.437217,-0.044048790171061114
639.0,15.0,-86.69331516003696,-91.629785,-5.526933,-11.745702345434779
639.0,17.0,-108.25071843613154,-60.322632,-39.550431,-33.303105621529355
639.0,19.0,-126.93575380346503,-102.819832,-56.928762,-51.98814098886285
639.0,24.0,-126.99893238806091,-108.767925,-52.168369,-52.05131957345873
639.0,28.0,-87.69436608445629,-47.876069,-35.594629,-12.74675326985411
640.0,2.0,-96.37919287002065,-19.400305,-55.328115,-25.436641620772676
640.0,6.0,-112.98051342716126,-48.630087,-64.339543,-42.037962177913286
640.0,12.0,-121.05003706027279,-59.567011,-38.008767,-50.107485811024816
640.0,14.0,-75.61272703741008,39.207225,-18.721502,-4.670175788162112
640.0,17.0,-112.6415810436623,-18.530025,-34.815066,-41.69902979441433
640.0,19.0,-132.04461231730792,-40.470996,-60.40972,-61.10206106805995
640.0,24.0,-126.9325128611406,-31.574562,-67.277237,-55.989961611892625
640.0,28.0,-87.60680040674985,-1.969279,-31.675473,-16.664249157501885
641.0,2.0,-95.73433160156644,-3.547025,-38.351034,-23.332285403360174
641.0,6.0,-114.02141634360102,-30.786306,-55.840275,-41.619370145394754
641.0,12.0,-120.93873516277607,-38.782115,-49.186177,-48.536688964569805
641.0,17.0,-114.55530681432946,-1.261914,-45.343652,-42.15326061612319
641.0,19.0,-132.01508913613083,-18.307038,-68.246545,-59.61304293792456
641.0,24.0,-128.57120393163075,-20.968381,-70.180146,-56.169157733424484
641.0,28.0,-90.54529875948165,3.487662,-29.56496,-18.14325256127539
642.0,2.0,-97.59089062700207,-36.569938,-39.576196,-23.849285153088587
642.0,6.0,-115.49810295826249,-48.13982,-56.516714,-41.75649748434901
642.0,12.0,-120.71145943426605,-38.803001,-48.047888,-46.969853960352566
642.0,17.0,-115.73553434433181,-12.869209,-44.646616,-41.99392887041833
642.0,19.0,-132.22458673959142,-31.794769,-67.623677,-58.482981265677935
642.0,24.0,-133.97406201202492,-53.081218,-69.687754,-60.232456538111435
642.0,28.0,-90.64348531375941,-4.087641,-29.925651,-16.901879839845932
643.0,2.0,-97.749918664684,-39.715271,-41.094649,-24.085555227658432
643.0,6.0,-115.25486409855814,-42.468421,-57.564278,-41.59050066153257
643.0,12.0,-120.50455120121576,-37.252017,-47.019429,-46.84018776419019
643.0,17.0,-114.24825587739586,-11.853913,-44.174073,-40.58389244037029
643.0,19.0,-130.38059506227344,-35.473253,-67.326171,-56.71623162524787
643.0,24.0,-133.7234501449447,-48.767753,-69.48101,-60.059086707919136
643.0,28.0,-89.77264274452374,-7.60429,-30.531977,-16.108279307498165
644.0,2.0,-96.77091468320695,-19.15586,-38.068712,-21.395681938428595
644.0,6.0,-113.51645378766645,-31.707896,-59.349675,-38.14122104288809
644.0,12.0,-121.83006317642268,-30.303008,-47.826949,-46.454830431644325
644.0,14.0,-76.22569452125386,38.253557,-19.059203,-0.8504617764754983
644.0,17.0,-114.87122644841308,-39.422768,-51.38541,-39.495993703634724
644.0,19.0,-129.67449033953696,-25.809833,-73.068505,-54.2992575947586
644.0,24.0,-132.3306653186019,-40.328763,-69.943259,-56.95543257382353
644.0,28.0,-91.4607202494599,0.191442,-35.305516,-16.085487504681538
645.0,2.0,-96.52859897048862,-27.829973,-38.314524,-22.113038310934556
645.0,6.0,-112.3559194593155,-26.611414,-59.28539,-37.94035879976144
645.0,12.0,-121.71393110270067,-27.444449,-46.589889,-47.29837044314661
645.0,14.0,-77.04289913549884,41.440616,-19.511748,-2.627338475944782
645.0,17.0,-113.63316383257462,-32.928521,-50.79742,-39.217603173020564
645.0,19.0,-130.17813157000552,-22.211071,-72.210033,-55.76257091045146
645.0,24.0,-132.47392775192287,-37.48822,-68.88647,-58.05836709236881
645.0,28.0,-90.15100035045378,9.638869,-35.462388,-15.735439690899724
646.0,2.0,-96.63731680788963,-24.944166,-38.404872,-21.30143447750767
646.0,6.0,-111.64030034759132,-25.114057,-59.692078,-36.30441801720936
646.0,12.0,-121.89351886365237,-25.183787,-46.358214,-46.55763653327041
646.0,14.0,-77.55578043998948,16.198137,-20.078212,-2.219898109607513
646.0,15.0,-86.19185070268655,6.79425,-4.144181,-10.855968372304588
646.0,17.0,-111.82359344660931,-14.102857,-51.317119,-36.487711116227345
646.0,19.0,-128.88192247509045,-15.862342,-72.619438,-53.546040144708485
646.0,24.0,-132.05350719150934,-35.566217,-68.817905,-56.717624861127376
646.0,28.0,-88.91007498826566,-5.353045,-36.04916,-13.5741926578837
647.0,2.0,-96.21470453449577,2.233729,-38.653322,-21.879900390269157
647.0,6.0,-111.08978151945102,15.319728,-59.850434,-36.75497737522441
647.0,12.0,-120.10505958730242,-45.386695,-45.938364,-45.77025544307581
647.0,13.0,-72.23490582328769,147.913691,2.606024,2.0998983209389195
647.0,14.0,-78.48883422075123,15.128257,-20.335483,-4.15403007652462
647.0,15.0,-87.7875628883128,34.22506,-4.147542,-13.452758744086196
647.0,17.0,-108.90278984632997,96.845192,-51.186514,-34.56798570210336
647.0,19.0,-129.1357829609916,-9.518226,-72.437529,-54.800978816764996
647.0,24.0,-133.10953054516492,-12.659654,-68.54947,-58.774726400938306
647.0,28.0,-91.11605439083847,-2.145041,-36.219161,-16.78125024661186
648.0,2.0,-96.16567331507342,-2.360921,-38.865671,-21.55736734912857
648.0,6.0,-112.12147070964522,4.632016,-60.143736,-37.51316474370037
648.0,12.0,-120.37487724321765,-42.496199,-45.973629,-45.7665712772728
648.0,14.0,-78.73352875691792,17.667054,-20.523591,-4.125222790973069
648.0,15.0,-88.02658397971126,57.010062,-4.110038,-13.418278013766411
648.0,17.0,-108.96734535491142,105.546191,-51.380273,-34.359039388966565
648.0,19.0,-128.94603487431934,-8.968062,-72.682729,-54.33772890837449
648.0,24.0,-133.02448019339866,-17.612305,-68.713333,-58.41617422745381
648.0,28.0,-91.0006604587687,-6.228958,-36.443141,-16.392354492823856
649.0,2.0,-95.92929529971316,-37.78032,-38.803379,-22.105209951064367
649.0,6.0,-111.57951185948524,-35.445256,-60.140157,-37.75542651083644
649.0,12.0,-120.8102282542799,-29.839502,-46.172613,-46.98614290563111
649.0,14.0,-78.6311020233231,-8.165551,-20.444363,-4.807016674674301
649.0,17.0,-113.66624825503762,-41.211392,-51.477921,-39.84216290638882
649.0,19.0,-130.11522656025784,-41.645887,-72.81252,-56.291141211609045
649.0,24.0,-133.584555394463,-45.645713,-68.860488,-59.7604700458142
649.0,28.0,-91.47968028032226,-0.616088,-36.411045,-17.655594931673463
650.0,2.0,-98.14259581144819,-25.494823,-38.586532,-22.758254557300106
650.0,6.0,-111.20144949025051,-20.559676,-59.980284,-35.81710823610243
650.0,12.0,-121.40212472881173,-25.57508,-46.466428,-46.017783474663645
650.0,14.0,-78.5401149517355,20.997005,-20.226311,-3.1557736975874207
650.0,17.0,-115.06232336902201,-34.219265,-51.539576,-39.67798211487393
650.0,19.0,-130.64284000380843,-29.411671,-72.894344,-55.25849874966035
650.0,24.0,-134.40954839478098,-35.036118,-69.003782,-59.0252071406329
650.0,28.0,-91.54348042151538,3.399276,-36.249098,-16.1591391673673
