515.0,2.0,29.07004895024417,48.887622,3.901446,-9.490684903918122
515.0,6.0,13.990964539257183,14.672069,0.675603,-24.56976931490511
515.0,12.0,4.348474047826653,-2.475752,-14.245376,-34.21225980633564
515.0,13.0,43.46546318581496,37.803745,5.989189,4.904729331652668
515.0,14.0,39.24187086491204,-7.825549,5.916146,0.6811370107497439
515.0,15.0,31.76628612686155,33.846884,-0.786217,-6.794447727300742
515.0,17.0,7.610425286107304,-14.909345,-6.09413,-30.95030856805499
515.0,19.0,-2.1455970405824347,-11.229287,-8.932877,-40.70633089474473
515.0,24.0,2.608307366521339,-14.801848,-11.708181,-35.952426487640956
515.0,28.0,27.558501300287077,-2.82777,2.603578,-11.002232553875217
516.0,2.0,30.14788296588369,37.921806,-7.220425,-13.804910281634797
516.0,6.0,15.294405509879377,4.849894,-9.629785,-28.65838773763911
516.0,12.0,4.724626628221127,5.652976,-14.598919,-39.228166619297355
516.0,13.0,42.200812774569606,9.747784,-1.353744,-1.7519804729488797
516.0,14.0,44.011723147056735,-10.985247,1.371093,0.05892989953824923
516.0,15.0,31.184093529033056,64.872997,-5.56378,-12.76869971848543
516.0,17.0,12.44896303969293,3.231098,-7.85611,-31.503830207825555
516.0,19.0,2.4292127391409086,-14.184463,-14.09135,-41.52358050837758
516.0,24.0,3.8011320981386683,-17.452151,-17.906029,-40.15166114937982
516.0,28.0,32.10706895742088,-8.296959,-2.535573,-11.845724290097607
517.0,2.0,29.78060190266676,15.421912,-14.717398,-6.683400854540373
517.0,6.0,14.649216617370639,-32.673673,-15.770597,-21.814786139836492
517.0,12.0,4.655957490021643,-37.445631,-19.457663,-31.80804526718549
517.0,13.0,43.88272785151973,9.431442,-6.988718,7.418725094312599
517.0,14.0,41.14061443455161,-17.399547,1.879208,4.676611677344475
517.0,15.0,32.68374932645099,51.738531,-11.661653,-3.78025343075614
517.0,24.0,3.57815239181875,-33.907879,-25.936721,-32.885850365388386
517.0,28.0,28.465827310504494,-29.715554,-3.214302,-7.998175446702639
518.0,2.0,29.9321637772467,-51.583394,-22.756496,-4.4446968691981255
518.0,6.0,14.695441483790647,-42.433136,-33.297991,-19.68141916265418
518.0,12.0,4.692643875646468,-52.326267,-29.664626,-29.684216770798358
518.0,13.0,43.81885344943709,6.038533,-1.707037,9.441992802992267
518.0,14.0,41.79929897702311,-17.116773,-8.432951,7.422438330578288
518.0,15.0,32.620176252785335,-17.283083,-7.205228,-1.7566843936594907
518.0,24.0,3.6005911820397727,-59.585248,-42.826703,-30.776269464405054
518.0,28.0,29.124786436263804,-2.894197,-17.982154,-5.252074210181021
519.0,2.0,30.518743944994213,-54.413315,-20.275438,-7.345854881452077
519.0,6.0,15.122346173135455,-63.581683,-36.46308,-22.742252653310835
519.0,12.0,4.877233043783582,-49.445774,-39.055449,-32.98736578266271
519.0,13.0,43.59403306498333,3.466482,5.799985,5.7294342385370385
519.0,14.0,43.476955869326424,-45.949309,-8.955604,5.612357042880134
519.0,15.0,32.39562936586496,-10.104611,-3.53273,-5.468969460581327
519.0,24.0,3.866806856678819,-66.74391,-51.805854,-33.99779196976747
519.0,28.0,30.834982585450568,38.069321,-21.387635,-7.029616240995722
520.0,2.0,30.764430262440627,-45.877687,-19.570493,-8.246761607681691
520.0,6.0,15.452661600003399,-49.385101,-35.777594,-23.55853027011892
520.0,12.0,4.935071455701379,-23.852035,-38.472226,-34.07612041442094
520.0,14.0,44.423462336765816,-34.64418,-8.934011,5.412270466643498
520.0,15.0,31.92516231298555,-1.601067,-3.02303,-7.086029557136769
520.0,24.0,4.02943333016532,-53.905621,-50.891107,-34.981758539957
521.0,2.0,30.461528150654793,-61.696191,-20.724959,-8.930846690021411
521.0,6.0,15.17359435709327,-55.361714,-36.768054,-24.218780483582933
521.0,12.0,4.91929209221658,-62.519288,-39.752691,-34.473082748459625
521.0,13.0,43.046341129253,13.09449,5.435447,3.6539662885767967
521.0,14.0,44.12584700124706,-36.036346,-8.610965,4.733472160570855
521.0,15.0,31.811564618076595,-18.688108,-4.116033,-7.5808102225996095
521.0,19.0,2.4654244814707345,-21.152836,-52.983498,-36.92695035920547
521.0,24.0,3.9253191977469175,-72.90043,-52.610969,-35.46705564292929
521.0,28.0,31.92978482518486,71.823059,-21.183362,-7.462590015491344
522.0,2.0,23.388248458200017,17.248682,-23.135753,-6.993076920237062
522.0,6.0,10.796171537460854,7.261801,-38.051257,-19.585153840976226
522.0,12.0,4.007939660723322,-15.608759,-36.021728,-26.37338571771376
522.0,14.0,36.39914080262166,-3.213124,-10.528662,6.01781542418458
522.0,15.0,25.237302291557555,2.027857,-4.694938,-5.144023086879525
522.0,19.0,-3.5262775899071825,-28.148891,-50.998101,-33.907602968344264
522.0,24.0,1.444778193477512,-27.022177,-50.213839,-28.93654718495957
523.0,2.0,26.621952349410996,-35.62797,-22.457653,-9.224251686523779
523.0,6.0,12.90564417746529,-23.086754,-36.373191,-22.940559858469484
523.0,12.0,4.304911009136168,-47.30289,-27.917197,-31.541293026798606
523.0,14.0,40.35472491952506,-26.123007,-13.439673,4.508520883590286
523.0,15.0,28.276070850149623,-35.551161,-2.297047,-7.570133185785153
523.0,17.0,10.316345718092125,-22.55346,-32.875046,-25.529858317842653
523.0,19.0,-1.18534009028884,-68.052496,-45.53746,-37.031544126223615
523.0,24.0,1.9539622066101954,-57.005621,-42.23868,-33.89224182932458
523.0,28.0,30.14467779581559,18.002411,-23.277318,-5.701526240119186
524.0,2.0,30.10520261554482,-36.166978,-27.52361,-6.352222593772417
524.0,6.0,15.463656369383783,-24.833199,-36.897585,-20.993768839933452
524.0,12.0,4.689273396500086,-51.001687,-26.338268,-31.768151812817152
524.0,15.0,31.26174028568599,-38.746408,-8.72297,-5.195684923631248
524.0,17.0,13.207556825863522,-13.712218,-26.525477,-23.249868383453716
524.0,19.0,2.672753440844293,-46.834584,-40.935425,-33.78467176847295
524.0,24.0,3.8746267321743275,-30.550464,-42.062033,-32.58279847714291
524.0,28.0,32.801299266161216,25.679877,-20.218257,-3.6561259431560202
525.0,2.0,30.651038607627996,-73.559448,-23.869448,-8.898053996406794
525.0,6.0,15.912530996340474,-34.646658,-34.096236,-23.63656160769432
525.0,12.0,4.619998679307869,-61.675958,-30.753319,-34.92909392472692
525.0,17.0,13.378412758031734,-41.196399,-27.484313,-26.170679846003054
525.0,19.0,2.8881581007321357,-76.422043,-42.110918,-36.660934503302656
525.0,24.0,4.050427591172311,-49.684583,-44.269078,-35.49866501286248
525.0,28.0,32.936116970382415,-6.994798,-17.768545,-6.6129756336523755
526.0,2.0,28.47059830761433,-59.417197,-28.613453,-10.615084366739097
526.0,6.0,14.612276767943502,-48.73321,-32.882251,-24.473405906409926
526.0,12.0,4.400821048066227,-68.605247,-36.137531,-34.6848616262872
526.0,14.0,42.78443823547823,23.82222,-0.033644,3.6987555611247984
526.0,17.0,12.079935176771915,-35.200534,-19.566919,-27.005747497581513
526.0,19.0,1.6383022214491312,-69.652447,-38.318531,-37.4473804529043
526.0,24.0,3.1106240264507035,-75.266481,-49.652143,-35.97505864790273
526.0,28.0,31.913003556548027,-11.417822,-10.025786,-7.1726791178054015
527.0,2.0,29.512586606365275,-15.386893,-21.988496,-11.379551643594304
527.0,6.0,15.19814815606765,-8.709014,-24.885761,-25.69399009389193
527.0,12.0,4.524514470796843,-40.037001,-27.92633,-36.367623779162734
527.0,14.0,44.12383822081273,33.332013,0.539902,3.2316999708531498
527.0,17.0,13.116249600994866,-6.910474,-14.416641,-27.775888648964713
527.0,19.0,2.4251945464709768,-16.10605,-28.944275,-38.4669437034886
527.0,24.0,3.658780019506278,-20.068772,-38.160208,-37.2333582304533
527.0,28.0,32.76668197232508,34.221415,-7.094699,-8.125456277634498
528.0,2.0,32.23886166853112,-26.875524,-19.584986,-8.844461451125262
528.0,6.0,16.679779460531492,-0.541857,-26.77965,-24.403543659124892
528.0,12.0,5.49813465125242,-20.633272,-25.350199,-35.58518846840396
528.0,14.0,45.22108139785641,-3.601754,-4.996691,4.137758278200025
528.0,17.0,11.748946236300625,-0.082103,-20.569232,-29.33437688335576
528.0,19.0,3.1082758289293855,-10.452338,-32.820571,-37.975047290727
528.0,24.0,4.478936866383799,-33.639839,-36.001482,-36.60438625327259
528.0,28.0,32.41327358449362,40.576411,-12.804442,-8.670049535162761
529.0,2.0,30.965813833776977,-11.566461,-20.45924,-6.056925146511233
529.0,6.0,15.627357444522008,-28.819693,-27.612713,-21.3953815357662
529.0,12.0,5.2034934699953785,-34.692525,-23.570078,-31.81924551029283
529.0,14.0,42.763381724766944,42.156932,-6.389875,5.740642744478734
529.0,17.0,9.435802175691155,-3.370495,-20.51751,-27.586936804597055
529.0,19.0,1.6613163375463973,-19.802706,-32.455535,-35.361422642741815
529.0,24.0,4.030732880112293,-40.668231,-34.87851,-32.992006100175914
529.0,28.0,30.109931638726835,-3.481248,-13.879321,-6.9128073415613756
530.0,2.0,27.37869349852231,-3.515368,-18.916267,-3.207489948044504
530.0,6.0,13.156443792709679,-40.8668,-28.482941,-17.429739653857133
530.0,12.0,3.885000071989677,-44.846499,-25.276016,-26.701183374577138
530.0,17.0,8.380236398030263,-10.525446,-24.312973,-22.20594704853655
530.0,19.0,0.8987393979785234,-38.738263,-35.918782,-29.68744404858829
530.0,24.0,2.5836693300785125,-51.382635,-36.370747,-28.0025141164883
530.0,28.0,28.769098014249693,-1.092779,-15.857962,-1.8170854323171213
531.0,6.0,12.495205837206791,-16.234051,-27.912926,-15.7786201921816
531.0,12.0,3.646349245000475,-23.1489,-24.846508,-24.627476784387916
531.0,13.0,39.23124720273805,211.319111,-0.000986,10.957421173349655
531.0,17.0,8.305673905001653,-18.640438,-24.220746,-19.96815212438674
531.0,19.0,0.14082680320041152,-18.277592,-35.487684,-28.13299922618798
531.0,24.0,2.2838403901601136,-19.700473,-35.646761,-25.98998563922828
531.0,28.0,28.868003811229407,23.402614,-15.751561,0.5941777818410152
532.0,6.0,12.935071599981315,10.913747,-27.048321,-16.099745003279367
532.0,12.0,3.8603140067015125,13.686732,-24.173555,-25.17450259655917
532.0,15.0,28.56367060440104,-24.640438,-3.319012,-0.47114599885964026
532.0,17.0,8.667023159933715,5.168585,-24.604486,-20.367793443326967
532.0,19.0,0.7471462520048389,8.829406,-35.17601,-28.28767035125584
532.0,24.0,2.5091847290094416,2.489339,-34.45147,-26.52563187425124
532.0,28.0,29.202197944760563,41.859408,-15.925316,0.16738134149988326
533.0,6.0,13.938440730356527,9.415396,-27.031917,-17.983844333109545
533.0,12.0,4.337015642832508,9.356659,-24.457017,-27.585269420633566
533.0,13.0,41.70605796768352,71.362579,1.788965,9.783772904217447
533.0,15.0,29.759336497885407,-1.003473,-2.999211,-2.162948565580667
533.0,17.0,9.918976713583472,-1.060913,-25.016872,-22.0033083498826
533.0,19.0,1.4950896349811336,4.330953,-35.544097,-30.42719542848494
533.0,24.0,3.1375342079897353,3.843898,-34.631114,-28.78475085547634
533.0,28.0,30.4944488259127,8.314057,-16.051121,-1.4278362375533753
534.0,6.0,14.379611706726967,6.033916,-26.892078,-21.696700262901807
534.0,12.0,4.53566741573096,1.627818,-24.876542,-31.540644553897817
534.0,13.0,42.388310473876935,2.564584,1.936649,6.311998504248159
534.0,14.0,42.51598881203403,17.455475,-7.681409,6.439676842405255
534.0,17.0,10.415681273544669,-5.712418,-25.065786,-25.660630696084105
534.0,19.0,1.8502169867558116,3.069228,-35.672918,-34.226094982872965
534.0,24.0,3.4634024410010644,0.346691,-34.916667,-32.61290952862771
534.0,28.0,30.895159156438986,13.674512,-15.841801,-5.18115281318979
535.0,2.0,29.65687495067216,83.693471,-16.524819,-11.509864698757305
535.0,6.0,14.898147054781818,3.991765,-26.854618,-26.26859259464765
535.0,12.0,4.779778856538785,3.127619,-25.177806,-36.38696079289068
535.0,13.0,43.214085595085514,10.040975,1.747954,2.0473459456560477
535.0,14.0,43.30587937226137,-0.232754,-7.387847,2.1391397228319065
535.0,17.0,10.959075913069318,-7.126576,-24.893176,-30.207663736360146
535.0,19.0,2.2812811038827974,-5.031393,-35.649996,-38.88545854554667
535.0,24.0,3.854553042115217,-1.660073,-35.1897,-37.312186607314246
535.0,28.0,31.315950702548804,0.185917,-15.587783,-9.850788946880662
536.0,6.0,15.164443759336512,-9.657876,-26.793595,-25.048190936966982
536.0,12.0,4.892061682769243,-9.172946,-25.483376,-35.32057301353425
536.0,13.0,43.732308387026144,-2.646272,1.702521,3.519673690722648
536.0,14.0,43.487378295346346,-8.66144,-7.137823,3.27474359904285
536.0,15.0,32.32641549558581,100.623965,-3.588323,-7.886219200717683
536.0,17.0,10.787420847371733,-14.917725,-24.825862,-29.42521384893176
536.0,19.0,2.4658912350077986,-10.703403,-35.689905,-37.7467434612957
536.0,24.0,3.9966883030120446,-15.950128,-35.436312,-36.21594639329145
536.0,28.0,31.146152645567348,-2.797628,-15.387616,-9.066482050736148
537.0,2.0,29.78639747625642,-20.386484,-16.809318,-10.585332434969395
537.0,6.0,15.11917897340453,-34.540535,-26.9996,-25.252550937821283
537.0,12.0,4.892171546960233,-34.913913,-25.506121,-35.47955836426558
537.0,13.0,43.27719923160418,90.239104,1.467244,2.9054693203783657
537.0,14.0,43.62187236791117,-36.223812,-7.173354,3.25014245668536
537.0,15.0,31.55200573544021,101.030595,-3.774216,-8.819724175785602
537.0,17.0,11.554723777008986,-40.816832,-24.775813,-28.817006134216825
537.0,19.0,2.4921382772546767,-38.655924,-35.739465,-37.87959163397114
537.0,24.0,3.9935981152642244,-44.759934,-35.582256,-36.378131795961586
537.0,28.0,31.745565758665123,-31.77848,-15.429626,-8.62616415256069
538.0,2.0,30.323052792312396,31.943322,-17.478463,-16.58417610076434
538.0,6.0,15.45469074682631,-7.653447,-27.553738,-31.452538146250426
538.0,12.0,5.029552067663513,-8.337547,-25.084269,-41.87767682541322
538.0,13.0,43.56430243300852,18.001619,0.954382,-3.342926460068213
538.0,14.0,44.31819494619144,-2.440314,-7.611405,-2.5890339468852943
538.0,17.0,12.328551759461533,-8.576227,-24.715275,-34.5786771336152
538.0,19.0,2.8632147778718284,-11.125278,-35.7524,-44.0440141152049
538.0,24.0,4.217599889851999,-16.189889,-35.533113,-42.68962900322474
538.0,28.0,32.35580315804564,-16.282527,-15.79983,-14.551425735031096
539.0,2.0,29.885785355142808,27.380189,-18.840855,-18.004207070393754
539.0,6.0,15.008064941238102,-28.690562,-28.030866,-32.88192748429846
539.0,12.0,4.835372455172883,-17.91238,-24.096304,-43.05461997036368
539.0,14.0,43.154244749356636,-21.862646,-7.768758,-4.735747676179926
539.0,17.0,10.58256568338035,1.326864,-23.496803,-37.30742674215621
539.0,19.0,2.3706035188833012,-33.576952,-34.762362,-45.51938890665326
539.0,24.0,3.950832158060228,-33.654904,-35.102192,-43.93916026747633
539.0,28.0,30.875959742400553,-21.822566,-15.66475,-17.01403268313601
540.0,2.0,30.63592904684456,-19.108976,-17.474462,-13.712529016764783
540.0,6.0,15.661858723630255,-50.696987,-29.376499,-28.68659933997909
540.0,12.0,5.171778629579639,-51.958153,-25.953327,-39.1766794340297
540.0,13.0,44.15098620386519,-32.533363,2.876325,-0.19747185974415515
540.0,14.0,44.1220803931852,-15.253937,-9.39042,-0.22637767042414225
540.0,15.0,32.83661345824475,-0.804696,-2.094024,-11.511844605364594
540.0,17.0,11.525783078850166,-52.013138,-27.852968,-32.822674984759175
540.0,19.0,2.9022339161724227,-54.383521,-38.829537,-41.44622414743692
540.0,24.0,4.281170643186497,-49.433778,-36.916927,-40.06728742042284
540.0,28.0,31.768862557154904,-25.427028,-18.115504,-12.579595506454439
541.0,2.0,26.73975564803176,-50.205222,-19.048394,-13.106392446306906
541.0,6.0,13.473210770403947,-69.027934,-27.785084,-26.37293732393472
541.0,12.0,4.340294008158102,-61.282436,-27.017772,-35.50585408618056
541.0,13.0,39.82168819716471,29.057796,-1.242667,-0.024459897173954914
541.0,14.0,40.71705178526887,-28.286024,-5.674864,0.8709036909302057
541.0,15.0,28.33568527931672,-13.428458,-6.834053,-11.510462815021945
541.0,17.0,10.776282256271475,-44.126129,-23.158449,-29.06986583806719
541.0,19.0,0.6752471473895135,-77.686192,-35.489481,-39.17090094694915
541.0,24.0,2.591257549970668,-73.971529,-37.65983,-37.254890544367996
541.0,28.0,30.748919676612985,-34.586306,-14.089986,-9.097228417725681
542.0,2.0,28.748336493324203,-22.963882,-22.267322,-6.9293901183689
542.0,6.0,14.50039532105789,-51.376311,-26.818407,-21.177331290635212
542.0,12.0,4.560359787380567,-41.34604,-22.837888,-31.117366824312537
542.0,13.0,42.542551741991694,27.196639,-7.54072,6.864825130298591
542.0,14.0,42.48314927442962,0.506127,-4.480953,6.805422662736518
542.0,15.0,30.516624025557817,7.136555,-11.176284,-5.161102586135286
542.0,17.0,10.568741017171973,-47.637515,-16.575732,-25.10898559452113
542.0,19.0,1.970102882565115,-46.927268,-29.243374,-33.70762372912799
542.0,24.0,3.5817801937338376,-53.205309,-34.295866,-32.09594641795927
542.0,28.0,30.994206940848628,-26.773986,-11.416465,-4.6835196708444755
543.0,2.0,29.983729328183145,-17.688718,-19.205713,-3.0215837480907837
543.0,6.0,15.183613035396398,-28.980869,-27.260994,-17.82170004087753
543.0,12.0,4.961198258354229,-30.552492,-27.083543,-28.0441148179197
543.0,13.0,43.85095439781875,3.941637,-2.0129,10.845641321544818
543.0,15.0,32.21694797798258,14.639138,-7.712346,-0.7883650982913508
543.0,17.0,10.989496916449847,-42.702056,-22.072489,-22.015816159824084
543.0,19.0,2.601129660184418,-47.824935,-34.589764,-30.40418341608951
543.0,24.0,4.089724006068683,-43.206084,-37.564943,-28.915589070205247
543.0,28.0,31.275928103379158,-2.189376,-13.170714,-1.7293849728947706
544.0,2.0,27.27492222379896,-14.950769,-14.299183,-4.243850327534595
544.0,6.0,13.471476677437176,-49.095384,-29.260865,-18.04729587389638
544.0,12.0,4.081772649993894,-42.843648,-35.678381,-27.43699990133966
544.0,13.0,40.92343261860428,31.282946,8.227912,9.404660067270726
544.0,14.0,40.870959617337,25.189963,-6.087162,9.352187066003445
544.0,15.0,28.989689794905736,-28.872594,-1.349301,-2.529082756427819
544.0,17.0,9.587066896446755,-27.944253,-33.246932,-21.931705654886798
544.0,19.0,1.1644781977216656,-56.285807,-45.857697,-30.35429435361189
544.0,24.0,2.830310534856485,-47.022149,-44.834843,-28.688462016477068
544.0,28.0,30.118204631682126,7.660122,-17.201739,-1.4005679196514293
545.0,2.0,29.135369489441324,-32.542369,-6.748909,-7.110763498255139
545.0,6.0,14.85862684896019,-64.719464,-20.904839,-21.38750613873627
545.0,12.0,4.73021114749676,-69.410492,-32.018212,-31.515921840199702
545.0,13.0,43.002211092222616,57.443567,11.682029,6.7560781045261535
545.0,14.0,42.956476478063074,-7.437753,-3.195407,6.710343490366611
545.0,15.0,30.94994275546489,-10.729498,1.650598,-5.296190232231574
545.0,17.0,11.107477541174548,-70.667624,-29.354154,-25.138655446521916
545.0,19.0,2.2893691771200353,-70.377765,-38.831894,-33.956763810576426
545.0,24.0,3.8430514554116266,-68.292034,-37.090945,-32.40308153228484
545.0,28.0,31.391539585862382,-24.832754,-12.936351,-4.85459340183408
546.0,2.0,29.571251040808704,-43.736222,-17.543434,-3.7413349132259768
546.0,6.0,15.314696264806066,-43.772455,-28.342148,-17.997889689228614
546.0,12.0,4.872025233945422,-50.952978,-30.415898,-28.44056072008926
546.0,13.0,42.82245411306946,60.838329,1.910675,9.50986815903478
546.0,17.0,12.942150301576357,-50.997228,-26.572851,-20.370435652458326
546.0,19.0,2.764360232193005,-48.487726,-39.177981,-30.548225721841675
546.0,24.0,4.087136813521446,-51.083221,-40.52415,-29.225449140513234
546.0,28.0,32.740318624685266,-56.491843,-14.958684,-0.5722673293494154
547.0,2.0,29.851743946090856,-9.983175,-20.062996,0.2538196009450395
547.0,6.0,15.487157251718497,-13.499167,-28.416604,-14.11076709342732
547.0,12.0,4.913469720874633,-17.295837,-27.574042,-24.684454624271183
547.0,13.0,42.98234443716085,58.568484,-2.152178,13.38442009201503
547.0,15.0,31.389128714460753,-10.72333,-7.797761,1.7912043693149364
547.0,17.0,13.31775042175231,-26.809525,-22.856344,-16.280173923393505
547.0,19.0,2.939584713676321,-20.008853,-35.709462,-26.658339631469495
547.0,24.0,4.196000767957877,-22.413638,-38.56085,-25.40192357718794
548.0,2.0,30.60417125238039,6.818075,-20.922666,0.9389085230335681
548.0,6.0,15.82508931856974,-2.794728,-32.977088,-13.840173410777082
548.0,12.0,5.244847224756814,-3.685077,-36.196284,-24.420415504590007
548.0,13.0,44.08156432182292,17.858808,1.452994,14.416301592476096
548.0,15.0,32.42796237505869,-8.87786,-7.15961,2.7626996457118693
548.0,19.0,3.2579283354734896,-9.457826,-45.459376,-26.40733439387333
548.0,24.0,4.488131155802495,-9.87333,-47.96737,-25.177131573544326
548.0,28.0,32.83676560146266,14.838284,-16.67155,3.1715028721158376
549.0,2.0,31.865698744121254,-7.875906,-22.401661,0.9975887484460699
549.0,6.0,16.724815510552965,-13.959872,-34.352662,-14.143294485122219
549.0,12.0,5.60554606433611,-14.677112,-37.387655,-25.262563931339074
549.0,13.0,45.34277073207674,-6.626648,0.539626,14.474660736401553
549.0,15.0,34.15470101016313,-6.455661,-8.240913,3.2865910144879464
549.0,19.0,3.6306647916045325,-13.844224,-46.651126,-27.237445204070653
549.0,24.0,4.803384119206793,-19.026784,-49.810119,-26.06472587646839
550.0,2.0,31.541764373972804,-42.760257,-25.539533,-2.4431174399688587
550.0,6.0,16.548269164582592,-52.896861,-37.620435,-17.43661264935907
550.0,12.0,5.585151072860676,-55.512125,-40.230664,-28.399730741080987
550.0,14.0,45.27518719730935,97.602966,-5.788774,11.290305383367688
550.0,19.0,3.608080053136635,-58.124787,-49.840824,-30.376801760805026
550.0,24.0,4.801218197355335,-61.32431,-54.126194,-29.183663616586326
550.0,28.0,32.95177377543066,-31.090811,-17.956453,-1.0331080385110027
551.0,2.0,30.349714414512526,-16.094849,-32.781329,3.2987123004809007
551.0,6.0,15.726479950034564,-21.365973,-44.708142,-11.324522163997061
551.0,12.0,5.234587555313443,-21.440995,-47.189783,-21.816414558718183
551.0,19.0,3.146896019710342,-23.139485,-56.712027,-23.904106094321282
551.0,24.0,4.434723940686808,-29.887166,-64.297591,-22.616278173344817
552.0,2.0,29.5948874508304,5.323325,-36.973643,0.07369261143922756
552.0,6.0,15.290537356449521,-6.691642,-48.86984,-14.23065748294165
552.0,12.0,4.9430150184968555,-13.623675,-52.296059,-24.578179820894317
552.0,13.0,43.67900848141926,-1.669364,-7.42423,14.157813642028088
552.0,19.0,2.7124238907237688,-15.359217,-61.2468,-26.8087709486674
552.0,24.0,4.152484223734228,-15.514068,-71.161995,-25.368710615656944
553.0,2.0,31.45979367390953,8.676639,-37.988437,-4.724074656020981
553.0,6.0,16.54579149983237,0.194135,-50.84643,-19.638076830098143
553.0,12.0,5.597517184053666,-5.422475,-53.484081,-30.586351145876847
553.0,13.0,44.896209091420126,-3.33791,-6.966367,8.712340761489614
553.0,17.0,13.27895955902918,-11.552384,-38.486411,-22.90490877090133
553.0,19.0,3.696619332303441,-11.456336,-63.750785,-32.48724899762707
553.0,24.0,4.8836115771931095,-5.610156,-73.099901,-31.300256752737404
553.0,28.0,33.1034193243644,57.054363,-21.599028,-3.080449005566109
554.0,2.0,36.02057189196277,7.783137,-40.071066,-16.35430756872833
554.0,6.0,20.01410621253934,-22.50689,-52.655023,-32.36077324815176
554.0,12.0,7.239920817745679,-25.852808,-52.311153,-45.13495864294542
554.0,17.0,16.697682023065347,-36.609911,-38.461719,-35.67719743762575
554.0,19.0,0.2415664758367445,-35.714992,-63.983704,-52.133312984854356
554.0,24.0,4.609532664302617,-42.092469,-73.114431,-47.76534679638848
554.0,28.0,39.56763133817011,30.122485,-22.834309,-12.807248122520988
555.0,2.0,32.38335392297538,-60.555598,-42.523678,-4.001521209606352
555.0,6.0,17.222282802787674,-86.623949,-55.179342,-19.16259232979406
555.0,12.0,5.578277451994427,-86.579021,-54.262344,-30.806597680587306
555.0,13.0,45.114231490919316,-10.380389,-9.744228,8.729356358337583
555.0,17.0,14.417129382063683,-35.009045,-39.497104,-21.96774575051805
555.0,19.0,4.0429994884425575,-82.589517,-66.308675,-32.34187564413918
555.0,24.0,5.014570813098185,-89.534411,-76.233491,-31.370304319483548
555.0,28.0,34.72977704578725,22.652437,-23.668184,-1.6550980867944816
556.0,2.0,32.17013756641696,-29.932583,-43.011254,-5.791933851144954
556.0,6.0,17.006924301256916,-66.659821,-55.6193,-20.955147116305
556.0,12.0,5.391467481889909,-49.095754,-53.260289,-32.570603935672004
556.0,13.0,45.08990876173731,-59.972495,-10.093585,7.127837344175397
556.0,17.0,13.606737291469456,-32.812106,-39.426191,-24.35533412609246
556.0,19.0,3.808570148849584,-65.237173,-66.061712,-34.15350126871233
556.0,24.0,4.792969439157312,-74.188597,-75.588685,-33.169101978404605
556.0,28.0,34.41981391773142,37.695508,-24.237783,-3.542257499830498
557.0,2.0,27.883771655861786,-51.019651,-44.078321,-4.034088964564884
557.0,6.0,13.234153922150123,-52.015432,-56.493498,-18.683706698276545
557.0,12.0,4.182165307978504,-54.363969,-53.808116,-27.735695312448165
557.0,13.0,42.75079696774634,-36.585094,-10.873349,10.83293634731967
557.0,14.0,39.65887529497683,78.968922,-8.235879,7.741014674550161
557.0,17.0,8.206996781442507,15.506336,-39.464787,-23.71086383898416
557.0,19.0,-2.9933395165622207,-53.999273,-66.604796,-34.91120013698889
557.0,24.0,2.2583156463586387,-57.674115,-76.598218,-29.65954497406803
557.0,28.0,27.977585971152614,68.084274,-24.383236,-3.9402746492740555
558.0,2.0,32.36009814502953,-30.017589,-45.240176,0.37432117925675357
558.0,6.0,17.271711643114593,-41.173514,-57.730784,-14.714065322658186
558.0,12.0,5.697041254064844,-34.14594,-54.064931,-26.288735711707936
558.0,13.0,45.226056306620016,-12.326849,-11.442019,13.240279340847238
558.0,17.0,14.497344556116774,4.094933,-39.939975,-17.488432409656006
558.0,19.0,4.075085872103816,-35.224752,-67.469474,-27.910691093668962
558.0,24.0,5.129160610202099,-46.83954,-77.491133,-26.85661635557068
559.0,2.0,29.615352562297154,-18.067847,-45.703497,1.0953162497517788
559.0,6.0,15.402852936444551,-28.446989,-58.017509,-13.117183376100824
559.0,12.0,4.641255004910951,-31.911156,-54.51583,-23.878781307634426
559.0,13.0,42.71173365219284,-30.610046,-11.857636,14.191697339647465
559.0,19.0,3.0769064425042845,-37.420318,-67.656953,-25.44312987004109
559.0,24.0,4.148947433969753,-48.639167,-78.083765,-24.371088878575623
560.0,2.0,30.945084806485845,-7.361988,-45.861443,-0.07357551739039536
560.0,6.0,16.159094171340314,-19.702331,-58.041838,-14.859566152535926
560.0,12.0,5.466961289320097,-22.449364,-54.758915,-25.551699034556144
560.0,13.0,45.17658640628702,-25.128867,-12.059332,14.157926082410782
560.0,17.0,11.47306497720601,-45.439105,-39.672436,-19.545595346670233
560.0,19.0,3.257869028464308,-28.577787,-67.646245,-27.76079129541193
560.0,24.0,4.5786770926724705,-38.261906,-78.335741,-26.43998323120377
561.0,2.0,27.113889571839195,10.830861,-45.906492,-1.2554891898559042
561.0,6.0,13.225079861254745,-16.713315,-58.043488,-15.144298900440354
561.0,12.0,3.7736523550835384,-17.155552,-54.738377,-24.59572640661156
561.0,13.0,43.027524236979254,-24.667152,-12.112251,14.658145475284154
561.0,17.0,6.428578021896581,-46.32695,-39.605502,-21.94080073979852
561.0,19.0,-1.268280976107981,-28.429144,-67.59014,-29.63765973780308
561.0,24.0,2.402322738604309,-36.921236,-78.320298,-25.96705602309079
562.0,2.0,32.37151514294044,-18.027102,-45.91456,0.5317394425530821
562.0,6.0,17.007281333256984,-34.435499,-58.034094,-14.832494367130373
562.0,12.0,5.556625008631638,-27.969984,-54.70814,-26.28315069175572
562.0,13.0,45.69614871312141,-28.866754,-12.117408,13.856373012734053
562.0,17.0,12.55568130090276,-45.330617,-39.570192,-19.284094399484594
562.0,19.0,3.6535502389569814,-48.070604,-67.547507,-28.186225461430375
562.0,24.0,4.824175660601574,-50.307728,-78.28428,-27.01560003978578
563.0,2.0,31.218344118650883,-20.416587,-45.862517,0.6927036261420838
563.0,6.0,16.141151985167333,-24.849514,-57.972222,-14.384488507341466
563.0,12.0,5.389462349505689,-26.05991,-54.674305,-25.13617814300311
563.0,13.0,45.8478905770362,-54.129063,-12.080043,15.322250084527404
563.0,17.0,9.86571340718587,-52.902416,-39.53039,-20.659927085322927
563.0,19.0,2.084518486279621,-34.336258,-67.481058,-28.44112200622918
563.0,24.0,4.314402725750792,-44.780495,-78.214122,-26.211237766758007
563.0,28.0,30.235361502065352,50.658668,-24.649776,-0.29027899044344707
564.0,2.0,30.884294753392233,-19.329321,-45.795968,2.157196451512476
564.0,6.0,15.84146537801974,-38.824949,-57.886066,-12.885632923860017
564.0,12.0,5.124369403566367,-40.114131,-54.62642,-23.60272889831339
564.0,17.0,9.981914952490015,-62.928599,-39.468604,-18.74518334938974
564.0,19.0,1.267247267375208,-47.709691,-67.385911,-27.45985103450455
564.0,24.0,3.969988882963345,-57.109554,-78.120145,-24.75710941891641
565.0,2.0,28.528711266450095,-36.1245,-45.716214,-3.4464389488167626
565.0,6.0,13.872114243961498,-62.599113,-57.785721,-18.10303597130536
565.0,12.0,4.270607620801324,-64.174949,-54.578015,-27.704542594465533
565.0,13.0,42.76233238782948,-99.165072,-12.003206,10.787182172562623
565.0,14.0,42.00019814709793,136.615856,-8.198486,10.025047931831075
565.0,17.0,9.557449830751631,-98.860226,-39.401454,-22.41770038451523
565.0,19.0,-1.3281865076929265,-63.347713,-67.281734,-33.303336722959784
565.0,24.0,2.914878322501792,-78.644825,-78.018035,-29.060271892765066
565.0,28.0,30.163439661583894,60.715371,-24.531994,-1.811710553682964
566.0,2.0,27.302845117547648,-30.744219,-45.629653,-4.358644458016112
566.0,6.0,12.399270649882585,-40.604547,-57.681323,-19.262218925681175
566.0,12.0,4.022304933318017,-42.933953,-54.540119,-27.639184642245745
566.0,17.0,8.285040123954238,-29.25662,-39.33826,-23.376449451609524
566.0,19.0,-3.679512823675446,-35.858306,-67.182459,-35.34100239923921
566.0,24.0,1.692600482031812,-54.708711,-77.922404,-29.96888909353195
566.0,28.0,27.818730576001215,53.242942,-24.464832,-3.8427589995625446
567.0,2.0,29.94553029507881,-42.182202,-45.535599,-1.9666612280848987
567.0,6.0,15.0304694298213,-34.247278,-57.570528,-16.88172209334241
567.0,12.0,4.746406256442583,-33.072539,-54.507733,-27.165785266721127
567.0,17.0,9.62107388606359,-50.756936,-39.27547,-22.291117637100122
567.0,19.0,0.2300947506027271,-29.664102,-67.083056,-31.682096772560982
567.0,24.0,3.578309332478555,-39.517705,-77.827867,-28.333882190685156
567.0,28.0,30.431589455379928,74.864622,-24.392875,-1.4806020677837815
568.0,2.0,28.419472957770097,-63.013936,-45.432922,-4.63494337369211
568.0,6.0,13.74499757535838,-58.308395,-57.472353,-19.309418756103828
568.0,12.0,4.240341830106046,-64.899453,-54.518299,-28.81407450135616
568.0,13.0,43.54375844806025,239.259713,-11.817068,10.489342116598046
568.0,17.0,8.04000390670059,-42.297803,-39.250753,-25.014412424761616
568.0,19.0,-2.3132007131744547,-46.058106,-67.029082,-35.36761704463666
568.0,24.0,2.603864113376672,-61.045387,-77.773735,-30.450552218085534
568.0,28.0,27.9206679065326,62.270519,-24.330975,-5.133748424929607
569.0,2.0,20.40582898422278,-47.806843,-45.287057,-9.423094231865335
569.0,6.0,7.255333731375114,-50.308529,-57.343251,-22.573589484713
569.0,12.0,3.4976367479736394,-50.156576,-54.596176,-26.331286468114474
569.0,13.0,34.29252557809742,-58.004134,-11.694065,4.463602362009304
569.0,17.0,5.863284312516338,-30.742005,-39.242478,-23.965638903571776
569.0,19.0,-6.087357141880923,-43.204733,-66.998637,-35.916280357969036
569.0,24.0,0.6516453926628581,-46.604354,-77.759396,-29.177277823425257
569.0,28.0,22.404333959216572,63.565728,-24.237186,-7.424589256871542
570.0,6.0,17.061837299286417,-23.660947,-57.097546,-18.75187038670596
570.0,12.0,5.740787546000228,-40.982693,-54.736024,-30.07292013999215
570.0,13.0,46.114992490859045,-19.090697,-11.52917,10.301284804866668
570.0,17.0,12.187233625318104,-2.257607,-39.185228,-23.626474060674273
570.0,19.0,3.713430713753354,-20.190023,-66.914378,-32.10027697223902
570.0,24.0,4.88286573726403,-19.519763,-77.739043,-30.930841948728347
570.0,28.0,33.054867231012665,92.262199,-24.038009,-2.758840454979712
571.0,2.0,31.883391664165792,-34.415925,-44.727669,-3.2608906965098328
571.0,6.0,16.867894705240722,-55.032151,-56.788227,-18.276387655434903
571.0,12.0,5.74662597131565,-53.67069,-54.88871,-29.397656389359973
571.0,13.0,45.45693710439587,-32.356342,-11.318315,10.312654743720245
571.0,14.0,45.98372114928403,84.511544,-7.471332,10.839438788608405
571.0,17.0,13.578693405789878,-14.602215,-39.119245,-21.565588954885747
571.0,19.0,3.9001532852512986,-51.516634,-66.805242,-31.244129075424325
571.0,24.0,5.081068876812764,-57.616102,-77.693336,-30.06321348386286
571.0,28.0,33.71102755062084,37.534993,-23.801467,-1.433254810054784
572.0,2.0,32.276235915113986,-69.573529,-43.350103,-7.744263091633194
572.0,6.0,17.245512496310802,-86.045729,-55.690515,-22.774986510436378
572.0,12.0,5.692253934441276,-96.56645,-54.345911,-34.328245072305904
572.0,14.0,47.63661600710794,8.247001,-7.398743,7.6161170003607594
572.0,17.0,15.001349786019505,-59.838868,-39.12952,-25.019149220727677
572.0,19.0,4.146854473835004,-91.887171,-66.204895,-35.873644532912174
572.0,24.0,5.178638921986056,-92.772424,-76.526938,-34.84186008476112
572.0,28.0,35.11271730921292,25.271804,-23.587097,-4.907781697534261
573.0,2.0,30.29348451205994,-75.941915,-45.264332,-6.038307887022803
573.0,6.0,15.513522183286852,-98.976315,-57.916347,-20.81827021579589
573.0,12.0,4.667586325231214,-97.859432,-53.011957,-31.66420607385153
573.0,13.0,43.1719327848752,-1.274363,-11.053261,6.840140385792459
573.0,14.0,46.30631397687765,56.699459,-9.535591,9.974521577794903
573.0,17.0,14.162390410639956,-61.401014,-40.015658,-22.169401988442786
573.0,19.0,3.296640937400422,-97.46626,-67.141006,-33.03515146168232
573.0,24.0,4.30503467530757,-108.367389,-76.503263,-32.02675772377518
573.0,28.0,34.321550616099366,21.90619,-25.6326,-2.0102417829833783
574.0,2.0,31.818317149883427,-41.28169,-49.461272,-3.342217537738591
574.0,6.0,16.68225126563943,-47.696626,-58.167037,-18.47828342198259
574.0,12.0,5.29985401980362,-50.129186,-58.89964,-29.8606806678184
574.0,17.0,12.856207379547845,37.06353,-35.335783,-22.30432730807417
574.0,19.0,3.420448253767155,-43.404709,-66.218921,-31.740086433854863
574.0,24.0,4.647049422124013,-50.938518,-82.772953,-30.513485265498005
574.0,28.0,33.903233790477834,44.472501,-20.297035,-1.2573008971441837
575.0,2.0,32.190918320283785,-132.105654,-49.875742,-12.191457746720467
575.0,6.0,17.054381390654285,-123.29331,-58.175624,-27.327994676349967
575.0,12.0,5.41353818930015,-130.35992,-59.424546,-38.968837877704104
575.0,13.0,45.155454117920385,28.70345,-17.922102,0.7730780509161335
575.0,19.0,3.943962111018725,-126.123652,-66.071632,-40.438413955985524
575.0,24.0,4.882287976632772,-126.53449,-83.330592,-39.50008809037148
575.0,28.0,35.02471174269205,-19.213201,-19.763402,-9.357664324312204
576.0,2.0,30.881334318032216,-121.777249,-46.148569,-15.14836532563342
576.0,6.0,16.029309289009774,-127.946873,-55.599663,-30.000390354655863
576.0,12.0,4.876846703806838,-131.11409,-57.469054,-41.152852939858796
576.0,19.0,3.5712819497620565,-128.980968,-64.830599,-42.458417693903584
576.0,24.0,4.508962629786463,-133.977821,-79.884574,-41.52073701387917
576.0,28.0,34.789117434555465,-28.873054,-19.932109,-11.240582209110173
577.0,2.0,29.943707113643484,-115.226311,-48.566553,-13.716975636072078
577.0,6.0,15.412370134993134,-116.861399,-68.400507,-28.24831261472243
577.0,12.0,5.186319368376762,-120.336665,-63.355421,-38.4743633813388
577.0,17.0,11.664455670655052,-57.956332,-54.084423,-31.99622707906051
577.0,19.0,2.9857766142573965,-119.277718,-84.084029,-40.674906135458166
577.0,24.0,4.348612836354435,-120.257919,-89.849003,-39.31206991336113
577.0,28.0,31.9729072726805,-34.147346,-34.141454,-11.68777547703506
578.0,2.0,27.48821368410256,-80.0239,-39.697631,-10.381085569148048
578.0,6.0,13.689578603924629,-76.335966,-71.942419,-24.17972064932598
578.0,12.0,3.9225080982376026,-87.102772,-75.823212,-33.94679115501301
578.0,13.0,42.400966457021134,171.811595,13.37618,4.531667203770525
578.0,14.0,40.60090054641225,7.262692,-18.022932,2.7316012931616385
578.0,17.0,8.958817747097092,-36.522963,-73.704032,-28.910481506153516
578.0,19.0,1.3211686450588576,-82.607317,-102.914083,-36.548130608191755
578.0,24.0,3.096682752062488,-87.017803,-100.015704,-34.772616501188125
578.0,28.0,28.990112019996587,-75.475906,-42.263273,-8.879187233254022
579.0,2.0,31.82295107052103,-40.61161,-40.767601,-9.617019444007177
579.0,6.0,14.555387369618462,-39.705022,-87.857917,-26.884583144909744
579.0,12.0,4.305130273118435,-37.058721,-84.728082,-37.13484024140977
579.0,14.0,45.7509645546617,44.346248,-31.956159,4.310994040133494
579.0,17.0,8.323526697521219,-36.408281,-99.711056,-33.11644381700699
579.0,19.0,-3.6377376534662424,-43.01944,-129.321078,-45.077708167994444
579.0,24.0,1.806036428854805,-48.537583,-113.345415,-39.6339340856734
579.0,28.0,32.813813106217694,-9.049881,-60.993113,-8.626157408310512
580.0,2.0,32.64765537055222,-53.999081,-40.080358,-5.125765117412371
580.0,6.0,15.070698177167104,-83.127583,-90.368025,-22.70272231079749
580.0,12.0,4.6429590963088865,-92.468743,-87.978821,-33.13046139165571
580.0,13.0,47.76660580851934,110.144734,32.325101,9.993185320554744
580.0,14.0,46.1087152829717,-2.180436,-33.712803,8.335294795007108
580.0,15.0,34.14437375179953,74.274737,12.346286,-3.6290467361650656
580.0,17.0,8.981411912557556,-98.774804,-105.20693,-28.79200857540704
580.0,19.0,-3.2996309626465843,-87.712222,-135.067383,-41.073051450611175
580.0,24.0,2.1687388046511846,-92.988674,-116.866352,-35.60468168331341
580.0,28.0,33.49698985981183,-29.839953,-63.995066,-4.2764306281527595
581.0,2.0,32.19303014292397,-107.595234,-39.441965,-7.18371948714875
581.0,6.0,17.380410777747954,-97.452778,-92.722963,-21.99633885232477
581.0,12.0,5.449093934963902,-104.869516,-90.701161,-33.92765569510882
581.0,13.0,44.061216128222604,97.587735,35.924209,4.684466498149881
581.0,17.0,16.00213801907391,-110.50136,-110.313569,-23.374611610998812
581.0,19.0,-1.0699471514285355,-104.790552,-140.3076,-40.44669678150126
581.0,24.0,3.366720806922303,-106.554582,-119.875979,-36.01002882315042
581.0,28.0,38.76585118388823,-53.190254,-66.921651,-0.6108984461844926
582.0,2.0,34.164613786039446,-36.916377,-38.898484,-8.06997592223528
582.0,6.0,15.839529272299494,-46.200309,-92.962497,-26.395060435975232
582.0,12.0,5.540267264488994,-59.606585,-91.11022,-36.69432244378573
582.0,14.0,47.29293844085171,113.285409,-35.97964,5.058348732576981
582.0,15.0,35.621252031392345,35.797073,16.090444,-6.613337676882381
582.0,17.0,10.54930425926691,-54.25939,-111.499905,-31.685285449007814
582.0,19.0,-3.303075443742777,-56.400461,-141.324855,-45.5376651520175
582.0,24.0,3.052362591163688,-62.109548,-120.163651,-39.18222711711104
582.0,28.0,35.16195648136618,-22.332693,-67.563812,-7.072633226908543
583.0,2.0,33.20579562159636,-93.100724,-39.165526,-9.908492024431013
583.0,6.0,14.423158184843556,-112.39405,-93.128414,-28.691129461183813
583.0,12.0,5.044625775955635,-116.599875,-90.283364,-38.069661870071734
583.0,13.0,48.70488939434141,109.647396,36.833876,5.590601748314036
583.0,17.0,9.489230341957912,-104.591866,-111.297239,-33.62505730406946
583.0,19.0,-4.944137118830127,-112.830516,-140.948412,-48.0584247648575
583.0,24.0,2.2463196915584995,-122.352616,-119.518851,-40.867967954468874
583.0,28.0,34.01505960028607,-61.226467,-67.858749,-9.099228045741299
584.0,2.0,32.41427611118303,-133.044443,-39.717225,-10.731787244596987
584.0,6.0,13.632291633898422,-149.946027,-93.73284,-29.513771721881593
584.0,12.0,4.480005845697869,-142.182775,-89.876362,-38.66605751008215
584.0,14.0,44.49574634455362,-14.395431,-37.019064,1.3496829887736084
584.0,15.0,35.03011490578029,61.727585,16.337164,-8.115948449999728
584.0,17.0,8.301464065474839,-139.993836,-111.479754,-34.844599290305176
584.0,19.0,-5.911262373745662,-149.644802,-141.141319,-49.05732572952568
584.0,24.0,1.534158289102509,-162.004577,-119.45573,-41.61190506667751
584.0,28.0,32.698089484942045,-111.021336,-68.390322,-10.44797387083797
585.0,2.0,32.663193180227076,-202.947301,-39.757319,-7.01605484093519
585.0,6.0,13.944042473246443,-169.355733,-93.807554,-25.735205547915825
585.0,12.0,4.572211595695638,-161.301571,-89.904583,-35.10703642546663
585.0,13.0,48.359379095529796,28.649316,36.630592,8.68013107436753
585.0,14.0,44.85576414172878,-61.582599,-37.053576,5.176516120566511
585.0,15.0,35.021627969400285,55.432123,16.387962,-4.657620051761981
585.0,17.0,8.502593471240552,-163.815508,-111.541113,-31.176654549921714
585.0,19.0,-5.355271785183855,-175.867018,-141.21224,-45.03451980634612
585.0,24.0,1.7202042359850689,-186.997968,-119.487461,-37.959043785177194
585.0,28.0,32.925339936345026,-133.905386,-68.43802,-6.75390808481724
586.0,2.0,32.274096844490764,-174.203518,-39.752332,-5.930399559439927
586.0,6.0,13.536008364873277,-180.974737,-93.809723,-24.668488039057415
586.0,12.0,4.400651214247183,-175.537738,-89.960213,-33.80384518968351
586.0,13.0,48.206217408735164,40.430853,36.674336,10.001721004804473
586.0,14.0,44.327753923583735,-68.492779,-37.014882,6.123257519653045
586.0,15.0,34.95318737302792,30.635495,16.408764,-3.2513090309027675
586.0,17.0,8.138074923727856,-157.866136,-111.547527,-30.066421480202834
586.0,19.0,-5.957733390847946,-186.434588,-141.229417,-44.16222979477864
586.0,24.0,1.4539226322132395,-185.602552,-119.509423,-36.75057377171745
586.0,28.0,32.50806934285112,-136.034695,-68.40986,-5.696427061079568
587.0,6.0,13.32620575850281,-197.609969,-93.818275,-24.693857488839505
587.0,12.0,4.2531189037704635,-184.20134,-90.035043,-33.76694434357185
587.0,13.0,48.0748201001315,30.479225,36.736523,10.054756852789183
587.0,14.0,44.009537362531525,-71.359635,-36.978125,5.989474115189211
587.0,15.0,34.84382998703023,44.344278,16.440049,-3.176233260312081
587.0,17.0,7.827978255706099,-155.632365,-111.576283,-30.192084991636214
587.0,19.0,-6.169133634530613,-188.185829,-141.270694,-44.18919688187293
587.0,24.0,1.2716456743195337,-187.136745,-119.548847,-36.74841757302278
587.0,28.0,32.15474033103889,-153.287753,-68.389711,-5.865322916303427
588.0,2.0,31.37370195083389,-262.768333,-39.71387,-5.6630721627244895
588.0,6.0,12.60827172701938,-184.653288,-93.863289,-24.428502386539
588.0,12.0,4.0369766151460285,-184.469894,-90.10124,-32.99979749841235
588.0,13.0,47.745429021716035,32.902275,36.85986,10.708654908157655
588.0,15.0,34.6354804384166,72.797802,16.541669,-2.4012936751417797
588.0,17.0,7.3103355015975175,-147.993854,-111.684915,-29.726438611960862
588.0,19.0,-7.198375257034739,-202.577845,-141.375602,-44.23514937059312
588.0,24.0,0.8320613126426796,-172.564658,-119.588881,-36.2047128009157
588.0,28.0,31.53995456974485,-121.070064,-68.437515,-5.49681954381353
589.0,6.0,-1.238996819128277,-156.549464,-93.80231,-28.879348168894296
589.0,12.0,2.7094868979069036,-150.310368,-90.093793,-24.930864451859115
589.0,13.0,34.97325494261733,44.567277,36.929225,7.332903592851313
589.0,15.0,23.478957914262644,44.236564,16.600402,-4.161393435503374
589.0,17.0,-1.1004521131214748,-122.717879,-111.659173,-28.74080346288749
589.0,19.0,-8.444903795641794,-163.696702,-141.325401,-36.085255145407814
589.0,24.0,-4.118507186357338,-150.345477,-119.52073,-31.758858536123356
589.0,28.0,22.931959056756597,-114.402343,-68.39072,-4.708392293009421
590.0,6.0,19.301580729404897,-21.151541,-93.73969,-30.99717684128499
590.0,12.0,7.426377061950969,-28.827386,-90.102139,-42.872380508738914
590.0,17.0,17.352823719776666,5.152513,-111.633539,-32.94593385091322
590.0,19.0,-0.19773991846907868,-30.368867,-141.280307,-50.49649748915896
590.0,24.0,4.630597713816695,-14.236815,-119.465882,-45.66815985687319
590.0,28.0,39.99117354254646,13.447795,-68.336422,-10.307584028143424
591.0,2.0,33.25169576860663,106.818639,-39.608315,-11.355296098725056
591.0,6.0,18.23896102735364,-115.076194,-93.737437,-26.368030839978047
591.0,12.0,5.955746306698623,-128.48734,-90.048895,-38.651245560633065
591.0,14.0,51.10045933992094,-16.350165,-36.910318,6.493467472589252
591.0,15.0,33.47760808219642,30.64851,16.671076,-11.129383785135268
591.0,17.0,16.50677288261067,-85.103381,-111.583426,-28.100218984721018
591.0,19.0,0.04224777036691463,-141.582802,-141.219345,-44.56474409696477
591.0,24.0,3.6225169570055873,-119.439443,-119.395963,-40.9844749103261
591.0,28.0,39.65801497339254,-87.374675,-68.319057,-4.948976893939147
592.0,2.0,34.67529205474819,93.95149,-39.612055,-11.084584992903679
592.0,6.0,18.185201685703603,-102.655763,-93.753311,-27.574675361948266
592.0,12.0,6.3252368114351585,-127.04589,-90.059311,-39.43464023621671
592.0,13.0,47.839252755452236,78.761688,37.03306,2.0793757078003665
592.0,14.0,50.68723759720598,11.248409,-36.907882,4.927360549554109
592.0,15.0,34.82037306976055,-5.477276,16.713462,-10.93950397789132
592.0,17.0,13.593442867144526,-80.574287,-111.595162,-32.166434180507345
592.0,19.0,0.05552325919990042,-108.347891,-141.229013,-45.70435378845197
592.0,24.0,3.737909150618142,-109.293354,-119.384184,-42.021967897033726
592.0,28.0,38.06775149709927,-61.902581,-68.319483,-7.692125550552596
593.0,2.0,35.16910723777681,56.556157,-39.615076,-6.826990947157704
593.0,6.0,18.574032966844072,-111.792038,-93.792237,-23.422065218090438
593.0,12.0,6.495583470044391,-132.108401,-90.09906,-35.500514714890116
593.0,13.0,48.35582667310607,81.349537,37.10134,6.359728488171562
593.0,14.0,50.98444730244472,-1.895415,-36.917896,8.98834911751021
593.0,15.0,35.44466933686634,-21.92674,16.773087,-6.55142884806817
593.0,17.0,14.132491745557283,-93.334416,-111.649619,-27.86360643937723
593.0,19.0,0.39109602949932554,-110.719619,-141.286144,-41.60500215543519
593.0,24.0,4.021190578519639,-121.332835,-119.405627,-37.974907606414874
593.0,28.0,38.26355926399424,-80.425519,-68.342943,-3.7325389209402715
594.0,2.0,33.71169457033682,12.621159,-39.632372,-8.608095822136889
594.0,6.0,17.381484171386234,-108.655301,-93.808415,-24.938306221087473
594.0,12.0,5.894741049539924,-128.66046,-90.091536,-36.42504934293378
594.0,13.0,47.18092050120733,66.456646,37.121116,4.861130108733626
594.0,14.0,49.82713674573667,8.754728,-36.916325,7.50734635326296
594.0,17.0,12.461739092421228,-102.090223,-111.641032,-29.85805130005248
594.0,19.0,-0.8062576257488634,-119.354987,-141.275989,-43.12604801822257
594.0,24.0,3.4076761044666104,-128.271989,-119.381225,-38.912114288007096
594.0,28.0,37.19253985988633,-87.746984,-68.338835,-5.127250532587375
595.0,2.0,34.35878472572722,25.547347,-39.655347,-7.712703894614556
595.0,6.0,17.775609954203944,-98.733823,-93.845324,-24.29587866613783
595.0,12.0,6.094801873630588,-121.955821,-90.099262,-35.97668674671119
595.0,13.0,47.9123084856197,70.7562,37.153858,5.840819865277922
595.0,14.0,50.13724413485445,17.570301,-36.927749,8.065755514512674
595.0,17.0,12.663182975990434,-93.175327,-111.660823,-29.40830564435134
595.0,19.0,-0.4263004171988576,-107.668324,-141.297861,-42.497789037540635
595.0,24.0,3.5757266010552446,-112.844006,-119.378336,-38.49576201928653
595.0,28.0,37.27917706573111,-96.623236,-68.354132,-4.792311554610663
596.0,2.0,22.120820728496902,39.224489,-39.688708,-12.095223206321528
596.0,6.0,4.633832762893014,-99.814898,-93.911842,-29.582211171925415
596.0,12.0,3.217678986674135,-119.247048,-90.12414,-30.998364948144296
596.0,13.0,36.092672513240274,64.749441,37.201286,1.876628578421844
596.0,14.0,38.08493808770065,17.555186,-36.958722,3.86889415288222
596.0,15.0,22.83101520818267,47.575609,16.894635,-11.38502872663576
596.0,17.0,3.03481619641683,-107.763262,-111.717451,-31.1812277384016
596.0,19.0,-8.057491097437726,-98.228008,-141.361358,-42.273535032256156
596.0,24.0,-0.3409021411872104,-116.812773,-119.40259,-34.55694607600564
596.0,28.0,26.32382965589005,-84.344019,-68.39689,-7.892214278928378
597.0,2.0,21.595624204352404,-5.877938,-39.719489,-14.064699159879162
597.0,6.0,4.021163474862511,-71.601279,-93.980657,-31.639159889369054
597.0,12.0,3.55676160414345,-90.416914,-90.149438,-32.10356176008811
597.0,13.0,35.49149352465282,92.457839,37.255287,-0.16882983957874842
597.0,17.0,3.8008423272861918,-87.524364,-111.781499,-31.859481036945375
597.0,19.0,-8.164189403102025,-66.041092,-141.43079,-43.82451276733359
597.0,24.0,-0.8332007073537235,-86.67122,-119.427304,-36.49352407158529
597.0,28.0,26.55162840848307,-54.036202,-68.444963,-9.108694955748497
598.0,2.0,22.192681450117156,-4.150522,-39.724665,-14.858674704985795
598.0,6.0,4.626872232293139,-27.749434,-94.005857,-32.42448392280981
598.0,12.0,3.5271871250372615,-54.877146,-90.162188,-33.52416903006569
598.0,13.0,35.93596154219003,94.475439,37.3048,-1.1153946129129224
598.0,17.0,3.8972700306792536,-54.58665,-111.807008,-33.1540861244237
598.0,19.0,-8.082097772278424,-37.048412,-141.453909,-45.133453927381375
598.0,24.0,-0.42045662772218617,-48.413133,-119.420806,-37.47181278282514
598.0,28.0,27.037910299808253,-20.904305,-68.456675,-10.013445855294698
599.0,2.0,25.649178864971432,17.2498,-39.724812,-20.131002189736023
599.0,6.0,9.368935093841431,-20.948246,-93.998834,-36.411245960866026
599.0,12.0,4.1239320151250975,-53.88131,-90.146944,-41.656249039582356
599.0,15.0,25.681230515264865,187.662773,17.035067,-20.09895053944259
599.0,17.0,8.058121789914662,-47.7804,-111.78269,-37.72205926479279
599.0,19.0,-7.478353976962161,-42.68462,-141.421921,-53.258535031669616
599.0,24.0,1.0892891926558566,-47.20625,-119.377999,-44.6908918620516
599.0,28.0,31.524191659328963,-21.752853,-68.436605,-14.255989395378492
600.0,2.0,32.056813887701615,10.848249,-39.726691,-15.05115462695182
600.0,6.0,15.298257599705023,-60.568488,-94.015817,-31.80971091494841
600.0,12.0,4.7088687555762165,-87.500124,-90.149644,-42.39909975907722
600.0,14.0,47.16777920535633,126.158768,-36.991776,0.05981069070289635
600.0,17.0,9.48633029222068,-80.113888,-111.797934,-37.62163822243276
600.0,19.0,-2.5783101509502666,-75.795809,-141.431576,-49.6862786656037
600.0,24.0,2.3178096075419328,-78.635673,-119.359159,-44.790158907111504
600.0,28.0,34.23774465190331,-61.139193,-68.442971,-12.870223862750123
601.0,2.0,32.85663881172327,-5.627869,-39.727641,-11.213050621980457
601.0,6.0,14.381184225846647,-107.645381,-94.048392,-29.688505207857084
601.0,12.0,4.665956295346238,-123.348911,-90.165661,-39.403733138357495
601.0,13.0,48.4582283102725,95.216753,37.437795,4.388538876568774
601.0,14.0,45.59462004032989,75.552335,-37.008785,1.5249306066261639
601.0,17.0,8.898529828349304,-120.370948,-111.841902,-35.171159605354426
601.0,19.0,-4.469423049225141,-104.606598,-141.470882,-48.53911248292887
601.0,24.0,2.0602116075847126,-113.299365,-119.356837,-42.00947782611902
601.0,28.0,33.38782799478616,-106.95759,-68.467628,-10.681861438917572
602.0,2.0,31.112478519868702,-53.254477,-39.707873,-8.663025991158513
602.0,6.0,12.546407922495346,-138.84031,-94.11606,-27.229096588531867
602.0,12.0,3.7285382982569257,-149.82429,-90.252347,-36.046966212770286
602.0,13.0,47.638372911613615,72.104325,37.574718,7.8628684005864
602.0,14.0,43.138295251852604,32.809217,-37.043842,3.362790740825389
602.0,15.0,34.327267942113515,-94.848938,17.260371,-5.4482365689137
602.0,17.0,6.758297911959324,-136.562591,-111.980955,-33.01720659906789
602.0,19.0,-6.668029204494702,-131.900995,-141.611693,-46.443533715521916
602.0,24.0,0.563026203835453,-137.787923,-119.423232,-39.21247830719176
602.0,28.0,31.062169723424446,-117.327366,-68.53433,-8.713334787602768
603.0,2.0,32.10061576511319,-75.045265,-39.700734,-8.878021473789424
603.0,6.0,13.531878548785107,-129.865882,-94.20446,-27.446758690117505
603.0,12.0,4.247201136939521,-151.318038,-90.358506,-36.73143610196309
603.0,13.0,48.07999833080583,83.592626,37.713702,7.101361091903215
603.0,14.0,44.4152758433552,6.358783,-37.084485,3.4366386044525825
603.0,15.0,34.71050619507093,-70.824972,17.36922,-6.268131043831687
603.0,17.0,7.930982225799047,-160.43797,-112.139247,-33.047655013103565
603.0,19.0,-5.380770982866649,-130.354998,-141.779925,-46.359408221769264
603.0,24.0,1.4256499010452992,-135.300108,-119.516417,-39.55298733785732
603.0,28.0,32.34121503827802,-133.911328,-68.612947,-8.637422200624592
604.0,2.0,31.118698744552766,-52.471717,-39.757217,-9.487824367013921
604.0,6.0,13.157373362278166,-142.498185,-94.269988,-27.449149749288523
604.0,12.0,3.8115249386891596,-152.73647,-90.360553,-36.79499817287753
604.0,13.0,47.377632233884555,76.855205,37.722039,6.771109122317867
604.0,14.0,43.7717028270251,-21.256702,-37.110688,3.1651797154584145
604.0,17.0,7.008636319092217,-165.66827,-112.159643,-33.59788679247447
604.0,19.0,-5.210099006467012,-138.989454,-141.810753,-45.8166221180337
604.0,24.0,1.0355632477221497,-143.042083,-119.525461,-39.570959863844536
604.0,28.0,31.473696958681366,-131.550679,-68.643007,-9.132826152885322
605.0,2.0,21.097112354615717,-16.71171,-39.817511,-14.689676488139682
605.0,6.0,3.488962074384589,-124.331046,-94.33296,-32.29782676837081
605.0,12.0,3.092207672887001,-162.516711,-90.342557,-32.6945811698684
605.0,13.0,35.45167716704459,98.683495,37.720724,-0.3351116757108059
605.0,14.0,37.006858531628495,-24.563152,-37.142412,1.220069688873096
605.0,15.0,22.48873421273816,-7.62886,17.419291,-13.29805463001724
605.0,17.0,1.9608242045226025,-150.46729,-112.168211,-33.8259646382328
605.0,19.0,-8.132256937755434,-128.746753,-141.825613,-43.919045780510835
605.0,24.0,-0.8193748885547906,-129.861975,-119.516871,-36.60616373131019
605.0,28.0,25.25834413916651,-123.46484,-68.673514,-10.528444703588889
606.0,2.0,22.117722396579943,34.176945,-39.864768,-19.697350385358583
606.0,6.0,4.578133449768028,-56.894538,-94.411968,-37.23693933217049
606.0,12.0,3.0388345710656015,-99.862438,-90.368787,-38.776238210872926
606.0,14.0,37.69820254433315,28.055564,-37.178131,-4.116870237605376
606.0,15.0,22.849111419478938,24.154736,17.465618,-18.965961362459588
606.0,17.0,2.4558510838472407,-97.624768,-112.226536,-39.35922169809128
606.0,19.0,-8.045486935291077,-49.728899,-141.895298,-49.860559717229606
606.0,24.0,-0.3268635665401314,-66.819833,-119.549341,-42.14193634847866
606.0,28.0,25.92391939775341,-58.24267,-68.721877,-15.891153384185117
607.0,2.0,18.891974500825363,55.182702,-39.91225,-29.277394913660274
607.0,6.0,-4.200151693125985,-51.750576,-94.503262,-52.36952110761162
607.0,12.0,1.2065954197607334,-86.816402,-90.434437,-46.962773994724905
607.0,14.0,30.931119256750044,-0.148473,-37.206491,-17.238250157735592
607.0,17.0,-5.927165624092991,-103.0562,-112.309525,-54.09653503857863
607.0,19.0,-8.451290854875324,-50.614011,-141.999991,-56.62066026936096
607.0,24.0,-4.767450879104802,-65.774088,-119.620612,-52.936820293590436
607.0,28.0,18.755478470200202,-51.643965,-68.773256,-29.413890944285434
608.0,2.0,30.216347216359694,-36.979456,-39.95561,-13.577311351866328
608.0,6.0,11.713946648733884,-85.196818,-94.60508,-32.07971191949214
608.0,12.0,3.265955830710866,-55.574908,-90.530726,-40.527702737515156
608.0,13.0,47.18021983241653,119.419912,37.882793,3.3865612641905116
608.0,14.0,42.11945611834745,-47.01755,-37.233369,-1.674202449878571
608.0,15.0,33.8692177845734,-17.256617,17.562733,-9.92444078365262
608.0,17.0,5.836177049434342,-119.984079,-112.419216,-37.95748151879168
608.0,19.0,-7.409081335894785,-77.163372,-142.137261,-51.202739904120804
608.0,24.0,-0.20119138738796005,-89.51593,-119.721271,-43.99484995561398
608.0,28.0,30.02735082226676,-79.913523,-68.83198,-13.76630774595926
609.0,2.0,30.70404512861011,-42.398844,-39.962335,-9.152970527286769
609.0,6.0,13.40886673307058,-101.788381,-94.750042,-26.4481489228263
609.0,12.0,3.8595165487725405,-96.412205,-90.742952,-35.99749910712434
609.0,13.0,46.488995398185686,95.461529,38.063176,6.631979742288806
609.0,14.0,44.08975908042671,-71.802958,-37.273677,4.232743424529829
609.0,17.0,7.220255388577538,-149.630398,-112.664467,-32.636760267319346
609.0,19.0,-4.218680184031943,-112.287349,-142.422047,-44.07569583992883
609.0,24.0,1.4505311703750319,-114.39484,-119.929128,-38.40648448552185
609.0,28.0,31.458951797015075,-119.42711,-68.940995,-8.398063858881805
610.0,2.0,31.68358115743314,-40.709682,-39.884529,-8.151478868235017
610.0,6.0,13.322826974769004,-83.449392,-94.783611,-26.51223305089915
610.0,12.0,4.063403299635372,-104.295034,-90.9172,-35.77165672603279
610.0,13.0,47.87762964922859,103.54406,38.262414,8.042569623560432
610.0,14.0,44.16833538656504,-69.982958,-37.257667,4.333275360896884
610.0,17.0,7.577452502921643,-137.334383,-112.836968,-32.25760752274651
610.0,19.0,-5.343157622645592,-99.239601,-142.603592,-45.17821764831375
610.0,24.0,1.2424226168453494,-110.643237,-120.047486,-38.59263740882281
610.0,28.0,32.00407915781368,-106.820885,-68.975389,-7.830980867854478
611.0,2.0,19.21275548724273,-46.672514,-39.914494,-12.229324236331195
611.0,6.0,-2.9975334175984956,-130.651605,-94.890199,-34.43961314117242
611.0,12.0,1.480570989472245,-136.289081,-90.987977,-29.96150873410168
611.0,13.0,35.19719824447618,82.128259,38.359388,3.7551185209022577
611.0,14.0,30.85863702464041,-96.766637,-37.314306,-0.5834426989335171
611.0,17.0,-5.878314160232373,-153.943363,-112.969995,-37.3203938838063
611.0,19.0,-8.38932068110007,-165.783779,-142.749033,-39.831400404674
611.0,24.0,-3.857516355299846,-153.255559,-120.123537,-35.29959607887377
611.0,28.0,18.410136439051122,-146.205302,-69.061406,-13.031943284522804
612.0,2.0,22.384136148667658,13.165179,-40.09043,-19.206679755565723
612.0,6.0,1.2381304709628123,-65.935159,-95.163582,-40.352685433270565
612.0,12.0,1.1582395224382303,-91.004191,-91.043805,-40.43257638179515
612.0,14.0,32.39934828866299,-24.398151,-37.482218,-9.191467615570389
612.0,17.0,-6.667382846232731,-74.3998,-113.176788,-48.258198750466114
612.0,19.0,-8.42469504525065,-65.794509,-143.000003,-50.01551094948403
612.0,24.0,-5.049190333560165,-77.057049,-120.274512,-46.64000623779354
612.0,28.0,20.200061658978193,-69.655577,-69.268938,-21.390754245255188
613.0,2.0,27.5867337804197,15.407013,-40.148867,-21.765871115956287
613.0,6.0,8.419168234403074,-113.444712,-95.184371,-40.93343666197291
613.0,12.0,3.013193648752127,-107.209967,-91.018182,-46.33941124762386
613.0,14.0,39.77060237470446,-29.458341,-37.4674,-9.582002521671527
613.0,17.0,3.7786843997118558,-118.364931,-113.117022,-45.57392049666413
613.0,19.0,-8.260143043825067,-107.64627,-142.950967,-57.612747940201054
613.0,24.0,-2.69227088087421,-119.052943,-120.245213,-52.0448757772502
613.0,28.0,27.786993980188008,-111.265673,-69.243318,-21.56561091618798
614.0,2.0,24.85467792183705,-55.851149,-40.089124,-18.153509190905638
614.0,6.0,8.565437015652368,-186.810888,-95.001887,-34.442750097090325
614.0,13.0,38.1916598363506,38.33792,38.28433,-4.816527276392087
614.0,14.0,41.72636282575309,-112.983368,-37.337634,-1.2818242869895968
614.0,17.0,6.002704559160713,-162.913066,-112.872218,-37.00548255358198
614.0,19.0,-7.531093186949622,-148.3644,-142.670569,-50.53928029969231
614.0,24.0,0.8134346946838392,-188.424057,-120.041322,-42.19475241805885
614.0,28.0,29.803390396067194,-190.610209,-69.059864,-13.204796716675496
615.0,2.0,29.818799615101362,-12.008279,-40.021502,-21.62796761052639
615.0,6.0,11.12742516155289,-148.146443,-94.854374,-40.31934206407486
615.0,12.0,3.31923635620335,-138.877297,-90.785911,-48.127530869424405
615.0,14.0,41.845188558999645,-81.939647,-37.25446,-9.601578666628107
615.0,17.0,5.97772252067678,-135.474676,-112.696794,-45.469044704950974
615.0,19.0,-7.872313642812339,-151.306728,-142.450751,-59.31908086844009
615.0,24.0,-0.42021975775665354,-163.459689,-119.850069,-51.86698698338441
615.0,28.0,29.963326996319353,-162.920144,-68.931729,-21.4834402293084
616.0,2.0,23.16355558966002,-66.252722,-39.911571,-9.78075315052596
616.0,6.0,3.973167620922858,-170.432017,-94.743587,-28.971141119263123
616.0,12.0,1.7396673295284846,-157.104879,-90.695418,-31.204641410657498
616.0,13.0,39.839064348773256,53.516943,38.355087,6.894755608587275
616.0,14.0,34.331220864054686,-76.457511,-37.233203,1.3869121238687043
616.0,17.0,-2.9679971829094174,-151.52397,-112.643385,-35.912305923095396
616.0,19.0,-8.23357628103633,-185.797611,-142.334207,-41.17788502122231
616.0,24.0,-2.2396282641125653,-173.933599,-119.680851,-35.18393700429855
616.0,28.0,21.598918399755924,-188.007509,-68.883154,-11.345390340430058
617.0,2.0,23.14944464435957,-61.520489,-39.677801,-8.186521185723223
617.0,6.0,2.7778180002324473,-168.834621,-94.337309,-28.558147829850345
617.0,12.0,2.1142732854648245,-166.949618,-90.353888,-29.221692544617966
617.0,13.0,40.134075140707104,54.554964,38.324748,8.798109310624312
617.0,17.0,-4.526289995885637,-164.570928,-112.241492,-35.86225582596843
617.0,19.0,-8.487060816931717,-217.925922,-141.786998,-39.82302664701451
617.0,24.0,-5.9972063854823645,-174.956679,-119.166751,-37.333172215565156
617.0,28.0,23.732984259816412,-170.837301,-68.607581,-7.60298157026638
618.0,2.0,23.439962366401318,-115.466141,-39.727647,-10.223177937520362
618.0,6.0,3.1108537753890007,-184.027653,-93.900768,-30.55228652853268
618.0,12.0,2.171133524811143,-155.706045,-89.579041,-31.492006779110536
618.0,13.0,40.54344889403168,19.445471,37.786013,6.880308590109998
618.0,14.0,35.93527507341951,-74.987461,-36.930198,2.272134769497832
618.0,17.0,-4.416679998953946,-146.616332,-111.348691,-38.079820302875625
618.0,19.0,-8.485190534558907,-212.856941,-140.747629,-42.14833083848059
618.0,24.0,-5.964593970247746,-181.35793,-118.330583,-39.62773427416943
618.0,28.0,24.06046403171912,-195.848624,-68.209351,-9.602676272202558
619.0,6.0,4.124806401501507,-227.975595,-93.469288,-41.21916136688376
619.0,14.0,36.21141039693379,-90.885862,-36.676802,-9.132557371451476
619.0,15.0,28.094290288994586,112.405596,17.707903,-17.249677479390684
619.0,17.0,-3.75892279388743,-211.897435,-110.899886,-49.1028905622727
619.0,19.0,-8.471128968105313,-234.958513,-140.19616,-53.81509673649058
619.0,24.0,-5.521089153413776,-223.093288,-117.902006,-50.865056921799045
619.0,28.0,24.159220020476184,-194.659927,-67.850323,-21.184747747909086
620.0,2.0,22.298636299587777,-78.329506,-39.358753,-14.92830117495346
620.0,6.0,4.394794539672885,-163.642293,-93.159447,-32.83214293486835
620.0,12.0,3.7241483895126732,-144.473782,-89.198846,-33.50278908502857
620.0,13.0,35.76263599912559,42.222934,37.653108,-1.4643014754156454
620.0,17.0,4.896347565544467,-149.295027,-110.562454,-32.33058990899677
620.0,19.0,-8.275828966810137,-184.433591,-139.799329,-45.502766441351376
620.0,24.0,-1.4959908803242223,-167.663743,-117.617903,-38.72292835486546
620.0,28.0,27.243424513850094,-139.969804,-67.566807,-9.983512960691144
621.0,2.0,25.04190074432423,-7.315365,-39.156182,-27.411248448552563
621.0,6.0,7.854866414342827,5.375927,-92.786798,-44.598282778533964
621.0,12.0,4.272271503010824,-33.575413,-89.197437,-48.180877689865966
621.0,17.0,7.983559373511035,-4.419163,-110.212731,-44.46958981936576
621.0,19.0,-7.877656441609073,-21.984038,-139.42052,-60.33080563448587
621.0,24.0,0.3755585475748092,-22.242984,-117.423383,-52.07759064530198
621.0,28.0,31.097153556726347,15.275493,-67.188665,-21.355995636150446
622.0,2.0,34.47041859953347,-8.063928,-38.784822,-14.321592235651735
622.0,6.0,16.546809251394087,-58.079106,-92.402802,-32.245201583791115
622.0,12.0,6.052680532750244,-63.470136,-89.516591,-42.73933030243496
622.0,14.0,48.71485440643549,34.054116,-35.727521,-0.07715642874970996
622.0,17.0,12.275784663989084,-60.353012,-110.113517,-36.51622617119612
622.0,19.0,-2.1401134037391807,-70.564469,-139.318345,-50.93212423892438
622.0,24.0,3.624825766257074,-70.20784,-117.466583,-45.16718506892813
622.0,28.0,36.62372944235372,-43.597157,-66.818167,-12.168281392831481
623.0,2.0,32.838954823541876,-82.230854,-39.256234,-9.98435983193201
623.0,6.0,18.39904592952334,-85.072603,-92.974626,-24.424268725950547
623.0,12.0,5.739153972841961,-101.377114,-89.515841,-37.084160682631925
623.0,13.0,45.07386101590479,146.471123,37.732707,2.250546360430903
623.0,15.0,33.5196239438174,69.276899,17.547513,-9.303690711656486
623.0,17.0,17.093265297054806,-97.31836,-110.401986,-25.73004935841908
623.0,19.0,0.12517353730140357,-98.724011,-139.713955,-42.69814111817249
623.0,24.0,3.56488884936155,-100.251781,-117.73416,-39.258425806112335
623.0,28.0,39.882148858811256,-66.057709,-67.225966,-2.941165796662631
624.0,2.0,32.481664878594465,-6.284939,-39.930058,-20.5805207246271
624.0,6.0,17.405561759827748,-8.720498,-92.460544,-35.65662384339382
624.0,12.0,5.661722497087471,-7.236798,-87.769328,-47.4004631061341
624.0,17.0,16.21716090191336,-21.753111,-108.410458,-36.845024701308205
624.0,19.0,-0.6251529022061634,-15.818758,-137.569291,-53.687338505427725
624.0,24.0,3.5129273823587535,-18.23512,-116.173659,-49.54925822086281
624.0,28.0,39.48699086166604,16.788458,-66.551811,-13.575194741555528
625.0,2.0,25.512586571917375,-9.216996,-37.783783,-21.513440897131268
625.0,6.0,8.82988869233638,-21.12862,-88.074353,-38.19613877671226
625.0,12.0,4.2978680241896035,-0.171527,-85.819439,-42.72815944485904
625.0,13.0,37.7935016105231,86.569922,34.889276,-9.232525858525541
625.0,15.0,25.78786758826356,4.347731,15.360576,-21.238159880785084
625.0,17.0,8.621702658136948,-30.719681,-103.858187,-38.404324810911696
625.0,19.0,-7.663597559845338,-26.972251,-132.2162,-54.68962502889398
625.0,24.0,0.8952658073570383,-32.050597,-112.529439,-46.13076166169161
625.0,28.0,31.837786239218836,-7.852337,-62.777263,-15.188241229829806
626.0,2.0,25.43888137237205,-7.941615,-35.901305,-20.23380146004196
626.0,6.0,9.07870947402039,-91.988501,-82.823656,-36.59397335839362
626.0,12.0,4.17503067233866,-92.150781,-78.780738,-41.497652160075354
626.0,13.0,38.01478196337077,0.932848,32.149901,-7.657900869043239
626.0,14.0,43.50360179228104,-11.520642,-32.003596,-2.1690810401329728
626.0,15.0,25.798460514086663,-19.764882,14.673478,-19.874222318327348
626.0,17.0,8.534215973991381,-91.972606,-96.927795,-37.13846685842263
626.0,19.0,-7.568561272026355,-87.380771,-123.151873,-53.24124410444037
626.0,24.0,1.0707655721878218,-94.156421,-104.192147,-44.60191726022619
626.0,28.0,31.80968763541513,-9.801112,-59.418552,-13.862995196998881
627.0,2.0,26.99169182234271,-2.050881,-37.131064,-15.53206731136732
627.0,6.0,10.91884049232898,-87.139335,-84.68908,-31.604918641381047
627.0,12.0,4.328123515539199,-64.247864,-84.301011,-38.19563561817083
627.0,14.0,45.12919516168331,-16.472357,-30.277353,2.6054360279732833
627.0,15.0,27.27312030710813,-58.913047,12.891548,-15.2506388266019
627.0,17.0,10.592321614480925,-86.867052,-98.948635,-31.931437519229107
627.0,19.0,-6.08115612999307,-87.232503,-127.141985,-48.6049152637031
627.0,24.0,1.3987172036961968,-91.190488,-109.927986,-41.125041930013836
627.0,28.0,33.43704689978673,-23.213249,-59.010146,-9.0867122339233
628.0,2.0,26.972682035954477,-79.802252,-27.420088,-23.019882062589872
628.0,6.0,10.852501447465162,-153.381758,-64.197568,-39.14006265107919
628.0,12.0,4.377380016588469,-117.060733,-71.003355,-45.61518408195588
628.0,14.0,45.17572666332635,-91.561154,-19.401539,-4.816837435217998
628.0,15.0,27.194218739143132,-94.452878,8.077798,-22.798345359401218
628.0,17.0,10.976083389440216,-126.507151,-76.809557,-39.01648070910413
628.0,19.0,-6.640116497736806,-150.207265,-100.096498,-56.632680596281155
628.0,24.0,1.3794095706246714,-154.74124,-89.396357,-48.613154527919676
628.0,28.0,33.603991475087184,-92.177371,-42.713985,-16.388572623457165
629.0,2.0,25.28276999473112,-65.199979,-26.09882,-29.582096507164138
629.0,6.0,8.218066647543342,-126.930903,-65.176197,-46.64679985435191
629.0,12.0,4.307068175950256,-116.706213,-67.409494,-50.557798325945
629.0,14.0,43.28165685927555,-66.388877,-23.583474,-11.583209642619707
629.0,17.0,8.556422938586602,-105.283333,-79.835384,-46.30844356330866
629.0,19.0,-7.828740108097828,-126.286,-101.190203,-62.69360660999308
629.0,24.0,0.46540543106248145,-133.150339,-86.173203,-54.39946107083278
629.0,28.0,31.37491677617254,-76.715728,-46.534868,-23.489949725722717
630.0,2.0,25.52720697965797,-59.077698,-8.75293,-28.885775187241812
630.0,6.0,8.928923876631815,-98.580417,-34.01031,-45.48405829026797
630.0,12.0,4.324176692046461,-86.983355,-47.359348,-50.08880547485332
630.0,13.0,37.86434008615508,57.865663,23.613282,-16.5486420807447
630.0,14.0,43.61916792402212,-37.601314,-8.773013,-10.793814242877659
630.0,17.0,8.84791783515906,-100.451486,-49.74325,-45.56506433174072
630.0,19.0,-7.611299828363521,-105.231097,-62.51128,-62.0242819952633
630.0,24.0,0.9771726020885341,-105.330167,-54.481664,-53.435809564811244
630.0,28.0,31.916596165900067,-42.591008,-23.860093,-22.496386000999713
631.0,2.0,33.07012610683833,7.524592,-8.224819,-11.826718475180293
631.0,6.0,14.369902963488768,-38.665019,-22.743354,-30.526941618529854
631.0,12.0,5.045798805474216,-48.255728,-40.150122,-39.85104577654441
631.0,15.0,35.75822916234035,-23.089109,-0.802643,-9.138615419678274
631.0,17.0,9.929230874571997,-24.866937,-30.95748,-34.967613707446624
631.0,19.0,-4.3753544399922175,-50.043644,-43.276676,-49.27219902201084
631.0,24.0,2.553018879974659,-44.279306,-44.507081,-42.343825702043965
631.0,28.0,34.50904653455485,-20.960572,-10.833852,-10.387798047463775
632.0,2.0,23.95624901676146,-53.471415,-20.950961,-15.276869901828675
632.0,6.0,5.542929379010249,-93.120622,-38.032026,-33.69018953957989
632.0,12.0,3.9717225642606495,-99.660915,-43.942331,-35.261396354329484
632.0,13.0,36.99870455532039,37.474661,8.01891,-2.2344143632697495
632.0,14.0,40.61284743387215,15.069557,-7.079416,1.379728515282011
632.0,15.0,26.20857931953646,-45.257595,-3.13581,-13.024539599053675
632.0,17.0,5.9990004750840935,-51.877788,-39.215361,-33.23411844350604
632.0,19.0,-8.306193007343602,-97.485152,-55.766057,-47.53931192593374
632.0,24.0,-2.193719045407845,-94.887648,-55.763627,-41.42683796399798
632.0,28.0,28.874859946900713,-47.027189,-20.641489,-10.358258971689423
633.0,2.0,35.98968162078042,-69.307423,-17.211025,-16.844410261454392
633.0,6.0,19.536264999163187,-78.584425,-30.074657,-33.29782688307163
633.0,12.0,7.264218500839043,-84.404312,-31.220064,-45.56987338139577
633.0,13.0,48.353066952087765,71.328136,5.144391,-4.481024930147051
633.0,17.0,18.751736925008053,-33.29367,-29.720348,-34.08235495722676
633.0,19.0,1.1515872900156237,-63.407211,-41.983423,-51.68250459221919
633.0,24.0,4.758663540799748,-68.952658,-41.138771,-48.07542834143507
633.0,28.0,41.15279669381629,-40.76721,-17.081996,-11.681295188418524
634.0,2.0,31.118123826344174,-87.922791,-10.394181,-14.225526970264298
634.0,6.0,15.074491751563523,-114.867979,-17.679286,-30.26915904504495
634.0,12.0,4.717058167089814,-66.097943,-32.686322,-40.626592629518655
634.0,13.0,45.08208460688388,50.517102,3.280172,-0.26156618972459
634.0,17.0,12.506322790901043,-84.86417,-18.711487,-32.83732800570743
634.0,19.0,-2.0506206816365413,-101.616511,-30.594418,-47.39427147824502
634.0,24.0,2.6461278869459095,-127.236187,-36.894445,-42.69752290966256
634.0,28.0,36.65058016490545,-53.366557,-4.511629,-8.693070631703023
635.0,2.0,32.17686011610886,41.726485,48.88492,-17.17792272531254
635.0,6.0,17.176957740062967,-53.495502,28.305802,-32.17782510135844
635.0,12.0,5.415879624037146,-16.866574,-43.725336,-43.93890321738426
635.0,13.0,44.471412012705756,36.165235,51.35785,-4.883370828715648
635.0,17.0,16.763466475656962,-69.426288,-25.31274,-32.59131636576444
635.0,19.0,0.025785733104942032,-71.018654,-21.930349,-49.328997108316464
635.0,24.0,3.52264816450234,-74.649377,-17.465353,-45.83213467691906
635.0,28.0,39.42539299880021,-45.570486,15.741995,-9.929389842621191
636.0,2.0,27.127119532294323,70.841362,61.279297,-1.6649842719553902
636.0,6.0,7.865033774565797,-11.719744,45.819601,-20.927070029683918
636.0,12.0,2.582811990768862,30.559914,-60.378701,-26.209291813480853
636.0,15.0,31.57935757468603,-18.008201,13.995161,2.7872537704363154
636.0,17.0,2.63239257233939,-1.023937,-15.20591,-26.15971123191032
636.0,19.0,-8.20796261303391,-16.298919,-14.647462,-37.00006641728362
636.0,24.0,-2.5292354882850594,-22.066122,-23.625135,-31.321339292534773
636.0,28.0,26.950292297799244,96.212183,36.594083,-1.841811506450469
637.0,2.0,27.247496228355303,25.827269,2.810631,-17.072727947817775
637.0,6.0,7.903331610885266,-27.146398,-35.020617,-36.41689256528781
637.0,12.0,3.5295588380191143,3.233572,-55.421815,-40.790665338153964
637.0,13.0,45.08577313914231,63.990836,43.788664,0.765548962969234
637.0,14.0,40.501283516387,-22.699357,-13.487361,-3.8189406597860796
637.0,15.0,31.880103829197594,-4.288586,25.187732,-12.440120346975483
637.0,17.0,4.328737239408628,-44.437826,-68.208112,-39.991486936764446
637.0,19.0,-8.278376867428886,-47.279106,-78.017852,-52.59860104360196
637.0,24.0,-2.537494547942916,-46.405111,-58.852646,-46.85771872411599
637.0,28.0,28.613484849783042,-10.981283,-31.928696,-15.706739326390036
638.0,2.0,24.761458098202112,-30.859393,-23.376814,-13.7044134248968
638.0,6.0,5.10791268944882,-80.588097,-50.18589,-33.357958833650095
638.0,12.0,3.3139243031001238,-23.921713,-41.378529,-35.15194721999879
638.0,13.0,41.502649226233004,-39.33988,16.750309,3.036777703134092
638.0,14.0,38.28318215608385,-45.024385,-21.804109,-0.18268936701505822
638.0,15.0,29.31421614383067,-78.788494,9.134481,-9.151655379268242
638.0,17.0,0.42546147157778846,-91.044884,-55.714368,-38.04041005152112
638.0,19.0,-8.460401349833978,-69.94312,-70.307128,-46.92627287293289
638.0,24.0,-4.753381085029733,-83.419253,-57.771574,-43.21925260812864
638.0,28.0,26.63033916959325,-32.762373,-36.903656,-11.835532353505663
639.0,2.0,33.64537823018751,-89.307099,-41.239329,-12.794915930056547
639.0,6.0,19.399511418694836,-119.550584,-56.194006,-27.040782741549222
639.0,12.0,5.951774954683011,-38.024963,-27.773518,-40.48851920556105
639.0,13.0,46.274490012153926,-90.314347,-6.413006,-0.16580414809013178
639.0,14.0,52.17854183447123,-22.249712,-24.437217,5.738247674227175
639.0,15.0,34.498003063883374,-91.629785,-5.526933,-11.942291096360684
639.0,17.0,18.51414670027315,-60.322632,-39.550431,-27.926147459970906
639.0,19.0,1.2484792314660476,-102.819832,-56.928762,-45.19181492877801
639.0,24.0,3.9924311356966484,-108.767925,-52.168369,-42.44786302454741
639.0,28.0,40.8355101644591,-47.876069,-35.594629,-5.604783995784956
640.0,2.0,29.892847132694783,-19.400305,-55.328115,-21.31102263832541
640.0,6.0,14.374444577178432,-48.630087,-64.339543,-36.829425193841764
640.0,12.0,4.824075975472017,-59.567011,-38.008767,-46.37979379554818
640.0,14.0,48.8051073003441,39.207225,-18.721502,-2.398762470676097
640.0,17.0,14.959172055903666,-18.530025,-34.815066,-36.24469771511653
640.0,19.0,-2.8698494448269294,-40.470996,-60.40972,-54.07371921584712
640.0,24.0,2.536882172909946,-31.574562,-67.277237,-48.666987598110246
640.0,28.0,37.37393631836878,-1.969279,-31.675473,-13.829933452651417
641.0,2.0,33.66983396077041,-3.547025,-38.351034,-19.051088352420756
641.0,6.0,18.966251470713445,-30.786306,-55.840275,-33.75467084247772
641.0,12.0,6.028524483515833,-38.782115,-49.186177,-46.692397829675336
641.0,17.0,18.359537778425114,-1.261914,-45.343652,-34.36138453476605
641.0,19.0,1.537510712246957,-18.307038,-68.246545,-51.18341160094421
641.0,24.0,4.076076849522226,-20.968381,-70.180146,-48.64484546366894
641.0,28.0,41.00190172631955,3.487662,-29.56496,-11.719020586871615
642.0,2.0,32.28450973093157,-36.569938,-39.576196,-16.49480265244484
642.0,6.0,16.498312914502115,-48.13982,-56.516714,-32.28099946887429
642.0,12.0,5.469290691055139,-38.803001,-48.047888,-43.31002169232127
642.0,17.0,14.682027761494375,-12.869209,-44.646616,-34.09728462188203
642.0,19.0,-0.5469835086230506,-31.794769,-67.623677,-49.32629589199946
642.0,24.0,3.3500657125979414,-53.081218,-69.687754,-45.42924667077847
642.0,28.0,38.64136793912942,-4.087641,-29.925651,-10.13794444424699
643.0,2.0,29.19487531100323,-39.715271,-41.094649,-13.373644564266712
643.0,6.0,12.637885557899859,-42.468421,-57.564278,-29.930634317370085
643.0,12.0,3.6829033245313703,-37.252017,-47.019429,-38.885616550738575
643.0,17.0,9.45408036277473,-11.853913,-44.174073,-33.11443951249521
643.0,19.0,-3.715546844292985,-35.473253,-67.326171,-46.28406671956293
643.0,24.0,1.7470939054889363,-48.767753,-69.48101,-40.821425969781004
643.0,28.0,33.14525899736121,-7.60429,-30.531977,-9.423260877908731
644.0,2.0,29.815986329472615,-19.15586,-38.068712,-16.642891445166512
644.0,6.0,13.635623600553261,-31.707896,-59.349675,-32.82325417408587
644.0,12.0,4.223859483894003,-30.303008,-47.826949,-42.235018290745124
644.0,14.0,47.712725254467934,38.253557,-19.059203,1.2538474798288064
644.0,17.0,12.18601320042567,-39.422768,-51.38541,-34.27286457421346
644.0,19.0,-2.57587907477514,-25.809833,-73.068505,-49.034756849414265
644.0,24.0,2.3566406867659557,-40.328763,-69.943259,-44.10223708787317
644.0,28.0,35.58664879366872,0.191442,-35.305516,-10.872228980970405
645.0,2.0,27.862788247530283,-27.829973,-38.314524,-19.992010788580124
645.0,6.0,11.720639551860412,-26.611414,-59.28539,-36.13415948424999
645.0,12.0,4.615740457535604,-27.444449,-46.589889,-43.239058578574806
645.0,14.0,46.35638928545794,41.440616,-19.511748,-1.4984097506524705
645.0,17.0,12.562439618468554,-32.928521,-50.79742,-35.292359417641855
645.0,19.0,-5.271446840330967,-22.211071,-72.210033,-53.126245876441374
645.0,24.0,1.7036372279615863,-37.48822,-68.88647,-46.15116180814882
645.0,28.0,34.893383400768066,9.638869,-35.462388,-12.961415635342341
646.0,2.0,26.596383023756083,-24.944166,-38.404872,-18.864801194405345
646.0,6.0,10.199519150369058,-25.114057,-59.692078,-35.26166506779237
646.0,12.0,4.574700749910321,-25.183787,-46.358214,-40.88648346825111
646.0,14.0,44.99523544375416,16.198137,-20.078212,-0.46594877440726634
646.0,15.0,27.17910594572492,6.79425,-4.144181,-18.282078272436507
646.0,17.0,10.83952808330781,-14.102857,-51.317119,-34.621656134853616
646.0,19.0,-6.750932730538356,-15.862342,-72.619438,-52.21211694869979
646.0,24.0,1.407885960309337,-35.566217,-68.817905,-44.05329825785209
646.0,28.0,33.55179072237694,-5.353045,-36.04916,-11.909393495784485
647.0,2.0,26.55745578820723,2.233729,-38.653322,-20.891464150063662
647.0,6.0,9.970368285277154,15.319728,-59.850434,-37.47855165299374
647.0,12.0,4.670332920024937,-45.386695,-45.938364,-42.77858701824595
647.0,13.0,38.60756391248884,147.913691,2.606024,-8.841356025782048
647.0,14.0,44.97190066215973,15.128257,-20.335483,-2.4770192761111574
647.0,15.0,27.321959182219075,34.22506,-4.147542,-20.126960756051815
647.0,17.0,10.743115645857818,96.845192,-51.186514,-36.70580429241307
647.0,19.0,-7.0227010283616,-9.518226,-72.437529,-54.47162096663249
647.0,24.0,1.3421299541163825,-12.659654,-68.54947,-46.10678998415451
647.0,28.0,33.477299699436706,-2.145041,-36.219161,-13.971620238834184
648.0,2.0,29.585408738509884,-2.360921,-38.865671,-14.471323122235823
648.0,6.0,12.457276680182865,4.632016,-60.143736,-31.599455180562842
648.0,12.0,3.2553404569946833,-42.496199,-45.973629,-40.801391403751026
648.0,14.0,43.98050888948372,17.667054,-20.523591,-0.07622297126198418
648.0,15.0,32.43006235702492,57.010062,-4.110038,-11.626669503720784
648.0,17.0,6.947185436565595,105.546191,-51.380273,-37.10954642418011
648.0,19.0,-4.814995897768669,-8.968062,-72.682729,-48.871727758514375
648.0,24.0,1.238874325653819,-17.612305,-68.713333,-42.81785753509189
648.0,28.0,31.1900796727236,-6.228958,-36.443141,-12.866652188022108
649.0,2.0,29.264605927620835,-37.78032,-38.803379,-17.316204112872676
649.0,6.0,12.675781698309981,-35.445256,-60.140157,-33.90502834218353
649.0,12.0,3.5265901221089853,-29.839502,-46.172613,-43.054219918384526
649.0,14.0,45.39975684454124,-8.165551,-20.444363,-1.1810531959522734
649.0,17.0,8.781571980222822,-41.211392,-51.477921,-37.79923806027069
649.0,19.0,-3.578902011351888,-41.645887,-72.81252,-50.159712051845396
649.0,24.0,1.7023224504077692,-45.645713,-68.860488,-44.87848759008574
649.0,28.0,32.59254059989275,-0.616088,-36.411045,-13.98826944060076
650.0,2.0,29.64977089456726,-25.494823,-38.586532,-15.681549353675976
650.0,6.0,13.285514667480085,-20.559676,-59.980284,-32.04580558076315
650.0,12.0,3.9333486718719417,-25.57508,-46.466428,-41.3979715763713
650.0,14.0,46.998170792331564,20.997005,-20.226311,1.6668505440883266
650.0,17.0,10.82937013514187,-34.219265,-51.539576,-34.501950113101366
650.0,19.0,-2.889734604138404,-29.411671,-72.894344,-48.22105485238164
650.0,24.0,2.1405294280798612,-35.036118,-69.003782,-43.19079082016338
650.0,28.0,34.441415034446415,3.399276,-36.249098,-10.889905213796823
