515.0,2.0,-123.00908666418219,48.887622,3.901446,-15.862784391262409
515.0,6.0,-131.91583664018933,14.672069,0.675603,-24.769534367269543
515.0,12.0,-140.13150993424037,-2.475752,-14.245376,-32.98520766132059
515.0,13.0,-113.05137817847545,37.803745,5.989189,-5.9050759055556625
515.0,14.0,-109.24422970120331,-7.825549,5.916146,-2.0979274282835263
515.0,15.0,-125.7577925611061,33.846884,-0.786217,-18.611490288186317
515.0,17.0,-131.8730358202488,-14.909345,-6.09413,-24.726733547329005
515.0,19.0,-151.712990346833,-11.229287,-8.932877,-44.56668807391323
515.0,24.0,-152.09267445686461,-14.801848,-11.708181,-44.94637218394483
515.0,28.0,-115.98489191899687,-2.82777,2.603578,-8.838589646077082
516.0,2.0,-110.37449144873543,37.921806,-7.220425,-6.418220598050993
516.0,6.0,-117.74489612463594,4.849894,-9.629785,-13.78862527395151
516.0,12.0,-122.5005415023098,5.652976,-14.598919,-18.544270651625368
516.0,13.0,-103.06319792242749,9.747784,-1.353744,0.8930729282569416
516.0,14.0,-104.70292034426917,-10.985247,1.371093,-0.7466494935847408
516.0,15.0,-111.43769397517167,64.872997,-5.56378,-7.481423124487236
516.0,17.0,-121.91025369512272,3.231098,-7.85611,-17.953982844438286
516.0,19.0,-128.9780730248651,-14.184463,-14.09135,-25.021802174180664
516.0,24.0,-129.0830361037773,-17.452151,-17.906029,-25.126765253092856
516.0,28.0,-110.58367225253369,-8.296959,-2.535573,-6.627401401849255
517.0,2.0,-115.3479467541312,15.421912,-14.717398,-7.512624645236301
517.0,6.0,-123.78302730069561,-32.673673,-15.770597,-15.947705191800708
517.0,12.0,-129.19370065102996,-37.445631,-19.457663,-21.358378542135057
517.0,13.0,-107.5248138016364,9.431442,-6.988718,0.31050830725850176
517.0,14.0,-108.85190845511266,-17.399547,1.879208,-1.016586346217764
517.0,15.0,-117.92123825154745,51.738531,-11.661653,-10.08591614265255
517.0,24.0,-136.89347952273505,-33.907879,-25.936721,-29.05815741384015
517.0,28.0,-114.83541116535635,-29.715554,-3.214302,-7.000089056461448
518.0,2.0,-114.25272311403367,-51.583394,-22.756496,-7.069164637139281
518.0,6.0,-122.47327797640611,-42.433136,-33.297991,-15.289719499511719
518.0,12.0,-127.90061902193423,-52.326267,-29.664626,-20.717060545039843
518.0,13.0,-108.46771441770244,6.038533,-1.707037,-1.2841559408080485
518.0,14.0,-107.58773222367057,-17.116773,-8.432951,-0.40417374677618056
518.0,15.0,-116.86981525887516,-17.283083,-7.205228,-9.686256781980774
518.0,24.0,-135.17111170292216,-59.585248,-42.826703,-27.98755322602777
518.0,28.0,-113.74224817657796,-2.894197,-17.982154,-6.558689699683569
519.0,2.0,-112.34200828786953,-54.413315,-20.275438,-5.479472275928259
519.0,6.0,-118.82518210805573,-63.581683,-36.46308,-11.962646096114455
519.0,12.0,-124.66762246951858,-49.445774,-39.055449,-17.805086457577303
519.0,13.0,-105.47731574629586,3.466482,5.799985,1.3852202656454153
519.0,14.0,-105.76310173274727,-45.949309,-8.955604,1.099434279194
519.0,15.0,-113.93102544321212,-10.104611,-3.53273,-7.068489431270848
519.0,24.0,-130.9137742233238,-66.74391,-51.805854,-24.051238211382525
519.0,28.0,-112.04431790774717,38.069321,-21.387635,-5.181781895805898
520.0,2.0,-110.94463179327167,-45.877687,-19.570493,-4.148321022004609
520.0,6.0,-117.23196560887217,-49.385101,-35.777594,-10.435654837605114
520.0,12.0,-122.78276519723966,-23.852035,-38.472226,-15.986454425972596
520.0,14.0,-104.61159419598907,-34.64418,-8.934011,2.1847165752779887
520.0,15.0,-112.2614241734826,-1.601067,-3.02303,-5.465113402215536
520.0,24.0,-129.138520101362,-53.905621,-50.891107,-22.34220933009493
521.0,2.0,-110.74747645488193,-61.696191,-20.724959,-3.958608055401328
521.0,6.0,-116.35940213084967,-55.361714,-36.768054,-9.570533731369068
521.0,12.0,-122.52907762842844,-62.519288,-39.752691,-15.740209228947833
521.0,13.0,-103.77083391885031,13.09449,5.435447,3.0180344806302912
521.0,14.0,-104.74088839207116,-36.036346,-8.610965,2.04798000740945
521.0,15.0,-112.07706427294053,-18.688108,-4.116033,-5.288195873459927
521.0,19.0,-128.2137311857211,-21.152836,-52.983498,-21.42486278624048
521.0,24.0,-128.49145984341354,-72.90043,-52.610969,-21.70259144393293
521.0,28.0,-109.98508743534362,71.823059,-21.183362,-3.1962190358630096
522.0,2.0,-109.81717763255331,17.248682,-23.135753,-6.017222432915304
522.0,6.0,-116.54462326382543,7.261801,-38.051257,-12.744668064187422
522.0,12.0,-123.96649816754407,-15.608759,-36.021728,-20.166542967906068
522.0,14.0,-101.97816410183475,-3.213124,-10.528662,1.8217910978032563
522.0,15.0,-109.72471278957597,2.027857,-4.694938,-5.924757589937968
522.0,19.0,-131.20091773088475,-28.148891,-50.998101,-27.400962531246748
522.0,24.0,-130.46900777925228,-27.022177,-50.213839,-26.669052579614274
523.0,2.0,-110.74380564743304,-35.62797,-22.457653,-7.737911867074587
523.0,6.0,-118.7818198064137,-23.086754,-36.373191,-15.775926026055245
523.0,12.0,-124.45360934638569,-47.30289,-27.917197,-21.44771556602724
523.0,14.0,-102.01345617076284,-26.123007,-13.439673,0.992437609595612
523.0,15.0,-110.93156049645259,-35.551161,-2.297047,-7.925666716094142
523.0,17.0,-122.79236969802929,-22.55346,-32.875046,-19.786475917670842
523.0,19.0,-132.33906714717293,-68.052496,-45.53746,-29.333173366814478
523.0,24.0,-131.12269962099782,-57.005621,-42.23868,-28.116805840639373
523.0,28.0,-106.73184732396595,18.002411,-23.277318,-3.7259535436075026
524.0,2.0,-110.0495954098265,-36.166978,-27.52361,-5.683915658480785
524.0,6.0,-116.87064668844769,-24.833199,-36.897585,-12.504966937101983
524.0,12.0,-122.23056339454638,-51.001687,-26.338268,-17.86488364320067
524.0,15.0,-110.92866961835844,-38.746408,-8.72297,-6.562989867012732
524.0,17.0,-121.54704962322127,-13.712218,-26.525477,-17.18136987187556
524.0,19.0,-128.6725611387087,-46.834584,-40.935425,-24.306881387362978
524.0,24.0,-128.6946749327056,-30.550464,-42.062033,-24.328995181359886
524.0,28.0,-108.12033825066318,25.679877,-20.218257,-3.754658499317472
525.0,2.0,-111.80882725012003,-73.559448,-23.869448,-11.368403361742281
525.0,6.0,-120.12224551233226,-34.646658,-34.096236,-19.681821623954505
525.0,12.0,-124.55308005684948,-61.675958,-30.753319,-24.11265616847173
525.0,17.0,-123.61408423384782,-41.196399,-27.484313,-23.17366034547007
525.0,19.0,-131.60134711211336,-76.422043,-42.110918,-31.160923223735608
525.0,24.0,-131.5279607508841,-49.684583,-44.269078,-31.08753686250634
525.0,28.0,-110.09595136048361,-6.994798,-17.768545,-9.65552747210586
526.0,2.0,-108.49367843902792,-59.417197,-28.613453,-9.573492152758945
526.0,6.0,-114.09250732131852,-48.73321,-32.882251,-15.17232103504955
526.0,12.0,-120.53476167015288,-68.605247,-36.137531,-21.614575383883903
526.0,14.0,-101.9744641116005,23.82222,-0.033644,-3.054277825331525
526.0,17.0,-119.73754163407008,-35.200534,-19.566919,-20.81735534780111
526.0,19.0,-126.83010541344579,-69.652447,-38.318531,-27.90991912717682
526.0,24.0,-126.62254761821328,-75.266481,-49.652143,-27.702361331944303
526.0,28.0,-106.88980309139906,-11.417822,-10.025786,-7.969616805130087
527.0,2.0,-109.38803715213828,-15.386893,-21.988496,-9.037794612952197
527.0,6.0,-116.13729806597856,-8.709014,-24.885761,-15.787055526792471
527.0,12.0,-122.00173746016037,-40.037001,-27.92633,-21.651494920974287
527.0,14.0,-103.0734195255583,33.332013,0.539902,-2.7231769863722093
527.0,17.0,-121.5417109832274,-6.910474,-14.416641,-21.19146844404132
527.0,19.0,-128.42061162499115,-16.10605,-28.944275,-28.07036908580507
527.0,24.0,-128.49812295030497,-20.068772,-38.160208,-28.14788041111889
527.0,28.0,-107.74152079521687,34.221415,-7.094699,-7.3912782560307875
528.0,2.0,-113.24599163743883,-26.875524,-19.584986,-11.253444574569585
528.0,6.0,-122.65069609357508,-0.541857,-26.77965,-20.65814903070583
528.0,12.0,-127.31223487520741,-20.633272,-25.350199,-25.31968781233816
528.0,14.0,-105.66921052003721,-3.601754,-4.996691,-3.6766634571679617
528.0,17.0,-125.04672856058473,-0.082103,-20.569232,-23.054181497715476
528.0,19.0,-134.0203181821379,-10.452338,-32.820571,-32.027771119268664
528.0,24.0,-135.44601452745357,-33.639839,-36.001482,-33.45346746458432
528.0,28.0,-112.12927610633773,40.576411,-12.804442,-10.136729043468478
529.0,2.0,-114.53637727897312,-11.566461,-20.45924,-13.298154701689725
529.0,6.0,-124.74298170470698,-28.819693,-27.612713,-23.504759127423583
529.0,12.0,-129.96805969396596,-34.692525,-23.570078,-28.72983711668256
529.0,14.0,-107.23379725519209,42.156932,-6.389875,-5.995574677908692
529.0,17.0,-127.01978995117491,-3.370495,-20.51751,-25.78156737389152
529.0,19.0,-137.44528206836512,-19.802706,-32.455535,-36.20705949108172
529.0,24.0,-138.30026291588464,-40.668231,-34.87851,-37.06204033860125
529.0,28.0,-113.43514255920482,-3.481248,-13.879321,-12.196919981921425
530.0,2.0,-109.6916778776488,-3.515368,-18.916267,-8.740989959130602
530.0,6.0,-115.59499841482102,-40.8668,-28.482941,-14.644310496302822
530.0,12.0,-122.43654720667502,-44.846499,-25.276016,-21.485859288156817
530.0,17.0,-123.31481357076603,-10.525446,-24.312973,-22.364125652247836
530.0,19.0,-128.5978275377632,-38.738263,-35.918782,-27.64713961924501
530.0,24.0,-127.73170825212287,-51.382635,-36.370747,-26.781020333604673
530.0,28.0,-110.77476553314877,-1.092779,-15.857962,-9.824077614630568
531.0,6.0,-113.72911829242506,-16.234051,-27.912926,-16.183662390427045
531.0,12.0,-120.11977036485607,-23.1489,-24.846508,-22.574314462858055
531.0,13.0,-101.1419024182749,211.319111,-0.000986,-3.5964465162768846
531.0,17.0,-120.5925278541751,-18.640438,-24.220746,-23.04707195217709
531.0,19.0,-126.38651305038954,-18.277592,-35.487684,-28.841057148391528
531.0,24.0,-125.84730066963547,-19.700473,-35.646761,-28.301844767637462
531.0,28.0,-108.03611947316999,23.402614,-15.751561,-10.490663571171979
532.0,6.0,-114.19160552030604,10.913747,-27.048321,-8.327981698612206
532.0,12.0,-120.7292423489899,13.686732,-24.173555,-14.865618527296064
532.0,15.0,-111.27129645121656,-24.640438,-3.319012,-5.407672629522722
532.0,17.0,-121.55982589391542,5.168585,-24.604486,-15.696202072221581
532.0,19.0,-126.85710159392711,8.829406,-35.17601,-20.993477772233277
532.0,24.0,-126.3395488203264,2.489339,-34.45147,-20.475924998632564
532.0,28.0,-109.08900615534832,41.859408,-15.925316,-3.22538233365448
533.0,6.0,-113.97801678409938,9.415396,-27.031917,-4.987979045441634
533.0,12.0,-120.40368061891289,9.356659,-24.457017,-11.41364288025514
533.0,13.0,-102.69162804489203,71.362579,1.788965,6.29840969376572
533.0,15.0,-111.04037436761865,-1.003473,-2.999211,-2.050336628960906
533.0,17.0,-121.06220961081232,-1.060913,-25.016872,-12.07217187215457
533.0,19.0,-126.31901370558626,4.330953,-35.544097,-17.32897596692851
533.0,24.0,-126.07942282709753,3.843898,-34.631114,-17.089385088439784
533.0,28.0,-109.58316258413754,8.314057,-16.051121,-0.5931248454797924
534.0,6.0,-114.12087736727506,6.033916,-26.892078,-7.733217623971015
534.0,12.0,-120.65736475838241,1.627818,-24.876542,-14.269705015078372
534.0,13.0,-103.64446103803814,2.564584,1.936649,2.743198705265897
534.0,14.0,-103.7734168025529,17.455475,-7.681409,2.61424294075114
534.0,17.0,-121.17064587680528,-5.712418,-25.065786,-14.78298613350124
534.0,19.0,-126.45536124134301,3.069228,-35.672918,-20.06770149803897
534.0,24.0,-126.34718205956622,0.346691,-34.916667,-19.95952231626218
534.0,28.0,-109.69427904822285,13.674512,-15.841801,-3.3066193049188115
535.0,2.0,-108.90973600071334,83.693471,-16.524819,-0.0945383110639284
535.0,6.0,-114.83571947213748,3.991765,-26.854618,-6.020521782488075
535.0,12.0,-121.44269419074755,3.127619,-25.177806,-12.627496501098136
535.0,13.0,-104.29519722286139,10.040975,1.747954,4.520000466788019
535.0,14.0,-104.57483754386355,-0.232754,-7.387847,4.240360145785857
535.0,17.0,-121.68962895257584,-7.126576,-24.893176,-12.874431262926436
535.0,19.0,-127.05665672179802,-5.031393,-35.649996,-18.24145903214861
535.0,24.0,-127.12011545019837,-1.660073,-35.1897,-18.30491776054896
535.0,28.0,-110.32861352222062,0.185917,-15.587783,-1.5134158325712121
536.0,6.0,-116.16974989308429,-9.657876,-26.793595,-11.71488805860001
536.0,12.0,-122.72823880969733,-9.172946,-25.483376,-18.273376975213054
536.0,13.0,-104.44155824223674,-2.646272,1.702521,0.013303592247538631
536.0,14.0,-105.08993102789144,-8.66144,-7.137823,-0.635069193407162
536.0,15.0,-112.08241089422972,100.623965,-3.588323,-7.627549059745448
536.0,17.0,-122.55569531010822,-14.917725,-24.825862,-18.100833475623944
536.0,19.0,-128.24357303130537,-10.703403,-35.689905,-23.788711196821097
536.0,24.0,-128.47172383728113,-15.950128,-35.436312,-24.016862002796856
536.0,28.0,-110.8980151240106,-2.797628,-15.387616,-6.443153289526322
537.0,2.0,-108.56343192445814,-20.386484,-16.809318,-5.020904189687997
537.0,6.0,-114.32107793420349,-34.540535,-26.9996,-10.77855019943334
537.0,12.0,-120.71899195885538,-34.913913,-25.506121,-17.176464224085237
537.0,13.0,-103.00837948686274,90.239104,1.467244,0.5341482479074102
537.0,14.0,-104.02831438068995,-36.223812,-7.173354,-0.48578664591980214
537.0,15.0,-110.71226991408568,101.030595,-3.774216,-7.169742179315534
537.0,17.0,-120.87845259899156,-40.816832,-24.775813,-17.33592486422141
537.0,19.0,-126.33011242354343,-38.655924,-35.739465,-22.78758468877328
537.0,24.0,-126.43215040401896,-44.759934,-35.582256,-22.88962266924881
537.0,28.0,-109.5950572626179,-31.77848,-15.429626,-6.052529527847753
538.0,2.0,-108.57158642408965,31.943322,-17.478463,-4.875112128362645
538.0,6.0,-114.51804396724341,-7.653447,-27.553738,-10.821569671516414
538.0,12.0,-120.78697277688431,-8.337547,-25.084269,-17.09049848115731
538.0,13.0,-102.88440246828642,18.001619,0.954382,0.812071827440576
538.0,14.0,-103.95981710153534,-2.440314,-7.611405,-0.26334280580833536
538.0,17.0,-120.49262735350491,-8.576227,-24.715275,-16.796153057777914
538.0,19.0,-126.29263963097122,-11.125278,-35.7524,-22.596165335244223
538.0,24.0,-126.52364734597933,-16.189889,-35.533113,-22.827173050252327
538.0,28.0,-109.58250971205578,-16.282527,-15.79983,-5.886035416328781
539.0,2.0,-110.07992533390313,27.380189,-18.840855,-5.9024445792578035
539.0,6.0,-115.73808497803748,-28.690562,-28.030866,-11.560604223392147
539.0,12.0,-122.56149890402507,-17.91238,-24.096304,-18.38401814937974
539.0,14.0,-104.8811151950632,-21.862646,-7.768758,-0.703634440417872
539.0,17.0,-122.61363070005713,1.326864,-23.496803,-18.4361499454118
539.0,19.0,-127.87648995480433,-33.576952,-34.762362,-23.699009200158997
539.0,24.0,-128.2989339232814,-33.654904,-35.102192,-24.121453168636066
539.0,28.0,-110.69757522905884,-21.822566,-15.66475,-6.520094474413511
540.0,2.0,-110.06391054671356,-19.108976,-17.474462,-2.887401305255821
540.0,6.0,-115.89657715281298,-50.696987,-29.376499,-8.720067911355244
540.0,12.0,-122.4608726829942,-51.958153,-25.953327,-15.284363441536456
540.0,13.0,-103.65481236949097,-32.533363,2.876325,3.5216968719667676
540.0,14.0,-104.88365699451768,-15.253937,-9.39042,2.2928522469400576
540.0,15.0,-112.2222451136742,-0.804696,-2.094024,-5.0457358722164685
540.0,17.0,-122.27119792133934,-52.013138,-27.852968,-15.0946886798816
540.0,19.0,-127.71844170777855,-54.383521,-38.829537,-20.541932466320816
540.0,24.0,-128.3184435380964,-49.433778,-36.916927,-21.141934296638667
540.0,28.0,-110.39320876989376,-25.427028,-18.115504,-3.216699528436024
541.0,2.0,-106.20073522349387,-50.205222,-19.048394,-3.984736378080541
541.0,6.0,-112.86374358194337,-69.027934,-27.785084,-10.647744736530043
541.0,12.0,-118.96562439744434,-61.282436,-27.017772,-16.74962555203102
541.0,13.0,-100.68161528968338,29.057796,-1.242667,1.5343835557299457
541.0,14.0,-101.65684419504271,-28.286024,-5.674864,0.5591546503706155
541.0,15.0,-107.98851972528327,-13.428458,-6.834053,-5.772520879869944
541.0,17.0,-116.27496665117226,-44.126129,-23.158449,-14.05896780575894
541.0,19.0,-124.59636983247256,-77.686192,-35.489481,-22.380370987059237
541.0,24.0,-124.9402726733466,-73.971529,-37.65983,-22.724273827933274
541.0,28.0,-105.89456167665242,-34.586306,-14.089986,-3.6785628312390912
542.0,2.0,-108.45145430820307,-22.963882,-22.267322,-4.800101032527735
542.0,6.0,-113.22976968646707,-51.376311,-26.818407,-9.578416410791732
542.0,12.0,-120.0327934253,-41.34604,-22.837888,-16.381440149624666
542.0,13.0,-102.82533997266492,27.196639,-7.54072,0.8260133030104129
542.0,14.0,-103.24674788471648,0.506127,-4.480953,0.4046053909588494
542.0,15.0,-110.38034958354204,7.136555,-11.176284,-6.7289963078667085
542.0,17.0,-120.39343431393091,-47.637515,-16.575732,-16.742081038255577
542.0,19.0,-125.56031704304168,-46.927268,-29.243374,-21.908963767366345
542.0,24.0,-125.77348596693493,-53.205309,-34.295866,-22.122132691259594
542.0,28.0,-108.92377169772428,-26.773986,-11.416465,-5.272418422048943
543.0,2.0,-109.41730711825137,-17.688718,-19.205713,-3.032531962721265
543.0,6.0,-114.78656487886138,-28.980869,-27.260994,-8.401789723331277
543.0,12.0,-121.8334798780719,-30.552492,-27.083543,-15.448704722541791
543.0,13.0,-103.67575857552156,3.941637,-2.0129,2.7090165800085515
543.0,15.0,-111.57137737255367,14.639138,-7.712346,-5.186602217023562
543.0,17.0,-121.65667838885614,-42.702056,-22.072489,-15.271903233326029
543.0,19.0,-126.94249131505295,-47.824935,-34.589764,-20.55771615952284
543.0,24.0,-127.518291596696,-43.206084,-37.564943,-21.133516441165895
543.0,28.0,-109.84028684558061,-2.189376,-13.170714,-3.4555116900505
544.0,2.0,-107.47678451829475,-14.950769,-14.299183,-4.595400133313845
544.0,6.0,-112.72891712039069,-49.095384,-29.260865,-9.847532735409786
544.0,12.0,-119.16429022654827,-42.843648,-35.678381,-16.28290584156737
544.0,13.0,-101.95938692645811,31.282946,8.227912,0.9219974585227959
544.0,14.0,-102.68187386228425,25.189963,-6.087162,0.1995105226966558
544.0,15.0,-109.6707476069212,-28.872594,-1.349301,-6.789363221940292
544.0,17.0,-117.75277138234216,-27.944253,-33.246932,-14.871386997361256
544.0,19.0,-124.80109226193173,-56.285807,-45.857697,-21.919707876950824
544.0,24.0,-124.9189593982647,-47.022149,-44.834843,-22.0375750132838
544.0,28.0,-106.95964895946705,7.660122,-17.201739,-4.078264574486141
545.0,2.0,-107.97958169119306,-32.542369,-6.748909,-3.0009569797276328
545.0,6.0,-113.15089359060433,-64.719464,-20.904839,-8.172268879138898
545.0,12.0,-119.85971164985357,-69.410492,-32.018212,-14.881086938388137
545.0,13.0,-102.73836847319657,57.443567,11.682029,2.240256238268856
545.0,14.0,-103.05176508281966,-7.437753,-3.195407,1.9268596286457722
545.0,15.0,-109.89862309360367,-10.729498,1.650598,-4.919998382138246
545.0,17.0,-120.02887791722644,-70.667624,-29.354154,-15.05025320576101
545.0,19.0,-125.19644779676182,-70.377765,-38.831894,-20.217823085296388
545.0,24.0,-125.57979062459893,-68.292034,-37.090945,-20.6011659131335
545.0,28.0,-108.45945595459608,-24.832754,-12.936351,-3.480831243130652
546.0,2.0,-106.71882597878948,-43.736222,-17.543434,-4.51254533621011
546.0,6.0,-112.85277342493447,-43.772455,-28.342148,-10.646492782355097
546.0,12.0,-118.65816210167458,-50.952978,-30.415898,-16.451881459095205
546.0,13.0,-101.72116765469009,60.838329,1.910675,0.4851129878892806
546.0,17.0,-118.39301008314779,-50.997228,-26.572851,-16.186729440568413
546.0,19.0,-124.16989520700497,-48.487726,-39.177981,-21.963614564425598
546.0,24.0,-124.58933908435509,-51.083221,-40.52415,-22.383058441775717
546.0,28.0,-106.48313544810526,-56.491843,-14.958684,-4.276854805525886
547.0,2.0,-107.25279190564663,-9.983175,-20.062996,-2.3836296319796872
547.0,6.0,-113.16851009662139,-13.499167,-28.416604,-8.299347822954445
547.0,12.0,-118.90543555535658,-17.295837,-27.574042,-14.036273281689631
547.0,13.0,-101.52048729180099,58.568484,-2.152178,3.3486749818659547
547.0,15.0,-109.05451633400587,-10.72333,-7.797761,-4.185354060338923
547.0,17.0,-117.74389097915207,-26.809525,-22.856344,-12.874728705485126
547.0,19.0,-124.38245207560874,-20.008853,-35.709462,-19.513289801941795
547.0,24.0,-124.8488881124106,-22.413638,-38.56085,-19.97972583874366
548.0,2.0,-108.3185482104387,6.818075,-20.922666,-2.7389966735056674
548.0,6.0,-113.83914367644118,-2.794728,-32.977088,-8.259592139508143
548.0,12.0,-120.20740086450914,-3.685077,-36.196284,-14.6278493275761
548.0,13.0,-102.41719003121428,17.858808,1.452994,3.1623615057187635
548.0,15.0,-110.44918244716142,-8.87786,-7.15961,-4.869630910228381
548.0,19.0,-125.36374237590067,-9.457826,-45.459376,-19.784190838967632
548.0,24.0,-125.96627012568092,-9.87333,-47.96737,-20.386718588747883
548.0,28.0,-107.98143160929584,14.838284,-16.67155,-2.4018800723628004
549.0,2.0,-111.08192541842544,-7.875906,-22.401661,-4.152468924418372
549.0,6.0,-118.14408539236564,-13.959872,-34.352662,-11.21462889835857
549.0,12.0,-123.98196110475362,-14.677112,-37.387655,-17.052504610746553
549.0,13.0,-104.42296303112056,-6.626648,0.539626,2.5064934628865103
549.0,15.0,-113.04152610477497,-6.455661,-8.240913,-6.112069610767904
549.0,19.0,-129.06558441590232,-13.844224,-46.651126,-22.136127921895252
549.0,24.0,-130.33978226470722,-19.026784,-49.810119,-23.410325770700155
550.0,2.0,-109.71719084726635,-42.760257,-25.539533,-10.895461123632387
550.0,6.0,-115.7281157975734,-52.896861,-37.620435,-16.90638607393943
550.0,12.0,-122.19335727573058,-55.512125,-40.230664,-23.371627552096612
550.0,14.0,-103.46231617600063,97.602966,-5.788774,-4.640586452366662
550.0,19.0,-127.19381813471449,-58.124787,-49.840824,-28.372088411080526
550.0,24.0,-128.20978494106132,-61.32431,-54.126194,-29.38805521742735
550.0,28.0,-109.15722640719956,-31.090811,-17.956453,-10.335496683565594
551.0,2.0,-108.07765952960838,-16.094849,-32.781329,-11.69581760735619
551.0,6.0,-113.51518022984526,-21.365973,-44.708142,-17.133338307593064
551.0,12.0,-120.17919913404991,-21.440995,-47.189783,-23.797357211797717
551.0,19.0,-125.17776181154835,-23.139485,-56.712027,-28.795919889296158
551.0,24.0,-125.85474288244114,-29.887166,-64.297591,-29.47290096018895
552.0,2.0,-107.81247489938639,5.323325,-36.973643,-7.131582104858097
552.0,6.0,-112.8919988460276,-6.691642,-48.86984,-12.211106051499314
552.0,12.0,-119.6741566243824,-13.623675,-52.296059,-18.993263829854115
552.0,13.0,-102.41734062278519,-1.669364,-7.42423,-1.7364478282568996
552.0,19.0,-124.73006983887626,-15.359217,-61.2468,-24.04917704434797
552.0,24.0,-125.39855132755982,-15.514068,-71.161995,-24.717658533031525
553.0,2.0,-108.92269864869992,8.676639,-37.988437,-5.143728956586031
553.0,6.0,-114.50305070176478,0.194135,-50.84643,-10.724081009650888
553.0,12.0,-121.24213354519007,-5.422475,-53.484081,-17.463163853076182
553.0,13.0,-102.93746509917707,-3.33791,-6.966367,0.8415045929368148
553.0,17.0,-119.9640204917878,-11.552384,-38.486411,-16.185050799673917
553.0,19.0,-126.14550144828851,-11.456336,-63.750785,-22.366531756174624
553.0,24.0,-127.19916034910379,-5.610156,-73.099901,-23.420190656989902
553.0,28.0,-108.63376625754651,57.054363,-21.599028,-4.854796565432622
554.0,2.0,-122.75625136093069,7.783137,-40.071066,-25.88087132034667
554.0,6.0,-133.11501175179885,-22.50689,-52.655023,-36.23963171121483
554.0,12.0,-136.66343162954877,-25.852808,-52.311153,-39.78805158896475
554.0,17.0,-135.67976503401175,-36.609911,-38.461719,-38.80438499342773
554.0,19.0,-152.03453159081238,-35.714992,-63.983704,-55.15915155022836
554.0,24.0,-151.29552942834903,-42.092469,-73.114431,-54.42014938776501
554.0,28.0,-115.45452464257396,30.122485,-22.834309,-18.579144601989938
555.0,2.0,-110.9526371649745,-60.555598,-42.523678,-6.690202210418406
555.0,6.0,-118.59025281299714,-86.623949,-55.179342,-14.327817858441037
555.0,12.0,-123.87295325662869,-86.579021,-54.262344,-19.61051830207259
555.0,13.0,-103.83072881677948,-10.380389,-9.744228,0.43170613777661515
555.0,17.0,-121.29438264892438,-35.009045,-39.497104,-17.031947694368284
555.0,19.0,-129.16727058998669,-82.589517,-66.308675,-24.904835635430587
555.0,24.0,-130.80777979884462,-89.534411,-76.233491,-26.545344844288522
555.0,28.0,-109.10464858174109,22.652437,-23.668184,-4.842213627184989
556.0,2.0,-112.90857287159847,-29.932583,-43.011254,-8.671048676612585
556.0,6.0,-121.7825232339808,-66.659821,-55.6193,-17.544999038994916
556.0,12.0,-127.00038448166558,-49.095754,-53.260289,-22.762860286679697
556.0,13.0,-105.43505127077432,-59.972495,-10.093585,-1.197527075788443
556.0,17.0,-122.8446985162395,-32.812106,-39.426191,-18.607174321253623
556.0,19.0,-132.97709014649456,-65.237173,-66.061712,-28.73956595150868
556.0,24.0,-135.6760829931099,-74.188597,-75.588685,-31.43855879812402
556.0,28.0,-109.95781822005813,37.695508,-24.237783,-5.720294025072249
557.0,2.0,-119.42178749015237,-51.019651,-44.078321,-11.75100898298571
557.0,6.0,-130.47006133266703,-52.015432,-56.493498,-22.79928282550037
557.0,12.0,-140.65904786861697,-54.363969,-53.808116,-32.98826936145031
557.0,13.0,-111.25425458183551,-36.585094,-10.873349,-3.5834760746688517
557.0,14.0,-103.91466472867052,78.968922,-8.235879,3.756113778496143
557.0,17.0,-127.75535376758101,15.506336,-39.464787,-20.084575260414354
557.0,19.0,-147.88658599074668,-53.999273,-66.604796,-40.21580748358002
557.0,24.0,-150.62865109449635,-57.674115,-76.598218,-42.95787258732969
557.0,28.0,-110.30014227704011,68.084274,-24.383236,-2.62936376987345
558.0,2.0,-110.38273991576169,-30.017589,-45.240176,-7.827094900619684
558.0,6.0,-117.43000356592418,-41.173514,-57.730784,-14.874358550782176
558.0,12.0,-122.96107284697027,-34.14594,-54.064931,-20.405427831828263
558.0,13.0,-103.56547295640345,-12.326849,-11.442019,-1.0098279412614488
558.0,17.0,-120.88045908932618,4.094933,-39.939975,-18.324814074184175
558.0,19.0,-128.1244420889921,-35.224752,-67.469474,-25.568797073850106
558.0,24.0,-129.4990409192318,-46.83954,-77.491133,-26.943395904089783
559.0,2.0,-107.06587832670711,-18.067847,-45.703497,-8.266771357293308
559.0,6.0,-113.39096814723345,-28.446989,-58.017509,-14.591861177819652
559.0,12.0,-119.13529062155379,-31.911156,-54.51583,-20.336183652139994
559.0,13.0,-100.72818916556285,-30.610046,-11.857636,-1.9290821961490536
559.0,19.0,-124.48405105482735,-37.420318,-67.656953,-25.684944085413548
559.0,24.0,-125.34701828610508,-48.639167,-78.083765,-26.547911316691284
560.0,2.0,-110.37170555212045,-7.361988,-45.861443,-6.842543620348593
560.0,6.0,-116.31937272444088,-19.702331,-58.041838,-12.79021079266903
560.0,12.0,-123.51625198903312,-22.449364,-54.758915,-19.98709005726127
560.0,13.0,-104.43255108487786,-25.128867,-12.059332,-0.903389153106005
560.0,17.0,-122.2595997063385,-45.439105,-39.672436,-18.730437774566653
560.0,19.0,-128.27570471190248,-28.577787,-67.646245,-24.746542780130625
560.0,24.0,-129.22449572325874,-38.261906,-78.335741,-25.69533379148689
561.0,2.0,-116.3840189750246,10.830861,-45.906492,-6.017989671920091
561.0,6.0,-125.47072570748489,-16.713315,-58.043488,-15.104696404380377
561.0,12.0,-134.28614710359366,-17.155552,-54.738377,-23.92011780048915
561.0,13.0,-110.16450301631937,-24.667152,-12.112251,0.20152628678513906
561.0,17.0,-128.3476706015663,-46.32695,-39.605502,-17.981641298461795
561.0,19.0,-138.9453303750358,-28.429144,-67.59014,-28.579301071931297
561.0,24.0,-140.20275520741117,-36.921236,-78.320298,-29.83672590430666
562.0,2.0,-113.95369713167744,-18.027102,-45.91456,-13.108453724464653
562.0,6.0,-122.28946571834946,-34.435499,-58.034094,-21.44422231113667
562.0,12.0,-128.08042866066484,-27.969984,-54.70814,-27.235185253452045
562.0,13.0,-105.81883639947756,-28.866754,-12.117408,-4.97359299226477
562.0,17.0,-123.31246050310199,-45.330617,-39.570192,-22.467217095889197
562.0,19.0,-133.68843137475557,-48.070604,-67.547507,-32.843187967542775
562.0,24.0,-136.89803891067086,-50.307728,-78.28428,-36.05279550345807
563.0,2.0,-115.42778858391648,-20.416587,-45.862517,-12.686528727515821
563.0,6.0,-124.12672920192557,-24.849514,-57.972222,-21.38546934552491
563.0,12.0,-131.12157415582192,-26.05991,-54.674305,-28.380314299421258
563.0,13.0,-107.20191768762359,-54.129063,-12.080043,-4.460657831222932
563.0,17.0,-125.47863121743899,-52.902416,-39.53039,-22.737371361038328
563.0,19.0,-136.84605156119696,-34.336258,-67.481058,-34.1047917047963
563.0,24.0,-138.73446916329166,-44.780495,-78.214122,-35.993209306891
563.0,28.0,-110.42526181039636,50.658668,-24.649776,-7.684001953995704
564.0,2.0,-117.62314848356536,-19.329321,-45.795968,-20.615860865242183
564.0,6.0,-127.36091470443547,-38.824949,-57.886066,-30.353627086112297
564.0,12.0,-135.361103404133,-40.114131,-54.62642,-38.353815785809815
564.0,17.0,-125.97633518222173,-62.928599,-39.468604,-28.969047563898556
564.0,19.0,-141.20462193969706,-47.709691,-67.385911,-44.19733432137389
564.0,24.0,-145.7687979406567,-57.109554,-78.120145,-48.76151032233352
565.0,2.0,-117.56682818938444,-36.1245,-45.716214,-19.761982964214596
565.0,6.0,-129.19753350381782,-62.599113,-57.785721,-31.39268827864798
565.0,12.0,-136.70698708055298,-64.174949,-54.578015,-38.902141855383135
565.0,13.0,-108.70967104841088,-99.165072,-12.003206,-10.90482582324104
565.0,14.0,-103.4118230001776,136.615856,-8.198486,-5.606977775007763
565.0,17.0,-126.64584025498549,-98.860226,-39.401454,-28.840995029815645
565.0,19.0,-145.1615224696263,-63.347713,-67.281734,-47.35667724445646
565.0,24.0,-147.78556826176296,-78.644825,-78.018035,-49.98072303659312
565.0,28.0,-109.55229978010769,60.715371,-24.531994,-11.747454554937846
566.0,2.0,-118.47384149937531,-30.744219,-45.629653,-22.674624929436604
566.0,6.0,-130.65754507964886,-40.604547,-57.681323,-34.85832850971015
566.0,12.0,-139.96757995038132,-42.933953,-54.540119,-44.168363380442614
566.0,17.0,-127.72665842128114,-29.25662,-39.33826,-31.927441851342437
566.0,19.0,-148.74342522036343,-35.858306,-67.182459,-52.94420865042473
566.0,24.0,-150.23573878762025,-54.708711,-77.922404,-54.43652221768154
566.0,28.0,-109.82340653105535,53.242942,-24.464832,-14.024189961116647
567.0,2.0,-117.94970887858658,-42.182202,-45.535599,-21.633442285499825
567.0,6.0,-128.818992811453,-34.247278,-57.570528,-32.50272621836625
567.0,12.0,-137.04991145068055,-33.072539,-54.507733,-40.7336448575938
567.0,17.0,-126.58517961160894,-50.756936,-39.27547,-30.268913018522184
567.0,19.0,-143.83856423634742,-29.664102,-67.083056,-47.52229764326067
567.0,24.0,-147.72650466262243,-39.517705,-77.827867,-51.41023806953568
567.0,28.0,-110.82978958433841,74.864622,-24.392875,-14.513522991251662
568.0,2.0,-119.11304823639091,-63.013936,-45.432922,-20.404991368556267
568.0,6.0,-130.32581468720403,-58.308395,-57.472353,-31.617757819369388
568.0,12.0,-140.82257261016218,-64.899453,-54.518299,-42.11451574232754
568.0,13.0,-110.32322270769927,239.259713,-11.817068,-11.61516583986463
568.0,17.0,-127.94424639035802,-42.297803,-39.250753,-29.236189522523375
568.0,19.0,-146.9628396360449,-46.058106,-67.029082,-48.25478276821025
568.0,24.0,-150.6671985803307,-61.045387,-77.773735,-51.95914171249606
568.0,28.0,-111.05264760142742,62.270519,-24.330975,-12.344590733592781
569.0,2.0,-109.91874685601147,-47.806843,-45.287057,-15.689310833184294
569.0,6.0,-125.03365108999714,-50.308529,-57.343251,-30.804215067169963
569.0,12.0,-130.71739571497582,-50.156576,-54.596176,-36.48795969214865
569.0,13.0,-101.92207039407774,-58.004134,-11.694065,-7.692634371250563
569.0,17.0,-125.66920796649738,-30.742005,-39.242478,-31.43977194367021
569.0,19.0,-143.26942021313025,-43.204733,-66.998637,-49.03998419030307
569.0,24.0,-138.54822603283918,-46.604354,-77.759396,-44.31879001001201
569.0,28.0,-106.78861155269973,63.565728,-24.237186,-12.559175529872562
570.0,6.0,-121.53316195083875,-23.660947,-57.097546,-18.014524242874614
570.0,12.0,-127.39461290247138,-40.982693,-54.736024,-23.875975194507248
570.0,13.0,-105.72233065676778,-19.090697,-11.52917,-2.203692948803649
570.0,17.0,-123.09189774875212,-2.257607,-39.185228,-19.573260040787986
570.0,19.0,-132.54373088587352,-20.190023,-66.914378,-29.025093177909383
570.0,24.0,-135.57277579633964,-19.519763,-77.739043,-32.05413808837551
570.0,28.0,-110.55556627033654,92.262199,-24.038009,-7.03692856237241
571.0,2.0,-109.72286290687194,-34.415925,-44.727669,-8.580655326704488
571.0,6.0,-115.55630186500653,-55.032151,-56.788227,-14.41409428483908
571.0,12.0,-122.0934759582048,-53.67069,-54.88871,-20.951268378037355
571.0,13.0,-103.39035490784721,-32.356342,-11.318315,-2.24814732767976
571.0,14.0,-103.10647058851063,84.511544,-7.471332,-1.9642630083431811
571.0,17.0,-120.60719876210915,-14.602215,-39.119245,-19.4649911819417
571.0,19.0,-126.93365508528224,-51.516634,-66.805242,-25.79144750511479
571.0,24.0,-128.18332847460042,-57.616102,-77.693336,-27.041120894432964
571.0,28.0,-109.17796777866425,37.534993,-23.801467,-8.035760198496803
572.0,2.0,-110.0496947130347,-69.573529,-43.350103,-10.877654489371466
572.0,6.0,-116.77106056920033,-86.045729,-55.690515,-17.5990203455371
572.0,12.0,-122.41003894330373,-96.56645,-54.345911,-23.2379987196405
572.0,14.0,-102.4711911896036,8.247001,-7.398743,-3.2991509659403704
572.0,17.0,-120.35190745580893,-59.838868,-39.12952,-21.179867232145696
572.0,19.0,-127.50832638951715,-91.887171,-66.204895,-28.33628616585392
572.0,24.0,-128.90746190813957,-92.772424,-76.526938,-29.735421684476336
572.0,28.0,-109.12638069118154,25.271804,-23.587097,-9.954340467518307
573.0,2.0,-111.05053074991537,-75.941915,-45.264332,-12.719490539178864
573.0,6.0,-119.88661027060957,-98.976315,-57.916347,-21.555570059873062
573.0,12.0,-125.00930033378894,-97.859432,-53.011957,-26.67826012305244
573.0,13.0,-103.22700856718185,-1.274363,-11.053261,-4.895968356445351
573.0,14.0,-102.27747561950248,56.699459,-9.535591,-3.9464354087659785
573.0,17.0,-121.6611982825287,-61.401014,-40.015658,-23.330158071792198
573.0,19.0,-131.20388423155526,-97.46626,-67.141006,-32.87284402081876
573.0,24.0,-132.95375109914767,-108.367389,-76.503263,-34.62271088841116
573.0,28.0,-108.03176951691916,21.90619,-25.6326,-9.700729306182652
574.0,2.0,-114.94477114440629,-41.28169,-49.461272,-17.94114435880998
574.0,6.0,-123.62452177683707,-47.696626,-58.167037,-26.62089499124076
574.0,12.0,-129.17564931700497,-50.129186,-58.89964,-32.17202253140866
574.0,17.0,-123.83018082464596,37.06353,-35.335783,-26.826554039049654
574.0,19.0,-135.3658136190185,-43.404709,-66.218921,-38.362186833422186
574.0,24.0,-139.03555227891326,-50.938518,-82.772953,-42.03192549331695
574.0,28.0,-110.04775014214022,44.472501,-20.297035,-13.044123356543906
575.0,2.0,-112.68347002727553,-132.105654,-49.875742,-13.008300720901815
575.0,6.0,-121.15762662259527,-123.29331,-58.175624,-21.482457316221556
575.0,12.0,-126.37565667932579,-130.35992,-59.424546,-26.700487372952068
575.0,13.0,-104.29209544397779,28.70345,-17.922102,-4.616926137604068
575.0,19.0,-132.11506447602105,-126.123652,-66.071632,-32.43989516964733
575.0,24.0,-134.78160597257076,-126.53449,-83.330592,-35.10643666619704
575.0,28.0,-110.32979927606621,-19.213201,-19.763402,-10.654629969692493
576.0,2.0,-111.9354385478592,-121.777249,-46.148569,-13.610708653046402
576.0,6.0,-120.67256199355538,-127.946873,-55.599663,-22.347832098742572
576.0,12.0,-125.68265544049854,-131.11409,-57.469054,-27.35792554568573
576.0,19.0,-132.14477651262413,-128.980968,-64.830599,-33.82004661781133
576.0,24.0,-134.18682982966456,-133.977821,-79.884574,-35.862099934851756
576.0,28.0,-109.94343709998252,-28.873054,-19.932109,-11.618707205169713
577.0,2.0,-108.40861438930314,-115.226311,-48.566553,-5.62875487202686
577.0,6.0,-113.56945274356778,-116.861399,-68.400507,-10.789593226291501
577.0,12.0,-120.95552119855674,-120.336665,-63.355421,-18.17566168128046
577.0,17.0,-120.41445741167482,-57.956332,-54.084423,-17.63459789439854
577.0,19.0,-125.52728172459268,-119.277718,-84.084029,-22.747422207316404
577.0,24.0,-126.4359614487341,-120.257919,-89.849003,-23.656101931457826
577.0,28.0,-108.90803322834162,-34.147346,-34.141454,-6.128173711065344
578.0,2.0,-108.85401833676505,-80.0239,-39.697631,-5.386290959843379
578.0,6.0,-113.55721893790047,-76.335966,-71.942419,-10.0894915609788
578.0,12.0,-122.2654210457132,-87.102772,-75.823212,-18.797693668791524
578.0,13.0,-102.59048028929715,171.811595,13.37618,0.8772470876245251
578.0,14.0,-104.08249038605786,7.262692,-18.022932,-0.6147630091361833
578.0,17.0,-122.20499303762028,-36.522963,-73.704032,-18.73726566069861
578.0,19.0,-127.24558301128478,-82.607317,-102.914083,-23.777855634363107
578.0,24.0,-126.4719702397932,-87.017803,-100.015704,-23.00424286287152
578.0,28.0,-109.24885653193431,-75.475906,-42.263273,-5.781129155012636
579.0,2.0,-123.23624622229451,-40.61161,-40.767601,-19.91004747430344
579.0,6.0,-136.35543330575481,-39.705022,-87.857917,-33.02923455776374
579.0,12.0,-138.35693263552182,-37.058721,-84.728082,-35.030733887530744
579.0,14.0,-111.4120207701379,44.346248,-31.956159,-8.085822022146829
579.0,17.0,-139.73216055453466,-36.408281,-99.711056,-36.40596180654359
579.0,19.0,-153.64344429718443,-43.01944,-129.321078,-50.31724554919336
579.0,24.0,-149.38002435624938,-48.537583,-113.345415,-46.05382560825831
579.0,28.0,-118.01713177912258,-9.049881,-60.993113,-14.690933031131507
580.0,2.0,-124.37957789515306,-53.999081,-40.080358,-14.08352212267016
580.0,6.0,-137.87094182736075,-83.127583,-90.368025,-27.57488605487785
580.0,12.0,-140.2696888730117,-92.468743,-87.978821,-29.973633100528787
580.0,13.0,-113.24324878450487,110.144734,32.325101,-2.9471930120219696
580.0,14.0,-111.18812558509322,-2.180436,-33.712803,-0.8920698126103161
580.0,15.0,-124.68467591640322,74.274737,12.346286,-14.38862014392032
580.0,17.0,-141.04809160178274,-98.774804,-105.20693,-30.752035829299842
580.0,19.0,-155.10419887622533,-87.712222,-135.067383,-44.808143103742424
580.0,24.0,-151.702227175388,-92.988674,-116.866352,-41.4061714029051
580.0,28.0,-118.11129853911157,-29.839953,-63.995066,-7.815242766628671
581.0,2.0,-115.48331638558713,-107.595234,-39.441965,-11.55366956321096
581.0,6.0,-128.463834861937,-97.452778,-92.722963,-24.534188039560817
581.0,12.0,-129.90380778432447,-104.869516,-90.701161,-25.9741609619483
581.0,13.0,-106.78935205213169,97.587735,35.924209,-2.8597052297555194
581.0,17.0,-129.23677854306337,-110.50136,-110.313569,-25.307131720687195
581.0,19.0,-141.6613377074357,-104.790552,-140.3076,-37.731690885059535
581.0,24.0,-141.74994792104823,-106.554582,-119.875979,-37.82030109867206
581.0,28.0,-110.28221416876936,-53.190254,-66.921651,-6.352567346393187
582.0,2.0,-127.52470994615283,-36.916377,-38.898484,-23.42715364708772
582.0,6.0,-139.2755718396592,-46.200309,-92.962497,-35.17801554059409
582.0,12.0,-142.28505730784443,-59.606585,-91.11022,-38.18750100877932
582.0,14.0,-111.0750924387085,113.285409,-35.97964,-6.977536139643391
582.0,15.0,-127.73736113539692,35.797073,16.090444,-23.63980483633182
582.0,17.0,-139.30055003626273,-54.25939,-111.499905,-35.20299373719763
582.0,19.0,-157.4657685912064,-56.400461,-141.324855,-53.368212292141294
582.0,24.0,-155.35727667935868,-62.109548,-120.163651,-51.25972038029357
582.0,28.0,-119.18517880448385,-22.332693,-67.563812,-15.08762250541875
583.0,2.0,-129.3878581545425,-93.100724,-39.165526,-21.996322846700366
583.0,6.0,-141.34825098099557,-112.39405,-93.128414,-33.95671567315344
583.0,12.0,-142.9899324084209,-116.599875,-90.283364,-35.59839710057878
583.0,13.0,-116.53231832101815,109.647396,36.833876,-9.14078301317602
583.0,17.0,-138.36569449902024,-104.591866,-111.297239,-30.974159191178103
583.0,19.0,-158.02468816324364,-112.830516,-140.948412,-50.633152855401505
583.0,24.0,-156.1889065208021,-122.352616,-119.518851,-48.79737121295997
583.0,28.0,-120.04026995393946,-61.226467,-67.858749,-12.648734646097324
584.0,2.0,-129.0011747511875,-133.044443,-39.717225,-18.46784417629229
584.0,6.0,-141.67938156562005,-149.946027,-93.73284,-31.14605099072483
584.0,12.0,-141.57252693155985,-142.182775,-89.876362,-31.039196356664633
584.0,14.0,-111.9869570886813,-14.395431,-37.019064,-1.4536265137860767
584.0,15.0,-130.8131307389986,61.727585,16.337164,-20.279800164103392
584.0,17.0,-138.95319145757813,-139.993836,-111.479754,-28.41986088268291
584.0,19.0,-156.9827902356989,-149.644802,-141.141319,-46.44945966080368
584.0,24.0,-155.5917463685971,-162.004577,-119.45573,-45.05841579370187
584.0,28.0,-121.10383937021577,-111.021336,-68.390322,-10.57050879532055
585.0,2.0,-128.37615676381492,-202.947301,-39.757319,-13.867932904460105
585.0,6.0,-140.9248131058035,-169.355733,-93.807554,-26.416589246448694
585.0,12.0,-141.29694620517608,-161.301571,-89.904583,-26.78872234582127
585.0,13.0,-116.3280559280111,28.649316,36.630592,-1.8198320686562823
585.0,14.0,-112.09930225855426,-61.582599,-37.053576,2.4089216008005536
585.0,15.0,-130.39267367260052,55.432123,16.387962,-15.884449813245709
585.0,17.0,-139.2721118286592,-163.815508,-111.541113,-24.763887969304392
585.0,19.0,-156.9079289188996,-175.867018,-141.21224,-42.39970505954477
585.0,24.0,-155.29877553946707,-186.997968,-119.487461,-40.79055168011226
585.0,28.0,-120.75812578519498,-133.905386,-68.43802,-6.249901925840163
586.0,2.0,-128.75213511232556,-174.203518,-39.752332,-12.99825257208093
586.0,6.0,-141.50416087380768,-180.974737,-93.809723,-25.750278333563045
586.0,12.0,-141.4302653838916,-175.537738,-89.960213,-25.676382843646962
586.0,13.0,-117.80094157167521,40.430853,36.674336,-2.047059031430578
586.0,14.0,-111.84108012271568,-68.492779,-37.014882,3.912802417528951
586.0,15.0,-131.05158599258002,30.635495,16.408764,-15.297703452335384
586.0,17.0,-138.91235589013772,-157.866136,-111.547527,-23.158473349893086
586.0,19.0,-157.08553488281447,-186.434588,-141.229417,-41.33165234256984
586.0,24.0,-155.45756798178914,-185.602552,-119.509423,-39.70368544154451
586.0,28.0,-120.51696580888822,-136.034695,-68.40986,-4.763083268643584
587.0,6.0,-141.59997630515207,-197.609969,-93.818275,-25.847946045880022
587.0,12.0,-141.33056757254653,-184.20134,-90.035043,-25.57853731327448
587.0,13.0,-117.83628618854604,30.479225,36.736523,-2.0842559292739935
587.0,14.0,-111.95070254753111,-71.359635,-36.978125,3.8013277117409388
587.0,15.0,-131.1703896444249,44.344278,16.440049,-15.41835938515284
587.0,17.0,-138.92603117266967,-155.632365,-111.576283,-23.17400091339762
587.0,19.0,-156.9051446479692,-188.185829,-141.270694,-41.15311438869715
587.0,24.0,-155.31531525011832,-187.136745,-119.548847,-39.56328499084627
587.0,28.0,-120.84445083790371,-153.287753,-68.389711,-5.0924205786316605
588.0,2.0,-128.65874253102032,-262.768333,-39.71387,-13.072938067419813
588.0,6.0,-142.91660278737606,-184.653288,-93.863289,-27.330798323775554
588.0,12.0,-142.973641544761,-184.469894,-90.10124,-27.387837081160484
588.0,13.0,-118.843870360527,32.902275,36.85986,-3.258065896926496
588.0,15.0,-132.58158393120277,72.797802,16.541669,-16.99577946760226
588.0,17.0,-137.73664641431236,-147.993854,-111.684915,-22.15084195071185
588.0,19.0,-156.32635135175104,-202.577845,-141.375602,-40.74054688815053
588.0,24.0,-155.86036241521185,-172.564658,-119.588881,-40.27455795161134
588.0,28.0,-120.47216469474253,-121.070064,-68.437515,-4.886360231142021
589.0,6.0,-139.14193370700735,-156.549464,-93.80231,-25.531124984173488
589.0,12.0,-148.78397185168924,-150.310368,-90.093793,-35.17316312885538
589.0,13.0,-115.32940002258032,44.567277,36.929225,-1.7185912997464499
589.0,15.0,-126.47952224023692,44.236564,16.600402,-12.868713517403052
589.0,17.0,-136.62822588241121,-122.717879,-111.659173,-23.01741715957735
589.0,19.0,-154.80143402266575,-163.696702,-141.325401,-41.19062529983188
589.0,24.0,-157.01325063046804,-150.345477,-119.52073,-43.40244190763417
589.0,28.0,-115.10721359778942,-114.402343,-68.39072,-1.4964048749555587
590.0,6.0,-135.42238807225837,-21.151541,-93.73969,-43.4550365942311
590.0,12.0,-140.09591513215403,-28.827386,-90.102139,-48.128563654126765
590.0,17.0,-135.5436368481132,5.152513,-111.633539,-43.57628537008594
590.0,19.0,-155.2135853176838,-30.368867,-141.280307,-63.246233839656526
590.0,24.0,-154.83030864048743,-14.236815,-119.465882,-62.86295716246016
590.0,28.0,-117.26128419932266,13.447795,-68.336422,-25.29393272129539
591.0,2.0,-115.3110206534482,106.818639,-39.608315,-14.813224133021606
591.0,6.0,-129.21515327080166,-115.076194,-93.737437,-28.717356750375075
591.0,12.0,-130.06440319948226,-128.48734,-90.048895,-29.566606679055667
591.0,14.0,-104.74753795837984,-16.350165,-36.910318,-4.249741437953247
591.0,15.0,-115.35831525158098,30.64851,16.671076,-14.860518731154386
591.0,17.0,-129.57799824344443,-85.103381,-111.583426,-29.080201723017836
591.0,19.0,-142.6438789308855,-141.582802,-141.219345,-42.14608241045892
591.0,24.0,-142.20134877120242,-119.439443,-119.395963,-41.70355225077583
591.0,28.0,-111.36969068779236,-87.374675,-68.319057,-10.871894167365767
592.0,2.0,-119.54242439187382,93.95149,-39.612055,-16.895792351864387
592.0,6.0,-133.1859216890103,-102.655763,-93.753311,-30.539289649000878
592.0,12.0,-133.28897483663647,-127.04589,-90.059311,-30.642342796627034
592.0,13.0,-108.83609923242207,78.761688,37.03306,-6.189467192412636
592.0,14.0,-108.50553014045303,11.248409,-36.907882,-5.8588981004435965
592.0,15.0,-119.84013079494426,-5.477276,16.713462,-17.193498754934822
592.0,17.0,-134.58244873333828,-80.574287,-111.595162,-31.935816693328846
592.0,19.0,-147.97153173379454,-108.347891,-141.229013,-45.3248996937851
592.0,24.0,-146.3074861984924,-109.293354,-119.384184,-43.66085415848296
592.0,28.0,-115.86612390993456,-61.902581,-68.319483,-13.219491869925122
593.0,2.0,-121.08227470070291,56.556157,-39.615076,-13.883564454451488
593.0,6.0,-133.9908247250285,-111.792038,-93.792237,-26.792114478777066
593.0,12.0,-134.6964443171028,-132.108401,-90.09906,-27.497734070851365
593.0,13.0,-111.45784846305214,81.349537,37.10134,-4.2591382168007215
593.0,14.0,-108.59341618331771,-1.895415,-36.917896,-1.3947059370662913
593.0,15.0,-121.18302344667235,-21.92674,16.773087,-13.984313200420928
593.0,17.0,-134.8593355008861,-93.334416,-111.649619,-27.660625254634667
593.0,19.0,-149.22747386640228,-110.719619,-141.286144,-42.028763620150855
593.0,24.0,-147.85319391516305,-121.332835,-119.405627,-40.654483668911624
593.0,28.0,-117.00222772227906,-80.425519,-68.342943,-9.803517476027636
594.0,2.0,-118.7445082355595,12.621159,-39.632372,-13.258253126784766
594.0,6.0,-132.55407268032744,-108.655301,-93.808415,-27.06781757155271
594.0,12.0,-132.364519087801,-128.66046,-90.091536,-26.878263979026272
594.0,13.0,-110.34935937960773,66.456646,37.121116,-4.863104270833006
594.0,14.0,-108.62986584217688,8.754728,-36.916325,-3.1436107334021557
594.0,17.0,-134.06208792528616,-102.090223,-111.641032,-28.575832816511436
594.0,19.0,-146.95457571689607,-119.354987,-141.275989,-41.468320608121346
594.0,24.0,-144.69378962213412,-128.271989,-119.381225,-39.20753451335939
594.0,28.0,-115.49277652996437,-87.746984,-68.338835,-10.006521421189646
595.0,2.0,-120.2334579003335,25.547347,-39.655347,-12.778946153400142
595.0,6.0,-134.09455441653185,-98.733823,-93.845324,-26.640042669598486
595.0,12.0,-134.37374918306747,-121.955821,-90.099262,-26.91923743613411
595.0,13.0,-111.61174518296124,70.7562,37.153858,-4.15723343602788
595.0,14.0,-109.18413091185027,17.570301,-36.927749,-1.7296191649169117
595.0,17.0,-135.10170741235046,-93.175327,-111.660823,-27.6471956654171
595.0,19.0,-149.16487344912875,-107.668324,-141.297861,-41.710361702195385
595.0,24.0,-146.64298776645896,-112.844006,-119.378336,-39.188476019525595
595.0,28.0,-116.91829880451687,-96.623236,-68.354132,-9.463787057583502
596.0,2.0,-117.01914642098892,39.224489,-39.688708,-10.928214206880867
596.0,6.0,-131.77538425032108,-99.814898,-93.911842,-25.68445203621303
596.0,12.0,-139.60683161459016,-119.247048,-90.12414,-33.51589940048211
596.0,13.0,-107.18483689047147,64.749441,37.201286,-1.0939046763634224
596.0,14.0,-105.45121550730076,17.555186,-36.958722,0.6397167068072918
596.0,15.0,-113.23373556873322,47.575609,16.894635,-7.142803354625173
596.0,17.0,-135.66458557999334,-107.763262,-111.717451,-29.573653365885292
596.0,19.0,-150.20420141608756,-98.228008,-141.361358,-44.113269201979506
596.0,24.0,-148.86157551801972,-116.812773,-119.40259,-42.77064330391167
596.0,28.0,-112.43265212761308,-84.344019,-68.39689,-6.341719913505031
597.0,2.0,-119.86953570724222,-5.877938,-39.719489,-16.003760901030745
597.0,6.0,-133.6166493326161,-71.601279,-93.980657,-29.75087452640463
597.0,12.0,-142.17521810938155,-90.416914,-90.149438,-38.30944330317007
597.0,13.0,-107.9218738910365,92.457839,37.255287,-4.056099084825021
597.0,17.0,-134.89243438626286,-87.524364,-111.781499,-31.026659580051387
597.0,19.0,-152.88247443013074,-66.041092,-141.43079,-49.016699623919266
597.0,24.0,-151.94848810360497,-86.67122,-119.427304,-48.0827132973935
597.0,28.0,-113.2495158447661,-54.036202,-68.444963,-9.383741038554618
598.0,2.0,-118.1184688911893,-4.150522,-39.724665,-17.413590754524392
598.0,6.0,-132.17467986598086,-27.749434,-94.005857,-31.46980172931596
598.0,12.0,-140.0510526279306,-54.877146,-90.162188,-39.3461744912657
598.0,13.0,-106.05616429677511,94.475439,37.3048,-5.351286160110206
598.0,17.0,-134.73194841333594,-54.58665,-111.807008,-34.02707027667104
598.0,19.0,-150.99701639653284,-37.048412,-141.453909,-50.29213825986794
598.0,24.0,-149.84648026635963,-48.413133,-119.420806,-49.14160212969473
598.0,28.0,-112.69534280038329,-20.904305,-68.456675,-11.990464663718384
599.0,2.0,-115.08940706610669,17.2498,-39.724812,-20.689822872573885
599.0,6.0,-129.16538786034744,-20.948246,-93.998834,-34.765803666814634
599.0,12.0,-132.80393347202568,-53.88131,-90.146944,-38.40434927849287
599.0,15.0,-112.25384486074847,187.662773,17.035067,-17.85426066721567
599.0,17.0,-130.35561576036196,-47.7804,-111.78269,-35.956031566829154
599.0,19.0,-144.63448617890086,-42.68462,-141.421921,-50.234901985368055
599.0,24.0,-144.31435083310154,-47.20625,-119.377999,-49.91476663956874
599.0,28.0,-111.74864374908238,-21.752853,-68.436605,-17.349059555549573
600.0,2.0,-120.04570873779022,10.848249,-39.726691,-21.387727502728723
600.0,6.0,-134.38309140513553,-60.568488,-94.015817,-35.72511017007403
600.0,12.0,-135.5908736677105,-87.500124,-90.149644,-36.932892432649
600.0,14.0,-110.29188119084839,126.158768,-36.991776,-11.633899955786887
600.0,17.0,-136.8321965174818,-80.113888,-111.797934,-38.174215282420306
600.0,19.0,-150.52115804629221,-75.795809,-141.431576,-51.863176811230716
600.0,24.0,-146.41902541728484,-78.635673,-119.359159,-47.761044182223344
600.0,28.0,-118.18494923726865,-61.139193,-68.442971,-19.526968002207155
601.0,2.0,-127.40829158190886,-5.627869,-39.727641,-21.783926508665644
601.0,6.0,-139.37898646987887,-107.645381,-94.048392,-33.754621396635656
601.0,12.0,-140.70575005870003,-123.348911,-90.165661,-35.08138498545682
601.0,13.0,-115.11835518410275,95.216753,37.437795,-9.493990110859542
601.0,14.0,-111.73494696876831,75.552335,-37.008785,-6.110581895525101
601.0,17.0,-139.06552262518605,-120.370948,-111.841902,-33.44115755194284
601.0,19.0,-157.17373875079366,-104.606598,-141.470882,-51.54937367755045
601.0,24.0,-154.82576131729778,-113.299365,-119.356837,-49.201396244054564
601.0,28.0,-119.92211238793354,-106.95759,-68.467628,-14.297747314690326
602.0,2.0,-129.7417630288753,-53.254477,-39.707873,-17.50710348423887
602.0,6.0,-141.7163744668289,-138.84031,-94.11606,-29.481714922192467
602.0,12.0,-140.5665820992426,-149.82429,-90.252347,-28.33192255460615
602.0,13.0,-118.03222044549489,72.104325,37.574718,-5.797560900858443
602.0,14.0,-112.13551813659211,32.809217,-37.043842,0.09914140804433202
602.0,15.0,-129.04635050985024,-94.848938,17.260371,-16.8116909652138
602.0,17.0,-138.07650789622892,-136.562591,-111.980955,-25.841848351592475
602.0,19.0,-157.08303002008623,-131.900995,-141.611693,-44.848370475449784
602.0,24.0,-154.81556018582555,-137.787923,-119.423232,-42.5809006411891
602.0,28.0,-121.10977272950069,-117.327366,-68.53433,-8.875113184864247
603.0,2.0,-129.21679336593726,-75.045265,-39.700734,-16.097281594666384
603.0,6.0,-141.1134257066586,-129.865882,-94.20446,-27.993913935387724
603.0,12.0,-140.32878879390907,-151.318038,-90.358506,-27.20927702263819
603.0,13.0,-117.35064320210925,83.592626,37.713702,-4.231131430838374
603.0,14.0,-111.94364573348537,6.358783,-37.084485,1.1758660377855108
603.0,15.0,-128.59111267419533,-70.824972,17.36922,-15.47160090292445
603.0,17.0,-138.8702814121945,-160.43797,-112.139247,-25.750769640923608
603.0,19.0,-157.20123303626335,-130.354998,-141.779925,-44.08172126499247
603.0,24.0,-154.89672934557544,-135.300108,-119.516417,-41.77721757430456
603.0,28.0,-120.5546313618132,-133.911328,-68.612947,-7.435119590542314
604.0,2.0,-127.55689625336134,-52.471717,-39.757217,-15.307698280657121
604.0,6.0,-139.72693940064232,-142.498185,-94.269988,-27.4777414279381
604.0,12.0,-139.14755930911727,-152.73647,-90.360553,-26.898361336413046
604.0,13.0,-116.20252818014387,76.855205,37.722039,-3.953330207439649
604.0,14.0,-112.24344008473605,-21.256702,-37.110688,0.005757887968172781
604.0,17.0,-139.63689391086277,-165.66827,-112.159643,-27.387695938158544
604.0,19.0,-156.39181276424296,-138.989454,-141.810753,-44.14261479153873
604.0,24.0,-153.55725277692545,-143.042083,-119.525461,-41.30805480422123
604.0,28.0,-119.98108277421464,-131.550679,-68.643007,-7.731884801510418
605.0,2.0,-119.5939215933351,-16.71171,-39.817511,-12.537444871954364
605.0,6.0,-132.68911629982574,-124.331046,-94.33296,-25.63263957844501
605.0,12.0,-140.09872042184756,-162.516711,-90.342557,-33.04224370046683
605.0,13.0,-107.45910994989373,98.683495,37.720724,-0.40263322851299677
605.0,14.0,-105.21868054006795,-24.563152,-37.142412,1.8377961813127826
605.0,15.0,-114.01001771367015,-7.62886,17.419291,-6.953540992289419
605.0,17.0,-135.1535573514904,-150.46729,-112.168211,-28.097080630109673
605.0,19.0,-152.01465434278876,-128.746753,-141.825613,-44.958177621408026
605.0,24.0,-150.6739059637337,-129.861975,-119.516871,-43.617429242352955
605.0,28.0,-112.5098022199012,-123.46484,-68.673514,-5.453325498520471
606.0,2.0,-118.45689003215921,34.176945,-39.864768,-16.718026320384
606.0,6.0,-132.0457780253237,-56.894538,-94.411968,-30.30691431354849
606.0,12.0,-138.19478681540147,-99.862438,-90.368787,-36.45592310362626
606.0,14.0,-105.87816985436892,28.055564,-37.178131,-4.1393061425937105
606.0,15.0,-114.04794588975275,24.154736,17.465618,-12.309082177977544
606.0,17.0,-135.94620052923761,-97.624768,-112.226536,-34.207336817462405
606.0,19.0,-149.75315587088969,-49.728899,-141.895298,-48.014292159114476
606.0,24.0,-148.82656782982053,-66.819833,-119.549341,-47.08770411804532
606.0,28.0,-112.53311292531286,-58.24267,-68.721877,-10.794249213537654
607.0,2.0,-128.20291336974293,55.182702,-39.91225,-27.30740593281935
607.0,6.0,-140.6140322092995,-51.750576,-94.503262,-39.718524772375915
607.0,12.0,-144.77826826079954,-86.816402,-90.434437,-43.882760823875955
607.0,14.0,-109.59575060898538,-0.148473,-37.206491,-8.700243172061803
607.0,17.0,-134.9638468881652,-103.0562,-112.309525,-34.06833945124161
607.0,19.0,-154.85865348557095,-50.614011,-141.999991,-53.963146048647374
607.0,24.0,-156.52362675783436,-65.774088,-119.620612,-55.628119320910784
607.0,28.0,-118.2733306875038,-51.643965,-68.773256,-17.37782325058022
608.0,2.0,-130.33557428216105,-36.979456,-39.95561,-22.557856382143825
608.0,6.0,-143.66038431636886,-85.196818,-94.60508,-35.88266641635164
608.0,12.0,-139.88994086269892,-55.574908,-90.530726,-32.1122229626817
608.0,13.0,-117.16449483527961,119.419912,37.882793,-9.38677693526239
608.0,14.0,-112.72875907611179,-47.01755,-37.233369,-4.951041176094563
608.0,15.0,-129.68215911021642,-17.256617,17.562733,-21.904441210199195
608.0,17.0,-138.4917617861673,-119.984079,-112.419216,-30.71404388615008
608.0,19.0,-156.7351745282248,-77.163372,-142.137261,-48.95745662820758
608.0,24.0,-154.7494769989204,-89.51593,-119.721271,-46.97175909890316
608.0,28.0,-121.21492827191676,-79.913523,-68.83198,-13.437210371899539
609.0,2.0,-123.52459341550846,-42.398844,-39.962335,-11.365162871780555
609.0,6.0,-138.14974605243475,-101.788381,-94.750042,-25.990315508706843
609.0,12.0,-138.3769728379131,-96.412205,-90.742952,-26.21754229418518
609.0,13.0,-113.47554893439906,95.461529,38.063176,-1.31611839067115
609.0,14.0,-111.91407488035941,-71.802958,-37.273677,0.24535566336849968
609.0,17.0,-140.10588085860294,-149.630398,-112.664467,-27.946450314875037
609.0,19.0,-154.17553109177297,-112.287349,-142.422047,-42.01610054804506
609.0,24.0,-150.40699728205723,-114.39484,-119.929128,-38.247566738329326
609.0,28.0,-118.86848623495432,-119.42711,-68.940995,-6.7090556912264105
610.0,2.0,-128.4541842176466,-40.709682,-39.884529,-17.317020615138688
610.0,6.0,-141.47830641998837,-83.449392,-94.783611,-30.34114281748046
610.0,12.0,-139.81042985280968,-104.295034,-90.9172,-28.673266250301765
610.0,13.0,-116.30068037762149,103.54406,38.262414,-5.163516775113578
610.0,14.0,-111.52647983182739,-69.982958,-37.257667,-0.3893162293194763
610.0,17.0,-139.17012820602525,-137.334383,-112.836968,-28.032964603517343
610.0,19.0,-156.52154434873754,-99.239601,-142.603592,-45.384380746229624
610.0,24.0,-154.4756486276106,-110.643237,-120.047486,-43.3384850251027
610.0,28.0,-119.17520774060296,-106.820885,-68.975389,-8.038044138095046
611.0,2.0,-126.16002989811886,-46.672514,-39.914494,-15.03324911221732
611.0,6.0,-140.08363917413712,-130.651605,-94.890199,-28.956858388235574
611.0,12.0,-142.52068049792913,-136.289081,-90.987977,-31.39389971202759
611.0,13.0,-113.20529102890819,82.128259,38.359388,-2.0785102430066473
611.0,14.0,-109.61558480491784,-96.766637,-37.314306,1.5111959809837003
611.0,17.0,-137.11891874744362,-153.943363,-112.969995,-25.99213796154207
611.0,19.0,-154.62548340006398,-165.783779,-142.749033,-43.49870261416244
611.0,24.0,-156.03696103026024,-153.255559,-120.123537,-44.9101802443587
611.0,28.0,-118.58947594791289,-146.205302,-69.061406,-7.462695162011343
612.0,2.0,-133.52911391493535,13.165179,-40.09043,-35.11136070743166
612.0,6.0,-146.7938706816265,-65.935159,-95.163582,-48.37611747412279
612.0,12.0,-141.32984457590578,-91.004191,-91.043805,-42.91209136840209
612.0,14.0,-113.20766030656678,-24.398151,-37.482218,-14.789907099063086
612.0,17.0,-136.1074945536873,-74.3998,-113.176788,-37.68974134618361
612.0,19.0,-153.82931214511413,-65.794509,-143.000003,-55.41155893761044
612.0,24.0,-155.30770064684407,-77.057049,-120.274512,-56.889947439340375
612.0,28.0,-119.28416728845704,-69.655577,-69.268938,-20.866414080953348
613.0,2.0,-134.2391767776252,15.407013,-40.148867,-36.5086929145575
613.0,6.0,-147.11840215186075,-113.444712,-95.184371,-49.387918288793045
613.0,12.0,-144.38607935746492,-107.209967,-91.018182,-46.65559549439722
613.0,14.0,-111.29547386252617,-29.458341,-37.4674,-13.564989999458462
613.0,17.0,-135.64470710193606,-118.364931,-113.117022,-37.91422323886836
613.0,19.0,-154.08341451834818,-107.64627,-142.950967,-56.352930655280474
613.0,24.0,-156.5820505167109,-119.052943,-120.245213,-58.85156665364319
613.0,28.0,-116.80803278777532,-111.265673,-69.243318,-19.077548924707614
614.0,2.0,-115.43448368493743,-55.851149,-40.089124,-10.031962845003633
614.0,6.0,-129.4302231009534,-186.810888,-95.001887,-24.027702261019613
614.0,13.0,-104.86763918268194,38.33792,38.28433,0.5348816572518587
614.0,14.0,-105.3805805271609,-112.983368,-37.337634,0.021940312772898096
614.0,17.0,-132.35049076319473,-162.913066,-112.872218,-26.947969923260928
614.0,19.0,-142.36240452302397,-148.3644,-142.670569,-36.95988368309017
614.0,24.0,-143.96385192795782,-188.424057,-120.041322,-38.56133108802402
614.0,28.0,-111.1240713924577,-190.610209,-69.059864,-5.721550552523894
615.0,2.0,-132.0250240301644,-12.008279,-40.021502,-31.546477886916307
615.0,6.0,-144.37501336494134,-148.146443,-94.854374,-43.89646722169326
615.0,12.0,-141.50108921390475,-138.877297,-90.785911,-41.02254307065667
615.0,14.0,-111.99708136545223,-81.939647,-37.25446,-11.51853522220415
615.0,17.0,-136.08542624749478,-135.474676,-112.696794,-35.6068801042467
615.0,19.0,-154.53724074968468,-151.306728,-142.450751,-54.0586946064366
615.0,24.0,-155.83130722460615,-163.459689,-119.850069,-55.35276108135807
615.0,28.0,-118.8522699945643,-162.920144,-68.931729,-18.373723851316214
616.0,2.0,-126.07779203000824,-66.252722,-39.911571,-15.102832990718198
616.0,6.0,-141.0596994138479,-170.432017,-94.743587,-30.084740374557867
616.0,12.0,-139.01756873336737,-157.104879,-90.695418,-28.042609694077328
616.0,13.0,-113.66812374093918,53.516943,38.355087,-2.6931647016491382
616.0,14.0,-112.68039989307762,-76.457511,-37.233203,-1.7054408537875787
616.0,17.0,-139.5016993503824,-151.52397,-112.643385,-28.526740311092368
616.0,19.0,-155.26732421564185,-185.797611,-142.334207,-44.29236517635181
616.0,24.0,-153.31672559589202,-173.933599,-119.680851,-42.34176655660198
616.0,28.0,-121.55820974328003,-188.007509,-68.883154,-10.58325070398999
617.0,2.0,-134.35608539445414,-61.520489,-39.677801,-22.439565440795548
617.0,6.0,-145.2442664127783,-168.834621,-94.337309,-33.32774645911971
617.0,12.0,-145.9383722183961,-166.949618,-90.353888,-34.021852264737504
617.0,13.0,-123.69865399855964,54.554964,38.324748,-11.782134044901042
617.0,17.0,-133.67011431430245,-164.570928,-112.241492,-21.75359436064386
617.0,19.0,-151.6612794646875,-217.925922,-141.786998,-39.74475951102892
617.0,24.0,-157.3804047961803,-174.956679,-119.166751,-45.46388484252171
617.0,28.0,-113.65242972018045,-170.837301,-68.607581,-1.735909766521857
618.0,2.0,-134.69502173791355,-115.466141,-39.727647,-22.800315229575816
618.0,6.0,-145.28165161379857,-184.027653,-93.900768,-33.38694510546084
618.0,12.0,-146.1196606356462,-155.706045,-89.579041,-34.224954127308465
618.0,13.0,-123.89757346376862,19.445471,37.786013,-12.002866955430889
618.0,14.0,-108.84084655829943,-74.987461,-36.930198,3.0538599500383015
618.0,17.0,-133.9275772980393,-146.616332,-111.348691,-22.032870789701562
618.0,19.0,-151.14048550951358,-212.856941,-140.747629,-39.24577900117585
618.0,24.0,-157.34792196020618,-181.35793,-118.330583,-45.453215451868445
618.0,28.0,-113.52241849381274,-195.848624,-68.209351,-1.6277119854750026
619.0,6.0,-146.33012053764043,-227.975595,-93.469288,-45.78419829939551
619.0,14.0,-109.21388059794549,-90.885862,-36.676802,-8.667958359700577
619.0,15.0,-134.2949064739064,112.405596,17.707903,-33.74898423566148
619.0,17.0,-134.8430956785666,-211.897435,-110.899886,-34.2971734403217
619.0,19.0,-151.83583810356882,-234.958513,-140.19616,-51.289915865323906
619.0,24.0,-157.25471397401756,-223.093288,-117.902006,-56.70879173577265
619.0,28.0,-114.34524718923109,-194.659927,-67.850323,-13.799324950986176
620.0,2.0,-120.29440763331027,-78.329506,-39.358753,-12.757999945820416
620.0,6.0,-135.95202287005924,-163.642293,-93.159447,-28.415615182569383
620.0,12.0,-143.68973721808172,-144.473782,-89.198846,-36.15332953059186
620.0,13.0,-110.06488848306444,42.222934,37.653108,-2.5284807955745805
620.0,17.0,-134.90955339871394,-149.295027,-110.562454,-27.373145711224083
620.0,19.0,-154.05845530626019,-184.433591,-139.799329,-46.52204761877033
620.0,24.0,-155.09630734676648,-167.663743,-117.617903,-47.559899659276624
620.0,28.0,-112.97236248347593,-139.969804,-67.566807,-5.435954795986078
621.0,2.0,-118.25782537127344,-7.315365,-39.156182,-26.389884679570528
621.0,6.0,-131.8488171978877,5.375927,-92.786798,-39.9808765061848
621.0,12.0,-135.90617467481837,-33.575413,-89.197437,-44.03823398311546
621.0,17.0,-131.1465215284222,-4.419163,-110.212731,-39.278580836719286
621.0,19.0,-148.21373298029224,-21.984038,-139.42052,-56.34579228858932
621.0,24.0,-149.42384909940762,-22.242984,-117.423383,-57.555908407704706
621.0,28.0,-111.50396750340668,15.275493,-67.188665,-19.636026811703772
622.0,2.0,-126.68589986332353,-8.063928,-38.784822,-27.92045004964004
622.0,6.0,-139.003254085193,-58.079106,-92.402802,-40.2378042715095
622.0,12.0,-142.08040038881117,-63.470136,-89.516591,-43.31495057512768
622.0,14.0,-110.4339768148669,34.054116,-35.727521,-11.668527001183406
622.0,17.0,-138.19628877818877,-60.353012,-110.113517,-39.430838964505284
622.0,19.0,-157.44330885248237,-70.564469,-139.318345,-58.677859038798886
622.0,24.0,-155.378391174368,-70.20784,-117.466583,-56.612941360684516
622.0,28.0,-118.51324981243627,-43.597157,-66.818167,-19.747799998752782
623.0,2.0,-116.6704010690359,-82.230854,-39.256234,-14.37884006970981
623.0,6.0,-129.31678903610904,-85.072603,-92.974626,-27.02522803678295
623.0,12.0,-130.70329138146903,-101.377114,-89.515841,-28.411730382142935
623.0,13.0,-106.3751355069978,146.471123,37.732707,-4.083574507671699
623.0,15.0,-115.17395652561812,69.276899,17.547513,-12.88239552629203
623.0,17.0,-129.96030792966027,-97.31836,-110.401986,-27.66874693033418
623.0,19.0,-143.8583171648189,-98.724011,-139.713955,-41.56675616549282
623.0,24.0,-143.68718540357835,-100.251781,-117.73416,-41.39562440425226
623.0,28.0,-110.40555012779403,-66.057709,-67.225966,-8.113989128467935
624.0,2.0,-115.49857009121037,-6.284939,-39.930058,-21.08287853970576
624.0,6.0,-128.7771603604081,-8.720498,-92.460544,-34.36146880890348
624.0,12.0,-129.59613801980623,-7.236798,-87.769328,-35.180446468301625
624.0,17.0,-129.22760577990857,-21.753111,-108.410458,-34.811914228403964
624.0,19.0,-142.3775724616703,-15.818758,-137.569291,-47.96188091016569
624.0,24.0,-142.1797905623229,-18.23512,-116.173659,-47.764099010818285
624.0,28.0,-110.60984294338593,16.788458,-66.551811,-16.19415139188132
625.0,2.0,-117.5191369323388,-9.216996,-37.783783,-19.468837460158127
625.0,6.0,-129.88635480316867,-21.12862,-88.074353,-31.836055330988003
625.0,12.0,-133.4020505494448,-0.171527,-85.819439,-35.351751077264126
625.0,13.0,-105.26371831161939,86.569922,34.889276,-7.213418839438717
625.0,15.0,-113.24041916575234,4.347731,15.360576,-15.190119693571674
625.0,17.0,-131.01567231764673,-30.719681,-103.858187,-32.965372845466064
625.0,19.0,-147.598493076379,-26.972251,-132.2162,-49.54819360419832
625.0,24.0,-147.23373938397427,-32.050597,-112.529439,-49.1834399117936
625.0,28.0,-110.64165214430889,-7.852337,-62.777263,-12.591352672128224
626.0,2.0,-117.45338032509542,-7.941615,-35.901305,-16.21858074736579
626.0,6.0,-130.2107967609259,-91.988501,-82.823656,-28.975997183196256
626.0,12.0,-132.3613995267896,-92.150781,-78.780738,-31.126599949059965
626.0,13.0,-104.81836581083283,0.932848,32.149901,-3.5835662331031983
626.0,14.0,-104.58240869986878,-11.520642,-32.003596,-3.347609122139147
626.0,15.0,-113.09116818511708,-19.764882,14.673478,-11.856368607387452
626.0,17.0,-130.562793969714,-91.972606,-96.927795,-29.32799439198436
626.0,19.0,-145.87109444395688,-87.380771,-123.151873,-44.636294866227246
626.0,24.0,-145.2364941490479,-94.156421,-104.192147,-44.00169457131827
626.0,28.0,-109.76094091860895,-9.801112,-59.418552,-8.52614134087932
627.0,2.0,-116.49879695263743,-2.050881,-37.131064,-14.280279895362995
627.0,6.0,-128.90744181227802,-87.139335,-84.68908,-26.688924755003583
627.0,12.0,-130.2600443842061,-64.247864,-84.301011,-28.04152732693167
627.0,14.0,-104.22472308569617,-16.472357,-30.277353,-2.0062060284217296
627.0,15.0,-112.93413559129004,-58.913047,12.891548,-10.715618534015604
627.0,17.0,-129.25558820018657,-86.867052,-98.948635,-27.037071142912126
627.0,19.0,-142.5440703901065,-87.232503,-127.141985,-40.32555333283206
627.0,24.0,-142.1158077559047,-91.190488,-109.927986,-39.89729069863027
627.0,28.0,-109.79370174105435,-23.213249,-59.010146,-7.575184683779909
628.0,2.0,-119.34258163310645,-79.802252,-27.420088,-17.731034981898432
628.0,6.0,-129.17279191999762,-153.381758,-64.197568,-27.561245268789605
628.0,12.0,-130.39264084841128,-117.060733,-71.003355,-28.78109419720326
628.0,14.0,-103.7229512068167,-91.561154,-19.401539,-2.1114045556086865
628.0,15.0,-112.34994925113456,-94.452878,8.077798,-10.738402599926545
628.0,17.0,-129.06431194134487,-126.507151,-76.809557,-27.452765290136853
628.0,19.0,-143.14404358886642,-150.207265,-100.096498,-41.53249693765841
628.0,24.0,-143.37682058862262,-154.74124,-89.396357,-41.765273937414605
628.0,28.0,-110.03062404008756,-92.177371,-42.713985,-8.419077388879543
629.0,2.0,-123.44406290803738,-65.199979,-26.09882,-26.041249012003135
629.0,6.0,-132.60059227842416,-126.930903,-65.176197,-35.19777838238991
629.0,12.0,-135.71329085137248,-116.706213,-67.409494,-38.31047695533823
629.0,14.0,-103.33087791279215,-66.388877,-23.583474,-5.928064016757901
629.0,17.0,-130.8379549740064,-105.283333,-79.835384,-33.43514107797216
629.0,19.0,-150.26693971285195,-126.286,-101.190203,-52.864125816817705
629.0,24.0,-149.3305374909954,-133.150339,-86.173203,-51.92772359496115
629.0,28.0,-112.0442293290293,-76.715728,-46.534868,-14.64141543299506
630.0,2.0,-118.82396245799768,-59.077698,-8.75293,-23.01854166817708
630.0,6.0,-130.5948353464192,-98.580417,-34.01031,-34.78941455659859
630.0,12.0,-133.3485065380316,-86.983355,-47.359348,-37.543085748210984
630.0,13.0,-104.31243758062212,57.865663,23.613282,-8.507016790801515
630.0,14.0,-102.8236960775935,-37.601314,-8.773013,-7.018275287772894
630.0,17.0,-130.39707139207624,-100.451486,-49.74325,-34.59165060225564
630.0,19.0,-146.2400091455123,-105.231097,-62.51128,-50.43458835569169
630.0,24.0,-146.34025173651114,-105.330167,-54.481664,-50.53483094669053
630.0,28.0,-111.72036081245903,-42.591008,-23.860093,-15.914940022638433
631.0,2.0,-128.80550388616788,7.524592,-8.224819,-23.22556516138515
631.0,6.0,-140.054637937417,-38.665019,-22.743354,-34.47469921263426
631.0,12.0,-142.1998613012767,-48.255728,-40.150122,-36.61992257649398
631.0,15.0,-129.22461221677966,-23.089109,-0.802643,-23.644673491996926
631.0,17.0,-136.52564659412522,-24.866937,-30.95748,-30.945707869342485
631.0,19.0,-157.3731465592921,-50.043644,-43.276676,-51.793207834509374
631.0,24.0,-154.51720272985102,-44.279306,-44.507081,-48.937264005068286
631.0,28.0,-118.05450202021065,-20.960572,-10.833852,-12.474563295427913
632.0,2.0,-126.8481966163336,-53.471415,-20.950961,-20.73732993573107
632.0,6.0,-137.90262214517335,-93.120622,-38.032026,-31.791755464570826
632.0,12.0,-148.1136852207999,-99.660915,-43.942331,-42.00281854019738
632.0,13.0,-112.04830442526423,37.474661,8.01891,-5.9374377446617075
632.0,14.0,-104.12221553168082,15.069557,-7.079416,1.9886511489217042
632.0,15.0,-122.62990402697778,-45.257595,-3.13581,-16.519037346375256
632.0,17.0,-133.83711307094228,-51.877788,-39.215361,-27.726246390339753
632.0,19.0,-156.49348500144666,-97.485152,-55.766057,-50.38261832084413
632.0,24.0,-155.34564960934983,-94.887648,-55.763627,-49.23478292874731
632.0,28.0,-112.33208716396857,-47.027189,-20.641489,-6.221220483366039
633.0,2.0,-123.01912718720845,-69.307423,-17.211025,-23.05041462899672
633.0,6.0,-133.49704748096767,-78.584425,-30.074657,-33.52833492275593
633.0,12.0,-137.20310827612823,-84.404312,-31.220064,-37.2343957179165
633.0,13.0,-111.07385657820431,71.328136,5.144391,-11.10514401999258
633.0,17.0,-133.1139833735036,-33.29367,-29.720348,-33.145270815291866
633.0,19.0,-152.2244938668797,-63.407211,-41.983423,-52.25578130866796
633.0,24.0,-150.17432101753516,-68.952658,-41.138771,-50.20560845932343
633.0,28.0,-114.6837143600691,-40.76721,-17.081996,-14.715001801857369
634.0,2.0,-115.07764749225578,-87.922791,-10.394181,-14.739395932338923
634.0,6.0,-129.7289517289893,-114.867979,-17.679286,-29.390700169072446
634.0,12.0,-129.26226435029,-66.097943,-32.686322,-28.92401279037314
634.0,13.0,-105.68661117755727,50.517102,3.280172,-5.348359617640412
634.0,17.0,-129.94843103227464,-84.86417,-18.711487,-29.610179472357785
634.0,19.0,-142.7815758637648,-101.616511,-30.594418,-42.443324303847945
634.0,24.0,-140.3579615288843,-127.236187,-36.894445,-40.01970996896743
634.0,28.0,-110.8267492112279,-53.366557,-4.511629,-10.48849765131105
635.0,2.0,-115.74978352992795,41.726485,48.88492,-13.68104711976909
635.0,6.0,-127.16852110969666,-53.495502,28.305802,-25.099784699537793
635.0,12.0,-128.30334170704816,-16.866574,-43.725336,-26.2346052968893
635.0,13.0,-105.33659601401556,36.165235,51.35785,-3.2678596038566923
635.0,17.0,-128.08200096116585,-69.426288,-25.31274,-26.013264551006984
635.0,19.0,-140.51205155556394,-71.018654,-21.930349,-38.44331514540508
635.0,24.0,-140.19031569920156,-74.649377,-17.465353,-38.1215792890427
635.0,28.0,-110.65916298358033,-45.570486,15.741995,-8.590426573421468
636.0,2.0,-134.49835195441472,70.841362,61.279297,-13.687189707509987
636.0,6.0,-144.99052335076328,-11.719744,45.819601,-24.179361103858554
636.0,12.0,-141.36114348160694,30.559914,-60.378701,-20.549981234702216
636.0,15.0,-133.0041473938219,-18.008201,13.995161,-12.19298514691718
636.0,17.0,-133.71113624615666,-1.023937,-15.20591,-12.899973999251927
636.0,19.0,-154.91632779693725,-16.298919,-14.647462,-34.105165550032524
636.0,24.0,-155.38954990480588,-22.066122,-23.625135,-34.578387657901146
636.0,28.0,-116.4109853421999,96.212183,36.594083,4.400176904704836
637.0,2.0,-135.0716033090546,25.827269,2.810631,-23.979742438338832
637.0,6.0,-142.49268323304895,-27.146398,-35.020617,-31.400822362333173
637.0,12.0,-145.40932463738372,3.233572,-55.421815,-34.31746376666794
637.0,13.0,-119.28254483281569,63.990836,43.788664,-8.19068396209991
637.0,14.0,-111.4258578906672,-22.699357,-13.487361,-0.3339970199514255
637.0,15.0,-133.6899028948263,-4.288586,25.187732,-22.598042024110526
637.0,17.0,-134.58850356239043,-44.437826,-68.208112,-23.49664269167465
637.0,19.0,-153.26918613629627,-47.279106,-78.017852,-42.17732526558049
637.0,24.0,-156.94092832241785,-46.405111,-58.852646,-45.84906745170207
637.0,28.0,-115.97337071877888,-10.981283,-31.928696,-4.881509848063104
638.0,2.0,-134.48598951727809,-30.859393,-23.376814,-24.060092611106
638.0,6.0,-142.96160375354975,-80.588097,-50.18589,-32.53570684737767
638.0,12.0,-148.90218579499012,-23.921713,-41.378529,-38.47628888881803
638.0,13.0,-121.0018495522621,-39.33988,16.750309,-10.575952646090016
638.0,14.0,-107.88142394722186,-45.024385,-21.804109,2.544472958950223
638.0,15.0,-133.97867995890783,-78.788494,9.134481,-23.552783052735748
638.0,17.0,-133.79536071374423,-91.044884,-55.714368,-23.369463807572146
638.0,19.0,-153.29549775492163,-69.94312,-70.307128,-42.86960084874954
638.0,24.0,-157.6862997671323,-83.419253,-57.771574,-47.26040286096023
638.0,28.0,-113.8614807557651,-32.762373,-36.903656,-3.4355838495930158
639.0,2.0,-118.66554697887356,-89.307099,-41.239329,-16.66326772292659
639.0,6.0,-129.81173132232112,-119.550584,-56.194006,-27.80945206637415
639.0,12.0,-132.06392244205958,-38.024963,-27.773518,-30.061643186112605
639.0,13.0,-107.27772117222288,-90.314347,-6.413006,-5.275441916275909
639.0,14.0,-104.40768583080737,-22.249712,-24.437217,-2.405406574860393
639.0,15.0,-115.99964760606281,-91.629785,-5.526933,-13.997368350115835
639.0,17.0,-129.16110372560166,-60.322632,-39.550431,-27.15882446965469
639.0,19.0,-145.65118307752996,-102.819832,-56.928762,-43.64890382158299
639.0,24.0,-142.55219162536918,-108.767925,-52.168369,-40.5499123694222
639.0,28.0,-110.52485991528475,-47.876069,-35.594629,-8.522580659337777
640.0,2.0,-114.15804717782751,-19.400305,-55.328115,-18.44024437107896
640.0,6.0,-126.96344022664505,-48.630087,-64.339543,-31.245637419896497
640.0,12.0,-128.7464260840212,-59.567011,-38.008767,-33.02862327727266
640.0,14.0,-103.20836574320563,39.207225,-18.721502,-7.490562936457081
640.0,17.0,-127.570054900484,-18.530025,-34.815066,-31.852252093735444
640.0,19.0,-139.94266354480285,-40.470996,-60.40972,-44.2248607380543
640.0,24.0,-137.1229590494849,-31.574562,-67.277237,-41.40515624273635
640.0,28.0,-108.32449437385594,-1.969279,-31.675473,-12.60669156710739
641.0,2.0,-116.00965833175069,-3.547025,-38.351034,-23.435248467932425
641.0,6.0,-129.17807901771576,-30.786306,-55.840275,-36.6036691538975
641.0,12.0,-130.2569956439272,-38.782115,-49.186177,-37.68258578010895
641.0,17.0,-129.23808090295103,-1.261914,-45.343652,-36.663671039132765
641.0,19.0,-143.7358718123078,-18.307038,-68.246545,-51.161461948489546
641.0,24.0,-140.45426519893292,-20.968381,-70.180146,-47.879855335114655
641.0,28.0,-110.92661939403668,3.487662,-29.56496,-18.352209530218417
642.0,2.0,-115.55644550248371,-36.569938,-39.576196,-18.676022446291114
642.0,6.0,-128.53405278622907,-48.13982,-56.516714,-31.65362973003647
642.0,12.0,-128.62317803701777,-38.803001,-48.047888,-31.74275498082517
642.0,17.0,-129.4063350660222,-12.869209,-44.646616,-32.5259120098296
642.0,19.0,-140.84603896912256,-31.794769,-67.623677,-43.96561591292996
642.0,24.0,-139.37614314752034,-53.081218,-69.687754,-42.49572009132774
642.0,28.0,-111.40146040170917,-4.087641,-29.925651,-14.521037345516575
643.0,2.0,-116.43983959638453,-39.715271,-41.094649,-17.38589822947324
643.0,6.0,-130.4288010097128,-42.468421,-57.564278,-31.37485964280151
643.0,12.0,-131.6124985828408,-37.252017,-47.019429,-32.55855721592951
643.0,17.0,-133.27560598850775,-11.853913,-44.174073,-34.22166462159646
643.0,19.0,-145.1598451307864,-35.473253,-67.326171,-46.10590376387512
643.0,24.0,-140.37259210235004,-48.767753,-69.48101,-41.31865073543875
643.0,28.0,-113.5951213150927,-7.60429,-30.531977,-14.541179948181409
644.0,2.0,-114.20626804583875,-19.15586,-38.068712,-18.037419737867552
644.0,6.0,-127.49415402075776,-31.707896,-59.349675,-31.32530571278656
644.0,12.0,-128.68697907492034,-30.303008,-47.826949,-32.51813076694914
644.0,14.0,-104.79487404081911,38.253557,-19.059203,-8.626025732847907
644.0,17.0,-129.01927556241205,-39.422768,-51.38541,-32.850427254440845
644.0,19.0,-140.37681767304747,-25.809833,-73.068505,-44.207969365076266
644.0,24.0,-137.79151454531896,-40.328763,-69.943259,-41.62266623734776
644.0,28.0,-111.21619070586655,0.191442,-35.305516,-15.047342397895349
645.0,2.0,-114.57333583566219,-27.829973,-38.314524,-19.311416455122
645.0,6.0,-127.15440088045465,-26.611414,-59.28539,-31.892481499914453
645.0,12.0,-130.2745810968391,-27.444449,-46.589889,-35.01266171629892
645.0,14.0,-103.36236191851472,41.440616,-19.511748,-8.10044253797453
645.0,17.0,-127.99980262459732,-32.928521,-50.79742,-32.73788324405713
645.0,19.0,-141.0422028445855,-22.211071,-72.210033,-45.7802834640453
645.0,24.0,-140.36861670422905,-37.48822,-68.88647,-45.10669732368886
645.0,28.0,-109.30687284737081,9.638869,-35.462388,-14.04495346683062
646.0,2.0,-115.84274904964144,-24.944166,-38.404872,-19.504419550572365
646.0,6.0,-128.03707726185857,-25.114057,-59.692078,-31.698747762789495
646.0,12.0,-132.22262977635663,-25.183787,-46.358214,-35.88430027728755
646.0,14.0,-103.55200355911644,16.198137,-20.078212,-7.213674060047367
646.0,15.0,-111.71704279602059,6.79425,-4.144181,-15.378713296951517
646.0,17.0,-128.65062006471925,-14.102857,-51.317119,-32.31229056565017
646.0,19.0,-143.32598024948567,-15.862342,-72.619438,-46.98765075041659
646.0,24.0,-142.61692058949563,-35.566217,-68.817905,-46.27859109042656
646.0,28.0,-109.10058204253784,-5.353045,-36.04916,-12.762252543468762
647.0,2.0,-116.87692216609264,2.233729,-38.653322,-19.90008588256056
647.0,6.0,-128.68352167327885,15.319728,-59.850434,-31.706685389746767
647.0,12.0,-133.05533578657045,-45.386695,-45.938364,-36.07849950303837
647.0,13.0,-103.78637786045385,147.913691,2.606024,-6.809541576921774
647.0,14.0,-103.94252938072366,15.128257,-20.335483,-6.965693097191576
647.0,15.0,-112.88304455361175,34.22506,-4.147542,-15.906208270079674
647.0,17.0,-128.58365910134555,96.845192,-51.186514,-31.606822817813466
647.0,19.0,-145.33839189757762,-9.518226,-72.437529,-48.36155561404554
647.0,24.0,-144.86597921882003,-12.659654,-68.54947,-47.88914293528795
647.0,28.0,-110.09060023985614,-2.145041,-36.219161,-13.113763956324064
648.0,2.0,-121.49435880155933,-2.360921,-38.865671,-17.59709861771961
648.0,6.0,-135.5161626261552,4.632016,-60.143736,-31.618902442315473
648.0,12.0,-137.88901596093788,-42.496199,-45.973629,-33.99175577709816
648.0,14.0,-111.10065401682722,17.667054,-20.523591,-7.203393832987501
648.0,15.0,-121.74679430255622,57.010062,-4.110038,-17.849534118716505
648.0,17.0,-137.5768089976248,105.546191,-51.380273,-33.679548813785075
648.0,19.0,-152.65991655828626,-8.968062,-72.682729,-48.762656374446536
648.0,24.0,-147.9274275781894,-17.612305,-68.713333,-44.030167394349675
648.0,28.0,-117.5729411758407,-6.228958,-36.443141,-13.675680992000977
649.0,2.0,-116.3966832266831,-37.78032,-38.803379,-16.572166697415383
649.0,6.0,-130.10539999893456,-35.445256,-60.140157,-30.280883469666847
649.0,12.0,-133.20160254149923,-29.839502,-46.172613,-33.377086012231516
649.0,14.0,-109.59330057108942,-8.165551,-20.444363,-9.768784041821704
649.0,17.0,-135.05470502419473,-41.211392,-51.477921,-35.23018849492702
649.0,19.0,-146.34359529786818,-41.645887,-72.81252,-46.519078768600465
649.0,24.0,-141.35842338175163,-45.645713,-68.860488,-41.53390685248392
649.0,28.0,-115.79156337467084,-0.616088,-36.411045,-15.967046845403132
650.0,2.0,-115.53408390964884,-25.494823,-38.586532,-17.38952341946043
650.0,6.0,-128.00353948918743,-20.559676,-59.980284,-29.85897899899902
650.0,12.0,-129.9360107923156,-25.57508,-46.466428,-31.791450302127203
650.0,14.0,-107.0734902539842,20.997005,-20.226311,-8.928929763795793
650.0,17.0,-130.9782020746278,-34.219265,-51.539576,-32.83364158443939
650.0,19.0,-142.86349956778204,-29.411671,-72.894344,-44.71893907759363
650.0,24.0,-138.8809722451389,-35.036118,-69.003782,-40.736411754950495
650.0,28.0,-113.04052424823716,3.399276,-36.249098,-14.895963758048751
