515.0,2.0,-78.82967779769243,48.887622,3.901446,-9.391656392557593
515.0,6.0,-83.1151419432475,14.672069,0.675603,-13.67712053811266
515.0,12.0,-76.89133503387481,-2.475752,-14.245376,-7.453313628739977
515.0,13.0,-71.38688691710975,37.803745,5.989189,-1.9488655119749154
515.0,14.0,-77.15488830986838,-7.825549,5.916146,-7.71686690473355
515.0,15.0,-71.82260121776743,33.846884,-0.786217,-2.3845798126325946
515.0,17.0,-82.09679716763996,-14.909345,-6.09413,-12.65877576250513
515.0,19.0,-89.44521518649246,-11.229287,-8.932877,-20.00719378135763
515.0,24.0,-90.39265310133446,-14.801848,-11.708181,-20.954631696199627
515.0,28.0,-80.56856510347136,-2.82777,2.603578,-11.130543698336524
516.0,2.0,-82.99408976422647,37.921806,-7.220425,-10.333392519386493
516.0,6.0,-86.13412982246308,4.849894,-9.629785,-13.4734325776231
516.0,12.0,-79.64924978755342,5.652976,-14.598919,-6.988552542713435
516.0,13.0,-73.41720889438574,9.747784,-1.353744,-0.7565116495457573
516.0,14.0,-79.2833735464693,-10.985247,1.371093,-6.622676301629326
516.0,15.0,-73.78832399235976,64.872997,-5.56378,-1.127626747519784
516.0,17.0,-81.46541785939296,3.231098,-7.85611,-8.804720614552977
516.0,19.0,-90.70064743637592,-14.184463,-14.09135,-18.039950191535937
516.0,24.0,-91.06158026666967,-17.452151,-17.906029,-18.400883021829685
516.0,28.0,-82.75495797475047,-8.296959,-2.535573,-10.094260729910488
517.0,2.0,-84.01808929753321,15.421912,-14.717398,-10.674923150588796
517.0,6.0,-85.03665271433401,-32.673673,-15.770597,-11.693486567389598
517.0,12.0,-82.41674531130673,-37.445631,-19.457663,-9.073579164362314
517.0,13.0,-75.43445433639523,9.431442,-6.988718,-2.0912881894508217
517.0,14.0,-80.79383078460104,-17.399547,1.879208,-7.4506646376566295
517.0,15.0,-76.75563970828789,51.738531,-11.661653,-3.412473561343475
517.0,24.0,-91.44151456006179,-33.907879,-25.936721,-18.098348413117378
517.0,28.0,-83.48860206597381,-29.715554,-3.214302,-10.145435919029396
518.0,2.0,-83.71867535406695,-51.583394,-22.756496,-12.262142623518798
518.0,6.0,-85.65320911549433,-42.433136,-33.297991,-14.196676384946187
518.0,12.0,-82.3666783142671,-52.326267,-29.664626,-10.910145583718958
518.0,13.0,-78.283219618718,6.038533,-1.707037,-6.826686888169846
518.0,14.0,-78.28305606960708,-17.116773,-8.432951,-6.826523339058937
518.0,15.0,-77.08252533370502,-17.283083,-7.205228,-5.625992603156874
518.0,24.0,-91.80023432344866,-59.585248,-42.826703,-20.343701592900516
518.0,28.0,-81.33353986858401,-2.894197,-17.982154,-9.877007138035864
519.0,2.0,-84.46522858216805,-54.413315,-20.275438,-12.417970621045669
519.0,6.0,-86.53131555634486,-63.581683,-36.46308,-14.484057595222481
519.0,12.0,-81.86460245428144,-49.445774,-39.055449,-9.817344493159055
519.0,13.0,-76.85385879154155,3.466482,5.799985,-4.806600830419171
519.0,14.0,-79.73068409124454,-45.949309,-8.955604,-7.683426130122157
519.0,15.0,-77.34924308062351,-10.104611,-3.53273,-5.301985119501126
519.0,24.0,-93.55480258073065,-66.74391,-51.805854,-21.507544619608268
519.0,28.0,-81.76103245108949,38.069321,-21.387635,-9.713774489967108
520.0,2.0,-84.53447333613602,-45.877687,-19.570493,-12.475665679263074
520.0,6.0,-85.90602415853131,-49.385101,-35.777594,-13.847216501658366
520.0,12.0,-80.70247865485831,-23.852035,-38.472226,-8.643670997985367
520.0,14.0,-78.92132078087893,-34.64418,-8.934011,-6.862513124005986
520.0,15.0,-76.88105467615435,-1.601067,-3.02303,-4.822247019281406
520.0,24.0,-93.68045407444193,-53.905621,-50.891107,-21.621646417568982
521.0,2.0,-84.61486563523685,-61.696191,-20.724959,-11.934523549249604
521.0,6.0,-86.2204147750367,-55.361714,-36.768054,-13.540072689049452
521.0,12.0,-80.82545029797983,-62.519288,-39.752691,-8.145108211992579
521.0,13.0,-75.29564089294449,13.09449,5.435447,-2.6152988069572416
521.0,14.0,-79.48571877857167,-36.036346,-8.610965,-6.805376692584417
521.0,15.0,-76.77853142182232,-18.688108,-4.116033,-4.098189335835073
521.0,19.0,-85.05392555144117,-21.152836,-52.983498,-12.373583465453919
521.0,24.0,-92.75011781815034,-72.90043,-52.610969,-20.069775732163095
521.0,28.0,-80.56388148977821,71.823059,-21.183362,-7.883539403790962
522.0,2.0,-78.78770166056837,17.248682,-23.135753,-21.935718260665
522.0,6.0,-80.56096595585446,7.261801,-38.051257,-23.70898255595108
522.0,12.0,-70.76254061805876,-15.608759,-36.021728,-13.91055721815539
522.0,14.0,-67.55009562460295,-3.213124,-10.528662,-10.698112224699571
522.0,15.0,-63.282200591843996,2.027857,-4.694938,-6.430217191940621
522.0,19.0,-84.31382057773932,-28.148891,-50.998101,-27.461837177835946
522.0,24.0,-84.50052320012036,-27.022177,-50.213839,-27.64853980021698
523.0,2.0,-80.53479690192104,-35.62797,-22.457653,-20.06509932781222
523.0,6.0,-82.39989257589818,-23.086754,-36.373191,-21.930195001789357
523.0,12.0,-73.34407224149166,-47.30289,-27.917197,-12.874374667382838
523.0,14.0,-69.70383855705559,-26.123007,-13.439673,-9.23414098294677
523.0,15.0,-66.72263924842683,-35.551161,-2.297047,-6.252941674318009
523.0,17.0,-76.53546527877059,-22.55346,-32.875046,-16.065767704661766
523.0,19.0,-86.81022527544069,-68.052496,-45.53746,-26.340527701331865
523.0,24.0,-83.22312304529227,-57.005621,-42.23868,-22.753425471183448
523.0,28.0,-72.14529516532207,18.002411,-23.277318,-11.675597591213247
524.0,2.0,-83.36289441335005,-36.166978,-27.52361,-16.09780069100283
524.0,6.0,-85.40199884052288,-24.833199,-36.897585,-18.13690511817566
524.0,12.0,-79.43860978443224,-51.001687,-26.338268,-12.173516062085028
524.0,15.0,-73.32781247770681,-38.746408,-8.72297,-6.062718755359597
524.0,17.0,-81.6527853147217,-13.712218,-26.525477,-14.38769159237448
524.0,19.0,-91.23222240786082,-46.834584,-40.935425,-23.9671286855136
524.0,24.0,-86.42773301730212,-30.550464,-42.062033,-19.1626392949549
524.0,28.0,-78.70548279581847,25.679877,-20.218257,-11.440389073471252
525.0,2.0,-83.0132995344829,-73.559448,-23.869448,-18.640462863894527
525.0,6.0,-84.85318785627173,-34.646658,-34.096236,-20.48035118568336
525.0,12.0,-79.49191802757638,-61.675958,-30.753319,-15.119081356988005
525.0,17.0,-81.92204385579794,-41.196399,-27.484313,-17.549207185209568
525.0,19.0,-91.3890322460338,-76.422043,-42.110918,-27.016195575445437
525.0,24.0,-86.23447529880421,-49.684583,-44.269078,-21.861638628215843
525.0,28.0,-79.16856283735748,-6.994798,-17.768545,-14.795726166769114
526.0,2.0,-83.19301695821342,-59.417197,-28.613453,-18.4777851243808
526.0,6.0,-84.86810654241317,-48.73321,-32.882251,-20.152874708580555
526.0,12.0,-78.54156090651593,-68.605247,-36.137531,-13.826329072683308
526.0,14.0,-74.414442682059,23.82222,-0.033644,-9.699210848226386
526.0,17.0,-81.9268550735455,-35.200534,-19.566919,-17.21162323971288
526.0,19.0,-90.5618640902406,-69.652447,-38.318531,-25.846632256407986
526.0,24.0,-85.5899749628637,-75.266481,-49.652143,-20.87474312903109
526.0,28.0,-78.69603682898587,-11.417822,-10.025786,-13.98080499515325
527.0,2.0,-82.54010310859452,-15.386893,-21.988496,-15.568871662442362
527.0,6.0,-85.01536620582068,-8.709014,-24.885761,-18.044134759668523
527.0,12.0,-78.6226821381406,-40.037001,-27.92633,-11.651450691988444
527.0,14.0,-76.00655713611276,33.332013,0.539902,-9.035325689960601
527.0,17.0,-82.48481548828119,-6.910474,-14.416641,-15.513584042129025
527.0,19.0,-89.75276698240201,-16.10605,-28.944275,-22.781535536249848
527.0,24.0,-85.24713651311252,-20.068772,-38.160208,-18.275905066960362
527.0,28.0,-78.3303415203806,34.221415,-7.094699,-11.35911007422844
528.0,2.0,-80.87586534672278,-26.875524,-19.584986,-7.627185668791299
528.0,6.0,-85.89034311733803,-0.541857,-26.77965,-12.641663439406557
528.0,12.0,-81.67672638226598,-20.633272,-25.350199,-8.428046704334506
528.0,14.0,-79.00038709590478,-3.601754,-4.996691,-5.751707417973307
528.0,17.0,-87.04188010265004,-0.082103,-20.569232,-13.793200424718563
528.0,19.0,-90.59033921459329,-10.452338,-32.820571,-17.34165953666181
528.0,24.0,-91.75257499277764,-33.639839,-36.001482,-18.50389531484616
528.0,28.0,-82.57660358280738,40.576411,-12.804442,-9.327923904875902
529.0,2.0,-80.79261844938522,-11.566461,-20.45924,-9.221870182616286
529.0,6.0,-85.4173500469484,-28.819693,-27.612713,-13.84660178017947
529.0,12.0,-82.58001756875113,-34.692525,-23.570078,-11.0092693019822
529.0,14.0,-78.36120335739734,42.156932,-6.389875,-6.790455090628413
529.0,17.0,-85.64089390579394,-3.370495,-20.51751,-14.070145639025014
529.0,19.0,-89.8441403153601,-19.802706,-32.455535,-18.273392048591163
529.0,24.0,-92.34759610881675,-40.668231,-34.87851,-20.776847842047815
529.0,28.0,-82.4429726442974,-3.481248,-13.879321,-10.872224377528468
530.0,2.0,-80.10267294226578,-3.515368,-18.916267,-14.186656168233995
530.0,6.0,-88.68663297356893,-40.8668,-28.482941,-22.770616199537145
530.0,12.0,-81.78019359442082,-44.846499,-25.276016,-15.864176820389034
530.0,17.0,-83.93016513540725,-10.525446,-24.312973,-18.01414836137546
530.0,19.0,-91.84752348440163,-38.738263,-35.918782,-25.931506710369845
530.0,24.0,-92.59418243949949,-51.382635,-36.370747,-26.678165665467702
530.0,28.0,-80.61439659436672,-1.092779,-15.857962,-14.698379820334935
531.0,6.0,-89.40668675234112,-16.234051,-27.912926,-21.892269239635937
531.0,12.0,-79.88920370173199,-23.1489,-24.846508,-12.374786189026807
531.0,13.0,-67.93915920384113,211.319111,-0.000986,-0.4247416911359494
531.0,17.0,-83.35050028141335,-18.640438,-24.220746,-15.836082768708167
531.0,19.0,-89.47713565674324,-18.277592,-35.487684,-21.962718144038064
531.0,24.0,-90.28174660898085,-19.700473,-35.646761,-22.767329096275674
531.0,28.0,-77.9274814826965,23.402614,-15.751561,-10.413063969991327
532.0,6.0,-89.55877625401817,10.913747,-27.048321,-18.33621658709228
532.0,12.0,-81.32441322890516,13.686732,-24.173555,-10.101853561979269
532.0,15.0,-74.1581601903518,-24.640438,-3.319012,-2.9356005234259044
532.0,17.0,-85.75806453031473,5.168585,-24.604486,-14.535504863388837
532.0,19.0,-90.86471041004957,8.829406,-35.17601,-19.64215074312368
532.0,24.0,-90.9476846957747,2.489339,-34.45147,-19.725125028848808
532.0,28.0,-79.5810575080068,41.859408,-15.925316,-8.358497841080904
533.0,6.0,-90.8655696870948,9.415396,-27.031917,-16.770180131017696
533.0,12.0,-82.26078646068227,9.356659,-24.457017,-8.16539690460516
533.0,13.0,-73.94403011021731,71.362579,1.788965,0.15135944585979644
533.0,15.0,-78.15332682304437,-1.003473,-2.999211,-4.057937266967258
533.0,17.0,-86.72279622059652,-1.060913,-25.016872,-12.627406664519413
533.0,19.0,-91.36618206359309,4.330953,-35.544097,-17.270792507515978
533.0,24.0,-92.7123815723487,3.843898,-34.631114,-18.616992016271595
533.0,28.0,-83.023983693919,8.314057,-16.051121,-8.928594137841898
534.0,6.0,-90.57772428117147,6.033916,-26.892078,-15.69412941660687
534.0,12.0,-83.00489336719183,1.627818,-24.876542,-8.121298502627226
534.0,13.0,-77.3899258392949,2.564584,1.936649,-2.5063309747303038
534.0,14.0,-78.93401799520188,17.455475,-7.681409,-4.050423130637284
534.0,17.0,-87.5730689039688,-5.712418,-25.065786,-12.689474039404203
534.0,19.0,-91.28401581100816,3.069228,-35.672918,-16.40042094644356
534.0,24.0,-92.17968723437214,0.346691,-34.916667,-17.29609236980754
534.0,28.0,-83.25167145722367,13.674512,-15.841801,-8.368076592659065
535.0,2.0,-80.83222713750732,83.693471,-16.524819,-3.773567236634136
535.0,6.0,-91.47134384476492,3.991765,-26.854618,-14.412683943891736
535.0,12.0,-82.2273708172907,3.127619,-25.177806,-5.168710916417524
535.0,13.0,-79.5743658508381,10.040975,1.747954,-2.515705949964925
535.0,14.0,-82.9913922645669,-0.232754,-7.387847,-5.932732363693717
535.0,17.0,-87.60599799681944,-7.126576,-24.893176,-10.547338095946259
535.0,19.0,-91.59874647071378,-5.031393,-35.649996,-14.540086569840597
535.0,24.0,-91.22021749476815,-1.660073,-35.1897,-14.161557593894969
535.0,28.0,-84.56038978790333,0.185917,-15.587783,-7.501729887030152
536.0,6.0,-91.71317971820302,-9.657876,-26.793595,-15.368415754253277
536.0,12.0,-84.97531438525807,-9.172946,-25.483376,-8.630550421308328
536.0,13.0,-77.81082256685673,-2.646272,1.702521,-1.4660586029069833
536.0,14.0,-82.74366433171252,-8.66144,-7.137823,-6.398900367762778
536.0,15.0,-76.88114174954252,100.623965,-3.588323,-0.5363777855927765
536.0,17.0,-87.2397899407275,-14.917725,-24.825862,-10.89502597677776
536.0,19.0,-91.83086870159701,-10.703403,-35.689905,-15.486104737647267
536.0,24.0,-92.60910806819051,-15.950128,-35.436312,-16.264344104240763
536.0,28.0,-84.54902975012902,-2.797628,-15.387616,-8.204265786179278
537.0,2.0,-82.39021256631365,-20.386484,-16.809318,-7.644571445896148
537.0,6.0,-91.63284590248212,-34.540535,-26.9996,-16.887204782064615
537.0,12.0,-84.51766262608986,-34.913913,-25.506121,-9.772021505672356
537.0,13.0,-76.50744298197208,90.239104,1.467244,-1.7618018615545736
537.0,14.0,-82.03919213692639,-36.223812,-7.173354,-7.293551016508886
537.0,15.0,-77.02508648926397,101.030595,-3.774216,-2.279445368846467
537.0,17.0,-86.45840157514961,-40.816832,-24.775813,-11.712760454732106
537.0,19.0,-92.03988364115574,-38.655924,-35.739465,-17.294242520738237
537.0,24.0,-92.91790058217971,-44.759934,-35.582256,-18.17225946176221
537.0,28.0,-83.81985026069059,-31.77848,-15.429626,-9.074209140273084
538.0,2.0,-83.08722693897401,31.943322,-17.478463,-8.638417231669735
538.0,6.0,-91.72226534794713,-7.653447,-27.553738,-17.27345564064285
538.0,12.0,-82.86518903025221,-8.337547,-25.084269,-8.416379322947932
538.0,13.0,-76.69072498933774,18.001619,0.954382,-2.2419152820334602
538.0,14.0,-82.122177472346,-2.440314,-7.611405,-7.673367765041718
538.0,17.0,-83.7310895110465,-8.576227,-24.715275,-9.282279803742227
538.0,19.0,-91.73999730286214,-11.125278,-35.7524,-17.291187595557858
538.0,24.0,-92.55333183842528,-16.189889,-35.533113,-18.104522131121
538.0,28.0,-84.14460075992066,-16.282527,-15.79983,-9.695791052616386
539.0,2.0,-83.85919208113027,27.380189,-18.840855,-9.440901585475473
539.0,6.0,-91.90867607759687,-28.690562,-28.030866,-17.490385581942064
539.0,12.0,-82.89445543855078,-17.91238,-24.096304,-8.476164942895977
539.0,14.0,-82.42240198754574,-21.862646,-7.768758,-8.004111491890939
539.0,17.0,-83.35540968333194,1.326864,-23.496803,-8.93711918767714
539.0,19.0,-91.4119552509947,-33.576952,-34.762362,-16.993664755339893
539.0,24.0,-91.3619295811237,-33.654904,-35.102192,-16.943639085468902
539.0,28.0,-84.8032823997702,-21.822566,-15.66475,-10.384991904115395
540.0,2.0,-84.60888313103369,-19.108976,-17.474462,-8.291190424408015
540.0,6.0,-91.65029681894089,-50.696987,-29.376499,-15.33260411231521
540.0,12.0,-83.24108793582023,-51.958153,-25.953327,-6.923395229194554
540.0,13.0,-76.73923524209879,-32.533363,2.876325,-0.42154253547310816
540.0,14.0,-83.41751235445581,-15.253937,-9.39042,-7.099819647830131
540.0,15.0,-79.2483733143164,-0.804696,-2.094024,-2.930680607690718
540.0,17.0,-83.88568512300417,-52.013138,-27.852968,-7.5679924163784875
540.0,19.0,-91.1516293011665,-54.383521,-38.829537,-14.833936594540816
540.0,24.0,-90.84689508430901,-49.433778,-36.916927,-14.529202377683333
540.0,28.0,-84.48750977664504,-25.427028,-18.115504,-8.169817070019363
541.0,2.0,-80.76928735671608,-50.205222,-19.048394,-14.126481545694489
541.0,6.0,-88.08317923118166,-69.027934,-27.785084,-21.44037342016007
541.0,12.0,-77.627156015373,-61.282436,-27.017772,-10.984350204351415
541.0,13.0,-70.1573705414432,29.057796,-1.242667,-3.514564730421611
541.0,14.0,-75.94048274993823,-28.286024,-5.674864,-9.297676938916638
541.0,15.0,-70.96321936394749,-13.428458,-6.834053,-4.320413552925899
541.0,17.0,-78.7488278912425,-44.126129,-23.158449,-12.10602208022091
541.0,19.0,-87.4637754059523,-77.686192,-35.489481,-20.820969594930716
541.0,24.0,-87.79307605086181,-73.971529,-37.65983,-21.150270239840225
541.0,28.0,-78.86985113665789,-34.586306,-14.089986,-12.227045325636297
542.0,2.0,-84.1658374463497,-22.963882,-22.267322,-10.753530931773014
542.0,6.0,-88.36503653075918,-51.376311,-26.818407,-14.9527300161825
542.0,12.0,-83.83240039424494,-41.34604,-22.837888,-10.420093879668258
542.0,13.0,-76.26279747090531,27.196639,-7.54072,-2.8504909563286276
542.0,14.0,-79.04631663186082,0.506127,-4.480953,-5.634010117284134
542.0,15.0,-76.66863618586035,7.136555,-11.176284,-3.256329671283666
542.0,17.0,-84.55528208082406,-47.637515,-16.575732,-11.142975566247372
542.0,19.0,-91.6185214889714,-46.927268,-29.243374,-18.20621497439471
542.0,24.0,-90.58506488688865,-53.205309,-34.295866,-17.17275837231196
542.0,28.0,-83.24403108016647,-26.773986,-11.416465,-9.83172456558978
543.0,2.0,-83.75889564308265,-17.688718,-19.205713,-9.234790591485392
543.0,6.0,-90.95908181233692,-28.980869,-27.260994,-16.43497676073966
543.0,12.0,-83.90823452872509,-30.552492,-27.083543,-9.384129477127829
543.0,13.0,-77.46554645768303,3.941637,-2.0129,-2.9414414060857723
543.0,15.0,-78.06435338335999,14.639138,-7.712346,-3.540248331762726
543.0,17.0,-87.42735822479098,-42.702056,-22.072489,-12.903253173193718
543.0,19.0,-90.77492397708669,-47.824935,-34.589764,-16.250818925489426
543.0,24.0,-92.71699677170882,-43.206084,-37.564943,-18.19289172011156
543.0,28.0,-83.09920608472775,-2.189376,-13.170714,-8.575101033130494
544.0,2.0,-81.59566218717087,-14.950769,-14.299183,-12.960400260236867
544.0,6.0,-89.93351932456419,-49.095384,-29.260865,-21.29825739763018
544.0,12.0,-81.40302826019906,-42.843648,-35.678381,-12.767766333265058
544.0,13.0,-73.65874684749825,31.282946,8.227912,-5.023484920564243
544.0,14.0,-76.18927008248346,25.189963,-6.087162,-7.554008155549454
544.0,15.0,-74.4905588789769,-28.872594,-1.349301,-5.855296952042892
544.0,17.0,-80.75057002305466,-27.944253,-33.246932,-12.115308096120657
544.0,19.0,-89.70671425128789,-56.285807,-45.857697,-21.071452324353885
544.0,24.0,-90.4431129711045,-47.022149,-44.834843,-21.80785104417049
544.0,28.0,-78.84313236759262,7.660122,-17.201739,-10.20787044065861
545.0,2.0,-83.05082421807495,-32.542369,-6.748909,-9.578198588162081
545.0,6.0,-90.64820420816297,-64.719464,-20.904839,-17.175578578250096
545.0,12.0,-83.2395148165661,-69.410492,-32.018212,-9.76688918665323
545.0,13.0,-77.28964505736597,57.443567,11.682029,-3.817019427453104
545.0,14.0,-79.49964046187056,-7.437753,-3.195407,-6.027014831957686
545.0,15.0,-76.33705843822999,-10.729498,1.650598,-2.864432808317119
545.0,17.0,-85.77763801697888,-70.667624,-29.354154,-12.305012387066014
545.0,19.0,-91.8080670952025,-70.377765,-38.831894,-18.335441465289634
545.0,24.0,-90.54552290189254,-68.292034,-37.090945,-17.07289727197967
545.0,28.0,-82.85191715330842,-24.832754,-12.936351,-9.379291523395551
546.0,2.0,-82.66885802899469,-43.736222,-17.543434,-9.054617119570338
546.0,6.0,-90.82984359600248,-43.772455,-28.342148,-17.215602686578123
546.0,12.0,-84.34178806664495,-50.952978,-30.415898,-10.727547157220599
546.0,13.0,-76.88204847908975,60.838329,1.910675,-3.2678075696653934
546.0,17.0,-86.75708879717014,-50.997228,-26.572851,-13.142847887745788
546.0,19.0,-91.86420849224946,-48.487726,-39.177981,-18.249967582825107
546.0,24.0,-92.72595278294042,-51.083221,-40.52415,-19.11171187351607
546.0,28.0,-80.64727603294561,-56.491843,-14.958684,-7.033035123521259
547.0,2.0,-83.95465278954947,-9.983175,-20.062996,-11.670538130112362
547.0,6.0,-91.16370963582061,-13.499167,-28.416604,-18.8795949763835
547.0,12.0,-83.70856918174816,-17.295837,-27.574042,-11.424454522311052
547.0,13.0,-76.1457508572553,58.568484,-2.152178,-3.8616361978181857
547.0,15.0,-78.90124409131742,-10.72333,-7.797761,-6.617129431880315
547.0,17.0,-83.26654683368453,-26.809525,-22.856344,-10.982432174247421
547.0,19.0,-91.99639546157364,-20.008853,-35.709462,-19.712280802136533
547.0,24.0,-93.06898938556533,-22.413638,-38.56085,-20.784874726128223
548.0,2.0,-85.32384480018153,6.818075,-20.922666,-11.691990366449488
548.0,6.0,-91.8034260939262,-2.794728,-32.977088,-18.17157166019416
548.0,12.0,-84.66908029457471,-3.685077,-36.196284,-11.037225860842668
548.0,13.0,-77.4177510713848,17.858808,1.452994,-3.7858966376527547
548.0,15.0,-80.45325914340306,-8.87786,-7.15961,-6.821404709671015
548.0,19.0,-91.9939296394274,-9.457826,-45.459376,-18.362075205695362
548.0,24.0,-93.65540145547455,-9.87333,-47.96737,-20.023547021742502
548.0,28.0,-81.98383045792669,14.838284,-16.67155,-8.351976024194641
549.0,2.0,-83.79990949957465,-7.875906,-22.401661,-8.873515519310047
549.0,6.0,-91.60199771811465,-13.959872,-34.352662,-16.67560373785004
549.0,12.0,-84.90310379435594,-14.677112,-37.387655,-9.976709814091336
549.0,13.0,-78.24671017200242,-6.626648,0.539626,-3.320316191737817
549.0,15.0,-80.30165840919689,-6.455661,-8.240913,-5.375264428932283
549.0,19.0,-92.0651351516859,-13.844224,-46.651126,-17.138741171421287
549.0,24.0,-92.84095069330363,-19.026784,-49.810119,-17.91455671303902
550.0,2.0,-84.2792685940663,-42.760257,-25.539533,-10.762190454363349
550.0,6.0,-92.27260237364443,-52.896861,-37.620435,-18.755524233941486
550.0,12.0,-84.1794605932837,-55.512125,-40.230664,-10.662382453580747
550.0,14.0,-79.53450860227967,97.602966,-5.788774,-6.017430462576726
550.0,19.0,-92.71550149388766,-58.124787,-49.840824,-19.198423354184712
550.0,24.0,-91.3049772227413,-61.32431,-54.126194,-17.787899083038354
550.0,28.0,-82.3198270112239,-31.090811,-17.956453,-8.802748871520947
551.0,2.0,-84.48307524287303,-16.094849,-32.781329,-13.744517112328666
551.0,6.0,-92.19633604553573,-21.365973,-44.708142,-21.457777914991368
551.0,12.0,-84.22434224458834,-21.440995,-47.189783,-13.48578411404398
551.0,19.0,-92.50916559599244,-23.139485,-56.712027,-21.77060746544808
551.0,24.0,-93.05410543480828,-29.887166,-64.297591,-22.315547304263916
552.0,2.0,-84.81006605642297,5.323325,-36.973643,-10.014166638732988
552.0,6.0,-91.72669994585756,-6.691642,-48.86984,-16.93080052816758
552.0,12.0,-84.308427617552,-13.623675,-52.296059,-9.512528199862018
552.0,13.0,-77.72082967930136,-1.669364,-7.42423,-2.9249302616113795
552.0,19.0,-92.54671334528132,-15.359217,-61.2468,-17.750813927591338
552.0,24.0,-91.49497225316547,-15.514068,-71.161995,-16.69907283547549
553.0,2.0,-84.54776528956204,8.676639,-37.988437,-7.316375441874996
553.0,6.0,-90.3262833640397,0.194135,-50.84643,-13.094893516352656
553.0,12.0,-84.57046853625964,-5.422475,-53.484081,-7.339078688572599
553.0,13.0,-78.41996800655508,-3.33791,-6.966367,-1.1885781588680402
553.0,17.0,-89.32193608745798,-11.552384,-38.486411,-12.090546239770944
553.0,19.0,-92.97360633630483,-11.456336,-63.750785,-15.742216488617785
553.0,24.0,-92.24028867314983,-5.610156,-73.099901,-15.008898825462794
553.0,28.0,-82.73594800741681,57.054363,-21.599028,-5.504558159729768
554.0,2.0,-81.09683808113228,7.783137,-40.071066,-20.96223105372526
554.0,6.0,-88.61017703975001,-22.50689,-52.655023,-28.475570012343
554.0,12.0,-78.48943729825534,-25.852808,-52.311153,-18.354830270848325
554.0,17.0,-85.91433801638114,-36.609911,-38.461719,-25.779730988974123
554.0,19.0,-95.03480960129208,-35.714992,-63.983704,-34.90020257388507
554.0,24.0,-94.64126107810166,-42.092469,-73.114431,-34.50665405069465
554.0,28.0,-76.743721146493,30.122485,-22.834309,-16.609114119085987
555.0,2.0,-83.58803777462025,-60.555598,-42.523678,-13.253400725700402
555.0,6.0,-89.49252535296405,-86.623949,-55.179342,-19.157888304044207
555.0,12.0,-82.22235070282053,-86.579021,-54.262344,-11.88771365390069
555.0,13.0,-77.29552179372426,-10.380389,-9.744228,-6.960884744804417
555.0,17.0,-82.74449660206544,-35.009045,-39.497104,-12.409859553145594
555.0,19.0,-92.76094181555493,-82.589517,-66.308675,-22.426304766635084
555.0,24.0,-93.42349199264304,-89.534411,-76.233491,-23.08885494372319
555.0,28.0,-81.42332210811891,22.652437,-23.668184,-11.088685059199065
556.0,2.0,-81.93984059883404,-29.932583,-43.011254,-11.606593257628518
556.0,6.0,-89.27896174094731,-66.659821,-55.6193,-18.94571439974179
556.0,12.0,-81.09622128044298,-49.095754,-53.260289,-10.762973939237455
556.0,13.0,-76.44730530915228,-59.972495,-10.093585,-6.1140579679467635
556.0,17.0,-81.16651214365258,-32.812106,-39.426191,-10.833264802447061
556.0,19.0,-92.80561110481356,-65.237173,-66.061712,-22.472363763608044
556.0,24.0,-92.9755625514718,-74.188597,-75.588685,-22.642315210266275
556.0,28.0,-81.74037691731282,37.695508,-24.237783,-11.407129576107295
557.0,2.0,-76.77801173892072,-51.019651,-44.078321,-14.656996706119557
557.0,6.0,-85.07411352644563,-52.015432,-56.493498,-22.95309849364446
557.0,12.0,-76.08241169429385,-54.363969,-53.808116,-13.961396661492685
557.0,13.0,-69.05612303547757,-36.585094,-10.873349,-6.935108002676401
557.0,14.0,-69.48204029441915,78.968922,-8.235879,-7.361025261617982
557.0,17.0,-75.94438537230143,15.506336,-39.464787,-13.823370339500258
557.0,19.0,-88.73263910030887,-53.999273,-66.604796,-26.611624067507705
557.0,24.0,-87.96705028633262,-57.674115,-76.598218,-25.846035253531454
557.0,28.0,-74.81668712605186,68.084274,-24.383236,-12.695672093250693
558.0,2.0,-84.19062798325383,-30.017589,-45.240176,-8.856351681411624
558.0,6.0,-90.24474021829268,-41.173514,-57.730784,-14.910463916450468
558.0,12.0,-85.38367193544225,-34.14594,-54.064931,-10.049395633600042
558.0,13.0,-78.48335119418677,-12.326849,-11.442019,-3.149074892344558
558.0,17.0,-82.47624853507274,4.094933,-39.939975,-7.141972233230533
558.0,19.0,-92.93333094141079,-35.224752,-67.469474,-17.59905463956858
558.0,24.0,-91.97648136695882,-46.83954,-77.491133,-16.642205065116613
559.0,2.0,-83.59416540746831,-18.067847,-45.703497,-10.602328930868126
559.0,6.0,-89.86705223466903,-28.446989,-58.017509,-16.875215758068848
559.0,12.0,-83.19011739798252,-31.911156,-54.51583,-10.198280921382334
559.0,13.0,-74.29657774588283,-30.610046,-11.857636,-1.3047412692826441
559.0,19.0,-91.54880696904793,-37.420318,-67.656953,-18.556970492447746
559.0,24.0,-90.21855511922325,-48.639167,-78.083765,-17.22671864262307
560.0,2.0,-85.02453875843956,-7.361988,-45.861443,-7.714786943066045
560.0,6.0,-91.08092567969722,-19.702331,-58.041838,-13.7711738643237
560.0,12.0,-86.15528070172724,-22.449364,-54.758915,-8.84552888635372
560.0,13.0,-79.07229618759102,-25.128867,-12.059332,-1.762544372217505
560.0,17.0,-83.49034230918214,-45.439105,-39.672436,-6.180590493808623
560.0,19.0,-92.97779969171113,-28.577787,-67.646245,-15.66804787633761
560.0,24.0,-91.69367119320701,-38.261906,-78.335741,-14.383919377833493
561.0,2.0,-79.09770485274002,10.830861,-45.906492,-8.27048397037413
561.0,6.0,-85.59327503185587,-16.713315,-58.043488,-14.766054149489975
561.0,12.0,-80.53651944801054,-17.155552,-54.738377,-9.709298565644644
561.0,13.0,-73.74819162049481,-24.667152,-12.112251,-2.920970738128915
561.0,17.0,-78.76381515440269,-46.32695,-39.605502,-7.9365942720368
561.0,19.0,-87.55207582047466,-28.429144,-67.59014,-16.724854938108763
561.0,24.0,-86.62865922548274,-36.921236,-78.320298,-15.801438343116843
562.0,2.0,-83.06724359683936,-18.027102,-45.91456,-12.367321988594014
562.0,6.0,-90.55142826920842,-34.435499,-58.034094,-19.851506660963068
562.0,12.0,-84.43199772697764,-27.969984,-54.70814,-13.732076118732294
562.0,13.0,-76.5749188558546,-28.866754,-12.117408,-5.874997247609258
562.0,17.0,-83.55097710167531,-45.330617,-39.570192,-12.851055493429968
562.0,19.0,-93.38743564804223,-48.070604,-67.547507,-22.68751403979688
562.0,24.0,-92.6192396646981,-50.307728,-78.28428,-21.919318056452752
563.0,2.0,-82.84954462328592,-20.416587,-45.862517,-11.951446579441622
563.0,6.0,-89.77492896348691,-24.849514,-57.972222,-18.876830919642615
563.0,12.0,-84.11339425816406,-26.05991,-54.674305,-13.215296214319764
563.0,13.0,-75.792220635644,-54.129063,-12.080043,-4.8941225917997
563.0,17.0,-82.56018186982358,-52.902416,-39.53039,-11.66208382597928
563.0,19.0,-92.22509666268677,-34.336258,-67.481058,-21.326998618842467
563.0,24.0,-91.61735483642859,-44.780495,-78.214122,-20.71925679258429
563.0,28.0,-80.1079867585229,50.658668,-24.649776,-9.209888714678598
564.0,2.0,-80.60160921655282,-19.329321,-45.795968,-14.812369332403165
564.0,6.0,-88.78638149999337,-38.824949,-57.886066,-22.997141615843717
564.0,12.0,-82.467999809345,-40.114131,-54.62642,-16.67875992519535
564.0,17.0,-80.47708103813318,-62.928599,-39.468604,-14.687841153983527
564.0,19.0,-91.93838746949699,-47.709691,-67.385911,-26.149147585347336
564.0,24.0,-91.40165254539055,-57.109554,-78.120145,-25.612412661240896
565.0,2.0,-77.01506643743734,-36.1245,-45.716214,-17.406315459767356
565.0,6.0,-87.11360914987323,-62.599113,-57.785721,-27.504858172203242
565.0,12.0,-77.76636416956968,-64.174949,-54.578015,-18.1576131918997
565.0,13.0,-67.13327120186945,-99.165072,-12.003206,-7.524520224199463
565.0,14.0,-70.48812798807265,136.615856,-8.198486,-10.879377010402663
565.0,17.0,-76.54481998933247,-98.860226,-39.401454,-16.936069011662482
565.0,19.0,-90.15716489888358,-63.347713,-67.281734,-30.548413921213594
565.0,24.0,-88.93407778822971,-78.644825,-78.018035,-29.32532681055973
565.0,28.0,-74.23120941403316,60.715371,-24.531994,-14.622458436363175
566.0,2.0,-75.09132199841704,-30.744219,-45.629653,-20.077636478665532
566.0,6.0,-85.53035940236197,-40.604547,-57.681323,-30.516673882610455
566.0,12.0,-75.18156890806887,-42.933953,-54.540119,-20.167883388317357
566.0,17.0,-74.99627990994072,-29.25662,-39.33826,-19.982594390189213
566.0,19.0,-88.56950184218687,-35.858306,-67.182459,-33.555816322435355
566.0,24.0,-87.31522386028796,-54.708711,-77.922404,-32.301538340536446
566.0,28.0,-72.750408141693,53.242942,-24.464832,-17.73672262194149
567.0,2.0,-77.9826938045341,-42.182202,-45.535599,-15.275213717426162
567.0,6.0,-87.38859666066291,-34.247278,-57.570528,-24.68111657355498
567.0,12.0,-80.57644220688503,-33.072539,-54.507733,-17.868962119777102
567.0,17.0,-79.84182887905423,-50.756936,-39.27547,-17.1343487919463
567.0,19.0,-91.00971896629007,-29.664102,-67.083056,-28.302238879182134
567.0,24.0,-90.48710676606441,-39.517705,-77.827867,-27.779626678956483
567.0,28.0,-78.92525047668978,74.864622,-24.392875,-16.21777038958185
568.0,2.0,-75.97542153803583,-63.013936,-45.432922,-15.70349815149342
568.0,6.0,-85.69397524078859,-58.308395,-57.472353,-25.422051854246178
568.0,12.0,-78.33748352152784,-64.899453,-54.518299,-18.065560134985432
568.0,13.0,-68.34209598792407,239.259713,-11.817068,-8.070172601381657
568.0,17.0,-78.00121805784696,-42.297803,-39.250753,-17.729294671304544
568.0,19.0,-89.67918091408607,-46.058106,-67.029082,-29.407257527543663
568.0,24.0,-89.0842038783645,-61.045387,-77.773735,-28.812280491822094
568.0,28.0,-77.4858719484626,62.270519,-24.330975,-17.21394856192019
569.0,2.0,-68.78412716775371,-47.806843,-45.287057,-20.563406056873696
569.0,6.0,-79.96574515936207,-50.308529,-57.343251,-31.74502404848206
569.0,12.0,-68.46761727883238,-50.156576,-54.596176,-20.246896167952364
569.0,13.0,-56.78591706340184,-58.004134,-11.694065,-8.565195952521826
569.0,17.0,-68.86463157945502,-30.742005,-39.242478,-20.643910468575008
569.0,19.0,-82.82715513957265,-43.204733,-66.998637,-34.60643402869264
569.0,24.0,-81.90142796509814,-46.604354,-77.759396,-33.68070685421812
569.0,28.0,-66.88775994356662,63.565728,-24.237186,-18.667038832686607
570.0,6.0,-90.30415097913244,-23.660947,-57.097546,-18.18126503236627
570.0,12.0,-83.8687016240769,-40.982693,-54.736024,-11.74581567731073
570.0,13.0,-77.9712831459307,-19.090697,-11.52917,-5.848397199164523
570.0,17.0,-83.70664169641357,-2.257607,-39.185228,-11.583755749647395
570.0,19.0,-93.72350556520793,-20.190023,-66.914378,-21.600619618441755
570.0,24.0,-93.75043915470668,-19.519763,-77.739043,-21.627553207940508
570.0,28.0,-84.03655565132603,92.262199,-24.038009,-11.913669704559851
571.0,2.0,-84.8934422631413,-34.415925,-44.727669,-9.148753505245253
571.0,6.0,-91.46069937712801,-55.032151,-56.788227,-15.716010619231966
571.0,12.0,-86.5448941524918,-53.67069,-54.88871,-10.800205394595764
571.0,13.0,-78.81842158518434,-32.356342,-11.318315,-3.073732827288296
571.0,14.0,-79.92693015681557,84.511544,-7.471332,-4.18224139891953
571.0,17.0,-84.5967536853801,-14.602215,-39.119245,-8.85206492748405
571.0,19.0,-93.23985655721712,-51.516634,-66.805242,-17.49516779932108
571.0,24.0,-92.69413983172883,-57.616102,-77.693336,-16.94945107383279
571.0,28.0,-84.55284828443965,37.534993,-23.801467,-8.808159526543605
572.0,2.0,-84.58457621061746,-69.573529,-43.350103,-10.332568987131083
572.0,6.0,-90.12703298765557,-86.045729,-55.690515,-15.875025764169195
572.0,12.0,-85.61993768408449,-96.56645,-54.345911,-11.367930460598117
572.0,14.0,-79.28659851449397,8.247001,-7.398743,-5.034591291007601
572.0,17.0,-82.77528276348015,-59.838868,-39.12952,-8.523275539993776
572.0,19.0,-92.88161998735735,-91.887171,-66.204895,-18.62961276387098
572.0,24.0,-91.88815861769564,-92.772424,-76.526938,-17.636151394209264
572.0,28.0,-84.48951197389644,25.271804,-23.587097,-10.237504750410068
573.0,2.0,-81.58105305049163,-75.941915,-45.264332,-16.82512131497468
573.0,6.0,-88.17361495353744,-98.976315,-57.916347,-23.417683218020485
573.0,12.0,-79.9185012977784,-97.859432,-53.011957,-15.162569562261453
573.0,13.0,-71.01653432783368,-1.274363,-11.053261,-6.260602592316729
573.0,14.0,-73.89259085509589,56.699459,-9.535591,-9.136659119578937
573.0,17.0,-78.71117407151719,-61.401014,-40.015658,-13.95524233600024
573.0,19.0,-91.36301187879742,-97.46626,-67.141006,-26.60708014328047
573.0,24.0,-89.33571159626355,-108.367389,-76.503263,-24.579779860746598
573.0,28.0,-77.30755006905157,21.90619,-25.6326,-12.55161833353462
574.0,2.0,-83.52439377022942,-41.28169,-49.461272,-16.345680059231228
574.0,6.0,-89.17730235250012,-47.696626,-58.167037,-21.998588641501925
574.0,12.0,-82.67348586673718,-50.129186,-58.89964,-15.494772155738985
574.0,17.0,-80.82757176182992,37.06353,-35.335783,-13.64885805083172
574.0,19.0,-93.08663560033806,-43.404709,-66.218921,-25.90792188933986
574.0,24.0,-91.92118964240105,-50.938518,-82.772953,-24.74247593140285
574.0,28.0,-80.92624987645685,44.472501,-20.297035,-13.747536165458655
575.0,2.0,-82.81092906105182,-132.105654,-49.875742,-11.794475969576908
575.0,6.0,-90.34399444673265,-123.29331,-58.175624,-19.327541355257736
575.0,12.0,-82.5738583494418,-130.35992,-59.424546,-11.557405257966892
575.0,13.0,-73.98197745315848,28.70345,-17.922102,-2.9655243616835634
575.0,19.0,-93.44916568236302,-126.123652,-66.071632,-22.4327125908881
575.0,24.0,-92.81667726353884,-126.53449,-83.330592,-21.80022417206392
575.0,28.0,-84.55709477258019,-19.213201,-19.763402,-13.54064168110527
576.0,2.0,-82.86928562977384,-121.777249,-46.148569,-15.163312910197774
576.0,6.0,-89.14733727731877,-127.946873,-55.599663,-21.441364557742702
576.0,12.0,-80.23513505889979,-131.11409,-57.469054,-12.529162339323719
576.0,19.0,-92.96157354395568,-128.980968,-64.830599,-25.255600824379613
576.0,24.0,-91.71358377139542,-133.977821,-79.884574,-24.007611051819353
576.0,28.0,-82.53171984641419,-28.873054,-19.932109,-14.825747126838124
577.0,2.0,-84.8305401318154,-115.226311,-48.566553,-6.258058329365994
577.0,6.0,-90.7496637028604,-116.861399,-68.400507,-12.177181900411
577.0,12.0,-83.79153328663048,-120.336665,-63.355421,-5.21905148418108
577.0,17.0,-87.57590352524322,-57.956332,-54.084423,-9.003421722793817
577.0,19.0,-91.58813878535611,-119.277718,-84.084029,-13.015656982906705
577.0,24.0,-93.03758960495897,-120.257919,-89.849003,-14.465107802509564
577.0,28.0,-87.41191335148416,-34.147346,-34.141454,-8.839431549034757
578.0,2.0,-84.66115106298405,-80.0239,-39.697631,-10.812861223907376
578.0,6.0,-87.44068575368512,-76.335966,-71.942419,-13.592395914608446
578.0,12.0,-82.85334986027691,-87.102772,-75.823212,-9.005060021200237
578.0,13.0,-75.52591920119598,171.811595,13.37618,-1.6776293621193048
578.0,14.0,-81.15359425506095,7.262692,-18.022932,-7.305304415984281
578.0,17.0,-85.73709412042957,-36.522963,-73.704032,-11.888804281352904
578.0,19.0,-91.86194840539373,-82.607317,-102.914083,-18.013658566317062
578.0,24.0,-92.5067276490558,-87.017803,-100.015704,-18.658437809979134
578.0,28.0,-84.2972700229146,-75.475906,-42.263273,-10.448980183837932
579.0,2.0,-79.01182117617016,-40.61161,-40.767601,-21.23147530609903
579.0,6.0,-84.42468948685848,-39.705022,-87.857917,-26.644343616787353
579.0,12.0,-75.77737821583635,-37.058721,-84.728082,-17.99703234576522
579.0,14.0,-69.49327134330206,44.346248,-31.956159,-11.712925473230925
579.0,17.0,-78.90622852014987,-36.408281,-99.711056,-21.125882650078736
579.0,19.0,-87.28893647712302,-43.01944,-129.321078,-29.508590607051886
579.0,24.0,-89.82179547805448,-48.537583,-113.345415,-32.04144960798335
579.0,28.0,-72.7273540827451,-9.049881,-60.993113,-14.947008212673964
580.0,2.0,-77.4392298020286,-53.999081,-40.080358,-16.40624090295762
580.0,6.0,-85.69329493941683,-83.127583,-90.368025,-24.660306040345844
580.0,12.0,-77.89782865224252,-92.468743,-87.978821,-16.864839753171537
580.0,13.0,-66.6810650831626,110.144734,32.325101,-5.648076184091607
580.0,14.0,-69.79333765097682,-2.180436,-33.712803,-8.760348751905838
580.0,15.0,-66.03696316754422,74.274737,12.346286,-5.003974268473229
580.0,17.0,-81.73556725850102,-98.774804,-105.20693,-20.702578359430035
580.0,19.0,-87.9277258338946,-87.712222,-135.067383,-26.894736934823612
580.0,24.0,-90.65053899343302,-92.988674,-116.866352,-29.61755009436203
580.0,28.0,-74.73805169529955,-29.839953,-63.995066,-13.70506279622856
581.0,2.0,-78.92815241423226,-107.595234,-39.441965,-19.843959082819197
581.0,6.0,-88.08223741286119,-97.452778,-92.722963,-28.99804408144813
581.0,12.0,-75.74880903314174,-104.869516,-90.701161,-16.66461570172868
581.0,13.0,-65.05917237764048,97.587735,35.924209,-5.974979046227418
581.0,17.0,-80.63895691686135,-110.50136,-110.313569,-21.554763585448285
581.0,19.0,-88.21108318584736,-104.790552,-140.3076,-29.126889854434296
581.0,24.0,-90.63479614944207,-106.554582,-119.875979,-31.550602818029006
581.0,28.0,-73.78590440320333,-53.190254,-66.921651,-14.701711071790271
582.0,2.0,-80.3444752284025,-36.916377,-38.898484,-21.663197818223445
582.0,6.0,-87.78643353078654,-46.200309,-92.962497,-29.105156120607482
582.0,12.0,-78.99882360096476,-59.606585,-91.11022,-20.3175461907857
582.0,14.0,-71.35835100516,113.285409,-35.97964,-12.677073594980946
582.0,15.0,-66.26159969524439,35.797073,16.090444,-7.5803222850653285
582.0,17.0,-81.52659190872971,-54.25939,-111.499905,-22.845314498550657
582.0,19.0,-90.01512922178478,-56.400461,-141.324855,-31.33385181160572
582.0,24.0,-93.37130939619459,-62.109548,-120.163651,-34.69003198601553
582.0,28.0,-77.80152454123589,-22.332693,-67.563812,-19.120247131056836
583.0,2.0,-79.59766989782888,-93.100724,-39.165526,-18.67207048143858
583.0,6.0,-87.63473521629648,-112.39405,-93.128414,-26.70913579990618
583.0,12.0,-76.73274531699666,-116.599875,-90.283364,-15.807145900606358
583.0,13.0,-67.43912108423217,109.647396,36.833876,-6.5135216678418715
583.0,17.0,-80.93815381856083,-104.591866,-111.297239,-20.012554402170537
583.0,19.0,-90.01118269144457,-112.830516,-140.948412,-29.085583275054276
583.0,24.0,-91.75715205660374,-122.352616,-119.518851,-30.831552640213445
583.0,28.0,-78.1141990627943,-61.226467,-67.858749,-17.188599646404
584.0,2.0,-77.10210011328506,-133.044443,-39.717225,-16.293106152843528
584.0,6.0,-85.98286815002122,-149.946027,-93.73284,-25.173874189579685
584.0,12.0,-74.72339444932153,-142.182775,-89.876362,-13.914400488879998
584.0,14.0,-70.52850531830555,-14.395431,-37.019064,-9.719511357864015
584.0,15.0,-66.19081684464527,61.727585,16.337164,-5.381822884203736
584.0,17.0,-80.68121160666819,-139.993836,-111.479754,-19.87221764622665
584.0,19.0,-86.79725652639178,-149.644802,-141.141319,-25.988262565950244
584.0,24.0,-90.4189713878973,-162.004577,-119.45573,-29.609977427455767
584.0,28.0,-77.74564664112702,-111.021336,-68.390322,-16.93665268068549
585.0,2.0,-77.0726125015966,-202.947301,-39.757319,-15.390535891545746
585.0,6.0,-85.86391594010927,-169.355733,-93.807554,-24.181839330058416
585.0,12.0,-75.42137846162738,-161.301571,-89.904583,-13.739301851576535
585.0,13.0,-66.03236339705022,28.649316,36.630592,-4.350286786999369
585.0,14.0,-71.07274151499546,-61.582599,-37.053576,-9.390664904944607
585.0,15.0,-67.25312776097738,55.432123,16.387962,-5.571051150926529
585.0,17.0,-80.66422098476934,-163.815508,-111.541113,-18.982144374718494
585.0,19.0,-86.2779962153006,-175.867018,-141.21224,-24.595919605249755
585.0,24.0,-90.5974234100219,-186.997968,-119.487461,-28.915346799971054
585.0,28.0,-77.35537861873213,-133.905386,-68.43802,-15.673302008681283
586.0,2.0,-76.40980658988879,-174.203518,-39.752332,-14.432850770805892
586.0,6.0,-85.52266225543691,-180.974737,-93.809723,-23.545706436354017
586.0,12.0,-74.62425502465572,-175.537738,-89.960213,-12.647299205572828
586.0,13.0,-67.22808459190345,40.430853,36.674336,-5.251128772820557
586.0,14.0,-70.00964964671768,-68.492779,-37.014882,-8.03269382763478
586.0,15.0,-66.79129593132028,30.635495,16.408764,-4.814340112237382
586.0,17.0,-80.27358306548547,-157.866136,-111.547527,-18.296627246402572
586.0,19.0,-87.07969180132297,-186.434588,-141.229417,-25.10273598224007
586.0,24.0,-90.15875165104326,-185.602552,-119.509423,-28.181795831960365
586.0,28.0,-76.47931019586315,-136.034695,-68.40986,-14.502354376780254
587.0,6.0,-85.02553374606312,-197.609969,-93.818275,-23.57508016064427
587.0,12.0,-74.41527170151375,-184.20134,-90.035043,-12.964818116094897
587.0,13.0,-66.66354719656397,30.479225,36.736523,-5.213093611145119
587.0,14.0,-69.68428021403038,-71.359635,-36.978125,-8.233826628611531
587.0,15.0,-66.6924531538486,44.344278,16.440049,-5.241999568429755
587.0,17.0,-79.72344493316778,-155.632365,-111.576283,-18.272991347748935
587.0,19.0,-86.4177168015823,-188.185829,-141.270694,-24.967263216163452
587.0,24.0,-89.75571020173705,-187.136745,-119.548847,-28.305256616318196
587.0,28.0,-76.41575507720887,-153.287753,-68.389711,-14.965301491790022
588.0,2.0,-73.80379071974187,-262.768333,-39.71387,-13.089602717960638
588.0,6.0,-85.0468836924028,-184.653288,-93.863289,-24.33269569062157
588.0,12.0,-74.92042235592253,-184.469894,-90.10124,-14.206234354141294
588.0,13.0,-66.05392745496466,32.902275,36.85986,-5.339739453183434
588.0,15.0,-65.96309212248603,72.797802,16.541669,-5.2489041207048
588.0,17.0,-79.28926962485191,-147.993854,-111.684915,-18.57508162307068
588.0,19.0,-85.55932314469979,-202.577845,-141.375602,-24.845135142918558
588.0,24.0,-89.43458887349998,-172.564658,-119.588881,-28.720400871718745
588.0,28.0,-76.31858113995797,-121.070064,-68.437515,-15.60439313817674
589.0,6.0,-76.35098567489736,-156.549464,-93.80231,-31.5324817372925
589.0,12.0,-62.47100805984099,-150.310368,-90.093793,-17.65250412223613
589.0,13.0,-51.1293313363585,44.567277,36.929225,-6.310827398753638
589.0,15.0,-50.93858157835724,44.236564,16.600402,-6.120077640752378
589.0,17.0,-67.46142047692797,-122.717879,-111.659173,-22.64291653932311
589.0,19.0,-75.47843343688434,-163.696702,-141.325401,-30.659929499279485
589.0,24.0,-78.26625200783927,-150.345477,-119.52073,-33.44774807023441
589.0,28.0,-62.20525811722798,-114.402343,-68.39072,-17.386754179623118
590.0,6.0,-91.65453251599183,-21.151541,-93.73969,-29.666169916125227
590.0,12.0,-79.6181052942119,-28.827386,-90.102139,-17.629742694345296
590.0,17.0,-84.41464932532449,5.152513,-111.633539,-22.426286725457885
590.0,19.0,-91.67355731994745,-30.368867,-141.280307,-29.685194720080844
590.0,24.0,-94.76749935223178,-14.236815,-119.465882,-32.779136752365176
590.0,28.0,-80.00264546640646,13.447795,-68.336422,-18.014282866539858
591.0,2.0,-77.93962758093939,106.818639,-39.608315,-19.68471989766269
591.0,6.0,-88.6750334359427,-115.076194,-93.737437,-30.420125752665996
591.0,12.0,-75.83695530439782,-128.48734,-90.048895,-17.58204762112112
591.0,14.0,-69.30598042620453,-16.350165,-36.910318,-11.051072742927829
591.0,15.0,-65.21751343312754,30.64851,16.671076,-6.962605749850837
591.0,17.0,-80.4817099326297,-85.103381,-111.583426,-22.226802249353
591.0,19.0,-88.69761547676974,-141.582802,-141.219345,-30.442707793493042
591.0,24.0,-90.7644274282476,-119.439443,-119.395963,-32.5095197449709
591.0,28.0,-76.02665640952007,-87.374675,-68.319057,-17.771748726243374
592.0,2.0,-79.49657904193002,93.95149,-39.612055,-18.58470151480381
592.0,6.0,-89.11195832152715,-102.655763,-93.753311,-28.200080794400947
592.0,12.0,-77.43962856034268,-127.04589,-90.059311,-16.527751033216475
592.0,13.0,-66.60440395785555,78.761688,37.03306,-5.692526430729345
592.0,14.0,-72.17957205288495,11.248409,-36.907882,-11.267694525758742
592.0,15.0,-67.49738665900331,-5.477276,16.713462,-6.585509131877103
592.0,17.0,-81.96482394395667,-80.574287,-111.595162,-21.052946416830466
592.0,19.0,-89.47619819456769,-108.347891,-141.229013,-28.56432066744148
592.0,24.0,-92.42253721158683,-109.293354,-119.384184,-31.51065968446062
592.0,28.0,-77.77741161956985,-61.902581,-68.319483,-16.86553409244364
593.0,2.0,-80.59650997698283,56.556157,-39.615076,-18.072615282930983
593.0,6.0,-89.5596204972731,-111.792038,-93.792237,-27.035725803221254
593.0,12.0,-78.97961365035154,-132.108401,-90.09906,-16.45571895629969
593.0,13.0,-69.96455724307002,81.349537,37.10134,-7.440662549018171
593.0,14.0,-72.2447742441925,-1.895415,-36.917896,-9.720879550140651
593.0,15.0,-68.30248724374265,-21.92674,16.773087,-5.778592549690799
593.0,17.0,-82.27881422212243,-93.334416,-111.649619,-19.754919528070587
593.0,19.0,-90.52141572898661,-110.719619,-141.286144,-27.997521034934763
593.0,24.0,-93.45196439505887,-121.332835,-119.405627,-30.92806970100702
593.0,28.0,-78.17205080173848,-80.425519,-68.342943,-15.648156107686631
594.0,2.0,-79.44028001692764,12.621159,-39.632372,-16.78778582035195
594.0,6.0,-88.5495682331694,-108.655301,-93.808415,-25.8970740365937
594.0,12.0,-78.34422643422452,-128.66046,-90.091536,-15.691732237648829
594.0,13.0,-69.19353488694851,66.456646,37.121116,-6.541040690372817
594.0,14.0,-72.18514202431561,8.754728,-36.916325,-9.532647827739915
594.0,17.0,-80.730310679857,-102.090223,-111.641032,-18.077816483281303
594.0,19.0,-89.37212099459283,-119.354987,-141.275989,-26.71962679801714
594.0,24.0,-91.65085474588061,-128.271989,-119.381225,-28.998360549304913
594.0,28.0,-77.42158029527371,-87.746984,-68.338835,-14.769086098698018
595.0,2.0,-79.39584575788051,25.547347,-39.655347,-16.34317974341171
595.0,6.0,-88.83296738593879,-98.733823,-93.845324,-25.78030137146999
595.0,12.0,-78.60606508202433,-121.955821,-90.099262,-15.553399067555532
595.0,13.0,-70.12867393185665,70.7562,37.153858,-7.076007917387855
595.0,14.0,-72.40243161680071,17.570301,-36.927749,-9.349765602331914
595.0,17.0,-80.52160638656237,-93.175327,-111.660823,-17.46894037209357
595.0,19.0,-89.86077676820192,-107.668324,-141.297861,-26.808110753733118
595.0,24.0,-92.03023148221621,-112.844006,-119.378336,-28.97756546774741
595.0,28.0,-77.327944789367,-96.623236,-68.354132,-14.275278774898197
596.0,2.0,-67.3077183989776,39.224489,-39.688708,-20.466046845124524
596.0,6.0,-77.66687796613486,-99.814898,-93.911842,-30.825206412281787
596.0,12.0,-65.11424137727626,-119.247048,-90.12414,-18.272569823423183
596.0,13.0,-54.37018133133198,64.749441,37.201286,-7.528509777478902
596.0,14.0,-58.35095470666885,17.555186,-36.958722,-11.509283152815776
596.0,15.0,-50.267367171257355,47.575609,16.894635,-3.42569561740428
596.0,17.0,-67.1079722370544,-107.763262,-111.717451,-20.266300683201322
596.0,19.0,-78.57140342275692,-98.228008,-141.361358,-31.72973186890384
596.0,24.0,-80.60946251331428,-116.812773,-119.40259,-33.76779095946121
596.0,28.0,-64.56315499125789,-84.344019,-68.39689,-17.721483437404814
597.0,2.0,-68.185495469763,-5.877938,-39.719489,-22.29893519875185
597.0,6.0,-77.83192490798523,-71.601279,-93.980657,-31.945364636974077
597.0,12.0,-64.54772469160234,-90.416914,-90.149438,-18.66116442059119
597.0,13.0,-52.7059451514781,92.457839,37.255287,-6.819384880466949
597.0,17.0,-67.48253845147254,-87.524364,-111.781499,-21.595978180461387
597.0,19.0,-78.74917079056964,-66.041092,-141.43079,-32.86261051955849
597.0,24.0,-80.63684350831376,-86.67122,-119.427304,-34.75028323730261
597.0,28.0,-65.3550030676329,-54.036202,-68.444963,-19.468442796621744
598.0,2.0,-68.11171146324166,-4.150522,-39.724665,-23.289048013187077
598.0,6.0,-77.90225747243143,-27.749434,-94.005857,-33.079594022376845
598.0,12.0,-64.62430692616246,-54.877146,-90.162188,-19.801643476107877
598.0,13.0,-51.483465071016404,94.475439,37.3048,-6.66080162096182
598.0,17.0,-67.43979722963178,-54.58665,-111.807008,-22.617133779577195
598.0,19.0,-79.02172343015177,-37.048412,-141.453909,-34.19905998009718
598.0,24.0,-80.91623207606126,-48.413133,-119.420806,-36.09356862600668
598.0,28.0,-65.23724643137801,-20.904305,-68.456675,-20.414582981323427
599.0,2.0,-71.73823408244876,17.2498,-39.724812,-22.771844142131414
599.0,6.0,-81.62803004671608,-20.948246,-93.998834,-32.661640106398735
599.0,12.0,-68.27652029016097,-53.88131,-90.146944,-19.310130349843632
599.0,15.0,-54.18854944741691,187.662773,17.035067,-5.222159507099569
599.0,17.0,-71.69719916157575,-47.7804,-111.78269,-22.73080922125841
599.0,19.0,-82.94825815380418,-42.68462,-141.421921,-33.981868213486834
599.0,24.0,-84.8415591307997,-47.20625,-119.377999,-35.87516919048235
599.0,28.0,-69.51127359506826,-21.752853,-68.436605,-20.54488365475092
600.0,2.0,-78.01531359348719,10.848249,-39.726691,-19.008196498998274
600.0,6.0,-86.04022377349791,-60.568488,-94.015817,-27.033106679008995
600.0,12.0,-75.90268211865059,-87.500124,-90.149644,-16.89556502416167
600.0,14.0,-70.1704864490035,126.158768,-36.991776,-11.163369354514586
600.0,17.0,-77.90061251049306,-80.113888,-111.797934,-18.893495416004143
600.0,19.0,-87.73739719414353,-75.795809,-141.431576,-28.730280099654607
600.0,24.0,-90.14654203181621,-78.635673,-119.359159,-31.13942493732729
600.0,28.0,-76.23612719300426,-61.139193,-68.442971,-17.229010098515346
601.0,2.0,-77.57096466113927,-5.627869,-39.727641,-17.20166058674505
601.0,6.0,-85.38952613981482,-107.645381,-94.048392,-25.020222065420597
601.0,12.0,-75.96655770139787,-123.348911,-90.165661,-15.597253627003653
601.0,13.0,-66.4303771660524,95.216753,37.437795,-6.061073091658173
601.0,14.0,-70.7497295418052,75.552335,-37.008785,-10.380425467410973
601.0,17.0,-78.25525741838364,-120.370948,-111.841902,-17.885953343989414
601.0,19.0,-88.25062924791702,-104.606598,-141.470882,-27.881325173522796
601.0,24.0,-91.26044218196428,-113.299365,-119.356837,-30.891138107570058
601.0,28.0,-77.85912145271097,-106.95759,-68.467628,-17.489817378316744
602.0,2.0,-76.94558215404605,-53.254477,-39.707873,-16.963864080307673
602.0,6.0,-83.46098817446531,-138.84031,-94.11606,-23.479270100726936
602.0,12.0,-73.28059338943271,-149.82429,-90.252347,-13.298875315694332
602.0,13.0,-65.86588384096322,72.104325,37.574718,-5.884165767224843
602.0,14.0,-68.37278951215872,32.809217,-37.043842,-8.39107143842034
602.0,15.0,-61.855706350373445,-94.848938,17.260371,-1.8739882766350675
602.0,17.0,-75.64085857979394,-136.562591,-111.980955,-15.659140506055564
602.0,19.0,-86.57027179990706,-131.900995,-141.611693,-26.588553726168684
602.0,24.0,-88.84813622633767,-137.787923,-119.423232,-28.866418152599294
602.0,28.0,-75.59410315013133,-117.327366,-68.53433,-15.612385076392954
603.0,2.0,-78.49635638738106,-75.045265,-39.700734,-16.604305530096845
603.0,6.0,-85.40022219008702,-129.865882,-94.20446,-23.50817133280281
603.0,12.0,-73.89580262594018,-151.318038,-90.358506,-12.003751768655967
603.0,13.0,-67.67286159586592,83.592626,37.713702,-5.780810738581714
603.0,14.0,-69.58588217620614,6.358783,-37.084485,-7.69383131892193
603.0,15.0,-63.78778925385341,-70.824972,17.36922,-1.8957383965692003
603.0,17.0,-77.03501408686047,-160.43797,-112.139247,-15.14296322957626
603.0,19.0,-87.3287366296555,-130.354998,-141.779925,-25.436685772371284
603.0,24.0,-90.27106586266325,-135.300108,-119.516417,-28.37901500537904
603.0,28.0,-76.69551912945883,-133.911328,-68.612947,-14.80346827217462
604.0,2.0,-77.62628395851537,-52.471717,-39.757217,-16.202616895272904
604.0,6.0,-83.8715392093179,-142.498185,-94.269988,-22.447872146075433
604.0,12.0,-73.38063511236334,-152.73647,-90.360553,-11.956968049120867
604.0,13.0,-66.88567625057813,76.855205,37.722039,-5.46200918733566
604.0,14.0,-69.26744078058162,-21.256702,-37.110688,-7.843773717339154
604.0,17.0,-75.701190484818,-165.66827,-112.159643,-14.27752342157553
604.0,19.0,-85.70777608700878,-138.989454,-141.810753,-24.284109023766312
604.0,24.0,-88.60390853059721,-143.042083,-119.525461,-27.18024146735474
604.0,28.0,-75.1545976557245,-131.550679,-68.643007,-13.730930592482032
605.0,2.0,-68.15997035684,-16.71171,-39.817511,-22.370327034407126
605.0,6.0,-76.45645364467329,-124.331046,-94.33296,-30.66681032224041
605.0,12.0,-61.59684224141049,-162.516711,-90.342557,-15.807198918977612
605.0,13.0,-52.715187316323814,98.683495,37.720724,-6.925543993890933
605.0,14.0,-57.05961358432456,-24.563152,-37.142412,-11.269970261891679
605.0,15.0,-49.39673845478833,-7.62886,17.419291,-3.6070951323554468
605.0,17.0,-65.43331824927246,-150.46729,-112.168211,-19.64367492683958
605.0,19.0,-77.79679329539856,-128.746753,-141.825613,-32.00714997296568
605.0,24.0,-79.82449328501939,-129.861975,-119.516871,-34.034849962586506
605.0,28.0,-63.462548709137465,-123.46484,-68.673514,-17.672905386704585
606.0,2.0,-68.58615979738377,34.176945,-39.864768,-23.088670411914087
606.0,6.0,-77.45891987960839,-56.894538,-94.411968,-31.961430494138703
606.0,12.0,-61.400626811867504,-99.862438,-90.368787,-15.90313742639782
606.0,14.0,-58.062949576928695,28.055564,-37.178131,-12.56546019145901
606.0,15.0,-51.75745602062886,24.154736,17.465618,-6.259966635159174
606.0,17.0,-66.21586375483938,-97.624768,-112.226536,-20.71837436936969
606.0,19.0,-77.64158764922983,-49.728899,-141.895298,-32.14409826376015
606.0,24.0,-80.6527378791741,-66.819833,-119.549341,-35.15524849370441
606.0,28.0,-63.98074494700035,-58.24267,-68.721877,-18.48325556153067
607.0,2.0,-65.5040976016406,55.182702,-39.91225,-22.077748240506814
607.0,6.0,-74.59094097563485,-51.750576,-94.503262,-31.16459161450107
607.0,12.0,-58.126123887549774,-86.816402,-90.434437,-14.699774526415993
607.0,14.0,-55.09362509801601,-0.148473,-37.206491,-11.667275736882232
607.0,17.0,-62.71784767501974,-103.0562,-112.309525,-19.29149831388596
607.0,19.0,-74.78958852509525,-50.614011,-141.999991,-31.363239163961474
607.0,24.0,-77.41511658387944,-65.774088,-119.620612,-33.98876722274566
607.0,28.0,-60.88083769016901,-51.643965,-68.773256,-17.45448832903523
608.0,2.0,-75.77170200094127,-36.979456,-39.95561,-18.20945622178364
608.0,6.0,-83.76816478019266,-85.196818,-94.60508,-26.205919001035028
608.0,12.0,-71.12212935670549,-55.574908,-90.530726,-13.55988357754785
608.0,13.0,-62.4193645619864,119.419912,37.882793,-4.857118782828763
608.0,14.0,-67.7824112650468,-47.01755,-37.233369,-10.220165485889169
608.0,15.0,-61.27311393755617,-17.256617,17.562733,-3.710868158398533
608.0,17.0,-75.71862560861243,-119.984079,-112.419216,-18.156379829454792
608.0,19.0,-84.71975567894201,-77.163372,-142.137261,-27.157509899784372
608.0,24.0,-87.86115258415829,-89.51593,-119.721271,-30.298906805000655
608.0,28.0,-73.61876706070707,-79.913523,-68.83198,-16.056521281549436
609.0,2.0,-76.41735536097944,-42.398844,-39.962335,-16.5991638186957
609.0,6.0,-85.64125779517333,-101.788381,-94.750042,-25.82306625288959
609.0,12.0,-73.64650527284662,-96.412205,-90.742952,-13.828313730562883
609.0,13.0,-66.31886197449454,95.461529,38.063176,-6.500670432210796
609.0,14.0,-69.55049203392441,-71.802958,-37.273677,-9.732300491640672
609.0,17.0,-76.67490159499006,-149.630398,-112.664467,-16.85671005270632
609.0,19.0,-85.13258326852822,-112.287349,-142.422047,-25.31439172624448
609.0,24.0,-88.79394845276481,-114.39484,-119.929128,-28.975756910481067
609.0,28.0,-73.73604993184249,-119.42711,-68.940995,-13.917858389558745
610.0,2.0,-77.43555634154906,-40.709682,-39.884529,-19.02160922590413
610.0,6.0,-85.71027936527398,-83.449392,-94.783611,-27.296332249629046
610.0,12.0,-73.56112266269922,-104.295034,-90.9172,-15.147175547054289
610.0,13.0,-66.25640782887778,103.54406,38.262414,-7.842460713232853
610.0,14.0,-68.08385901938662,-69.982958,-37.257667,-9.669911903741692
610.0,17.0,-76.55518646628255,-137.334383,-112.836968,-18.14123935063762
610.0,19.0,-84.9242259849948,-99.239601,-142.603592,-26.510278869349875
610.0,24.0,-89.54168351914105,-110.643237,-120.047486,-31.127736403496115
610.0,28.0,-74.13016117070298,-106.820885,-68.975389,-15.716214055058046
611.0,2.0,-65.32563171717898,-46.672514,-39.914494,-21.6719514410471
611.0,6.0,-74.51558758825536,-130.651605,-94.890199,-30.861907312123478
611.0,12.0,-58.002957602531765,-136.289081,-90.987977,-14.349277326399886
611.0,13.0,-50.40392049116375,82.128259,38.359388,-6.750240215031873
611.0,14.0,-53.246385734292396,-96.766637,-37.314306,-9.592705458160516
611.0,17.0,-64.05343797312544,-153.943363,-112.969995,-20.39975769699356
611.0,19.0,-71.93690208959426,-165.783779,-142.749033,-28.283221813462376
611.0,24.0,-76.82724637955828,-153.255559,-120.123537,-33.173566103426396
611.0,28.0,-60.36741990536702,-146.205302,-69.061406,-16.713739629235143
612.0,2.0,-67.69679495011137,13.165179,-40.09043,-22.400193727210393
612.0,6.0,-76.33582984071948,-65.935159,-95.163582,-31.03922861781851
612.0,12.0,-60.693800898602866,-91.004191,-91.043805,-15.397199675701891
612.0,14.0,-56.460786387487595,-24.398151,-37.482218,-11.16418516458662
612.0,17.0,-67.07945799483737,-74.3998,-113.176788,-21.782856771936395
612.0,19.0,-75.7514113543421,-65.794509,-143.000003,-30.45481013144112
612.0,24.0,-79.46611051939342,-77.057049,-120.274512,-34.16950929649245
612.0,28.0,-63.633336162335766,-69.655577,-69.268938,-18.33673493943479
613.0,2.0,-72.62920597567289,15.407013,-40.148867,-18.674536949064624
613.0,6.0,-81.6762577987469,-113.444712,-95.184371,-27.721588772138638
613.0,12.0,-67.757931226288,-107.209967,-91.018182,-13.803262199679729
613.0,14.0,-64.29937758704787,-29.458341,-37.4674,-10.344708560439607
613.0,17.0,-73.34901495503829,-118.364931,-113.117022,-19.39434592843002
613.0,19.0,-81.85574735712062,-107.64627,-142.950967,-27.901078330512355
613.0,24.0,-85.41872632562932,-119.052943,-120.245213,-31.464057299021057
613.0,28.0,-71.40556828063971,-111.265673,-69.243318,-17.450899254031448
614.0,2.0,-71.28384839861283,-55.851149,-40.089124,-20.648671308404417
614.0,6.0,-80.25740174385645,-186.810888,-95.001887,-29.622224653648033
614.0,13.0,-54.84639602264784,38.33792,38.28433,-4.211218932439422
614.0,14.0,-61.3043460631903,-112.983368,-37.337634,-10.669168972981886
614.0,17.0,-70.73571921360949,-162.913066,-112.872218,-20.10054212340107
614.0,19.0,-77.4472598771216,-148.3644,-142.670569,-26.81208278691318
614.0,24.0,-83.44575623720043,-188.424057,-120.041322,-32.81057914699201
614.0,28.0,-65.70358435858968,-190.610209,-69.059864,-15.068407268381264
615.0,2.0,-75.51546586802452,-12.008279,-40.021502,-17.719259358934195
615.0,6.0,-83.28153860836382,-148.146443,-94.854374,-25.485332099273492
615.0,12.0,-69.77345987003649,-138.877297,-90.785911,-11.977253360946165
615.0,14.0,-67.35313246311311,-81.939647,-37.25446,-9.556925954022788
615.0,17.0,-76.03369387790886,-135.474676,-112.696794,-18.237487368818535
615.0,19.0,-81.82579333369942,-151.306728,-142.450751,-24.029586824609098
615.0,24.0,-87.84294457270035,-163.459689,-119.850069,-30.04673806361002
615.0,28.0,-73.6764962649796,-162.920144,-68.931729,-15.88028975588928
616.0,2.0,-67.99623737215471,-66.252722,-39.911571,-19.69931820790891
616.0,6.0,-76.77367736448234,-170.432017,-94.743587,-28.47675820023654
616.0,12.0,-61.85612405538033,-157.104879,-90.695418,-13.559204891134527
616.0,13.0,-54.23823586958906,53.516943,38.355087,-5.941316705343262
616.0,14.0,-58.63871776047778,-76.457511,-37.233203,-10.341798596231982
616.0,17.0,-67.84666355609768,-151.52397,-112.643385,-19.54974439185188
616.0,19.0,-75.81785502878363,-185.797611,-142.334207,-27.520935864537826
616.0,24.0,-80.06805707999202,-173.933599,-119.680851,-31.771137915746216
616.0,28.0,-63.628908406775814,-188.007509,-68.883154,-15.331989242530014
617.0,2.0,-67.16092158334824,-61.520489,-39.677801,-19.03737786977871
617.0,6.0,-77.27838194489952,-168.834621,-94.337309,-29.15483823132999
617.0,12.0,-61.32304637066639,-166.949618,-90.353888,-13.199502657096858
617.0,13.0,-53.836568293466755,54.554964,38.324748,-5.713024579897223
617.0,17.0,-67.7257925036119,-164.570928,-112.241492,-19.602248790042367
617.0,19.0,-76.08620150034722,-217.925922,-141.786998,-27.962657786777683
617.0,24.0,-80.50379621856887,-174.956679,-119.166751,-32.38025250499933
617.0,28.0,-64.55709681935649,-170.837301,-68.607581,-16.433553105786956
618.0,2.0,-67.55889533762193,-115.466141,-39.727647,-18.494033648783933
618.0,6.0,-77.18205873474051,-184.027653,-93.900768,-28.117197045902508
618.0,12.0,-61.55245501880205,-155.706045,-89.579041,-12.48759332996405
618.0,13.0,-54.099926044569905,19.445471,37.786013,-5.035064355731905
618.0,14.0,-58.785032652656774,-74.987461,-36.930198,-9.720170963818774
618.0,17.0,-68.18336177703766,-146.616332,-111.348691,-19.11850008819966
618.0,19.0,-75.53315710875843,-212.856941,-140.747629,-26.46829541992043
618.0,24.0,-80.70651373493583,-181.35793,-118.330583,-31.641652046097825
618.0,28.0,-64.41311562787051,-195.848624,-68.209351,-15.34825393903251
619.0,6.0,-77.85678083690628,-227.975595,-93.469288,-25.201415318690515
619.0,14.0,-59.296933648647716,-90.885862,-36.676802,-6.641568130431949
619.0,15.0,-52.77243373213934,112.405596,17.707903,-0.1170682139235737
619.0,17.0,-69.19632876635359,-211.897435,-110.899886,-16.54096324813782
619.0,19.0,-76.86113805328246,-234.958513,-140.19616,-24.205772535066693
619.0,24.0,-81.55119489040018,-223.093288,-117.902006,-28.895829372184416
619.0,28.0,-66.14647307830299,-194.659927,-67.850323,-13.491107560087222
620.0,2.0,-65.39982970331172,-78.329506,-39.358753,-18.961530917243365
620.0,6.0,-78.93900292559279,-163.642293,-93.159447,-32.50070413952443
620.0,12.0,-60.52705560110637,-144.473782,-89.198846,-14.08875681503801
620.0,13.0,-52.5021728671315,42.222934,37.653108,-6.06387408106314
620.0,17.0,-67.87626275876063,-149.295027,-110.562454,-21.437963972692273
620.0,19.0,-77.48160322916927,-184.433591,-139.799329,-31.043304443100908
620.0,24.0,-81.25754522988011,-167.663743,-117.617903,-34.81924644381175
620.0,28.0,-64.2495287717941,-139.969804,-67.566807,-17.811229985725745
621.0,2.0,-70.27349841882936,-7.315365,-39.156182,-24.477373345948244
621.0,6.0,-81.30858028448405,5.375927,-92.786798,-35.51245521160293
621.0,12.0,-65.0867650226408,-33.575413,-89.197437,-19.290639949759687
621.0,17.0,-69.70436781244129,-4.419163,-110.212731,-23.908242739560173
621.0,19.0,-80.01258144248192,-21.984038,-139.42052,-34.2164563696008
621.0,24.0,-83.68958870780679,-22.242984,-117.423383,-37.89346363492567
621.0,28.0,-67.03856753572585,15.275493,-67.188665,-21.24244246284473
622.0,2.0,-80.20354164546144,-8.063928,-38.784822,-20.856490037111982
622.0,6.0,-89.17424315862628,-58.079106,-92.402802,-29.827191550276822
622.0,12.0,-78.40088209095443,-63.470136,-89.516591,-19.053830482604965
622.0,14.0,-72.37863637856991,34.054116,-35.727521,-13.031584770220448
622.0,17.0,-82.42222446310247,-60.353012,-110.113517,-23.075172854753006
622.0,19.0,-91.56659683827338,-70.564469,-139.318345,-32.219545229923924
622.0,24.0,-94.19036305927888,-70.20784,-117.466583,-34.84331145092942
622.0,28.0,-78.55449210196154,-43.597157,-66.818167,-19.207440493612083
623.0,2.0,-78.9814962131407,-82.230854,-39.256234,-21.97879969820353
623.0,6.0,-88.25265681498485,-85.072603,-92.974626,-31.249960300047675
623.0,12.0,-74.51092909569432,-101.377114,-89.515841,-17.508232580757152
623.0,13.0,-63.41098432222906,146.471123,37.732707,-6.408287807291892
623.0,15.0,-63.397959501108105,69.276899,17.547513,-6.395262986170934
623.0,17.0,-80.27835403062578,-97.31836,-110.401986,-23.275657515688607
623.0,19.0,-88.96808747137332,-98.724011,-139.713955,-31.965390956436153
623.0,24.0,-91.4722314099529,-100.251781,-117.73416,-34.46953489501573
623.0,28.0,-73.52380345714879,-66.057709,-67.225966,-16.521106942211617
624.0,2.0,-78.74627681535681,-6.284939,-39.930058,-21.08585812334583
624.0,6.0,-87.6063406030172,-8.720498,-92.460544,-29.945921911006224
624.0,12.0,-74.08966454805874,-7.236798,-87.769328,-16.429245856047757
624.0,17.0,-81.46772668774713,-21.753111,-108.410458,-23.807307995736153
624.0,19.0,-90.0849940770688,-15.818758,-137.569291,-32.42457538505782
624.0,24.0,-91.52026661726079,-18.23512,-116.173659,-33.85984792524981
624.0,28.0,-74.7426724814206,16.788458,-66.551811,-17.08225378940962
625.0,2.0,-71.68987924690627,-9.216996,-37.783783,-19.661094870450725
625.0,6.0,-80.72270532954082,-21.12862,-88.074353,-28.693920953085268
625.0,12.0,-64.74994039692116,-0.171527,-85.819439,-12.721156020465614
625.0,13.0,-53.606679561883126,86.569922,34.889276,-1.577895185427579
625.0,15.0,-53.43535767106866,4.347731,15.360576,-1.4065732946131106
625.0,17.0,-74.49509067464457,-30.719681,-103.858187,-22.466306298189025
625.0,19.0,-83.79076408108389,-26.972251,-132.2162,-31.761979704628345
625.0,24.0,-84.55034658056181,-32.050597,-112.529439,-32.52156220410626
625.0,28.0,-66.95682481446424,-7.852337,-62.777263,-14.928040438008694
626.0,2.0,-73.44589049200401,-7.941615,-35.901305,-23.190729288760714
626.0,6.0,-83.35453398359384,-91.988501,-82.823656,-33.09937278035054
626.0,12.0,-65.24681737685945,-92.150781,-78.780738,-14.991656173616157
626.0,13.0,-54.06972526697452,0.932848,32.149901,-3.8145640637312255
626.0,14.0,-62.37677855255762,-11.520642,-32.003596,-12.12161734931432
626.0,15.0,-54.841340825393296,-19.764882,14.673478,-4.586179622149999
626.0,17.0,-74.26255086680347,-91.972606,-96.927795,-24.00738966356017
626.0,19.0,-83.81235839234533,-87.380771,-123.151873,-33.557197189102034
626.0,24.0,-84.40237537398401,-94.156421,-104.192147,-34.14721417074072
626.0,28.0,-65.6203547774186,-9.801112,-59.418552,-15.3651935741753
627.0,2.0,-76.63597135775787,-2.050881,-37.131064,-25.763508237813625
627.0,6.0,-84.83892147292296,-87.139335,-84.68908,-33.96645835297872
627.0,12.0,-67.69767093695002,-64.247864,-84.301011,-16.825207817005776
627.0,14.0,-63.54658080238024,-16.472357,-30.277353,-12.674117682435998
627.0,15.0,-58.5604296442358,-58.913047,12.891548,-7.687966524291561
627.0,17.0,-73.77486233647134,-86.867052,-98.948635,-22.9023992165271
627.0,19.0,-84.71366264151062,-87.232503,-127.141985,-33.84119952156638
627.0,24.0,-85.58046114633395,-91.190488,-109.927986,-34.7079980263897
627.0,28.0,-68.40881514114609,-23.213249,-59.010146,-17.53635202120185
628.0,2.0,-79.67980405641931,-79.802252,-27.420088,-26.497540043279315
628.0,6.0,-84.80100707437761,-153.381758,-64.197568,-31.61874306123761
628.0,12.0,-66.39556278372432,-117.060733,-71.003355,-13.213298770584316
628.0,14.0,-62.9055477914361,-91.561154,-19.401539,-9.7232837782961
628.0,15.0,-55.90546361978665,-94.452878,8.077798,-2.723199606646652
628.0,17.0,-73.45724438714247,-126.507151,-76.809557,-20.274980374002467
628.0,19.0,-84.56634731310943,-150.207265,-100.096498,-31.384083299969433
628.0,24.0,-85.607272319867,-154.74124,-89.396357,-32.425008306726994
628.0,28.0,-69.04406796550624,-92.177371,-42.713985,-15.861803952366245
629.0,2.0,-77.26654063053267,-65.199979,-26.09882,-27.46909547596175
629.0,6.0,-83.29239495297533,-126.930903,-65.176197,-33.494949798404406
629.0,12.0,-65.77223476489934,-116.706213,-67.409494,-15.974789610328415
629.0,14.0,-59.7577932935642,-66.388877,-23.583474,-9.960348138993275
629.0,17.0,-70.57303925335172,-105.283333,-79.835384,-20.7755940987808
629.0,19.0,-83.4891441057909,-126.286,-101.190203,-33.691698951219976
629.0,24.0,-84.04861559571228,-133.150339,-86.173203,-34.251170441141355
629.0,28.0,-69.09322470958305,-76.715728,-46.534868,-19.295779555012132
630.0,2.0,-74.21324907498348,-59.077698,-8.75293,-23.951302748969006
630.0,6.0,-83.45482392100489,-98.580417,-34.01031,-33.192877594990414
630.0,12.0,-66.11729152774517,-86.983355,-47.359348,-15.855345201730692
630.0,13.0,-52.39475643475922,57.865663,23.613282,-2.1328101087447493
630.0,14.0,-59.64574350493199,-37.601314,-8.773013,-9.383797178917519
630.0,17.0,-73.47196475575394,-100.451486,-49.74325,-23.21001842973947
630.0,19.0,-82.66996069607377,-105.231097,-62.51128,-32.4080143700593
630.0,24.0,-84.48438405215892,-105.330167,-54.481664,-34.22243772614444
630.0,28.0,-70.05035324796056,-42.591008,-23.860093,-19.788406921946084
631.0,2.0,-80.06737864921807,7.524592,-8.224819,-19.09616301230748
631.0,6.0,-87.04226137267462,-38.665019,-22.743354,-26.071045735764024
631.0,12.0,-76.34985953122113,-48.255728,-40.150122,-15.378643894310535
631.0,15.0,-66.35978651096319,-23.089109,-0.802643,-5.388570874052597
631.0,17.0,-77.823766026693,-24.866937,-30.95748,-16.8525503897824
631.0,19.0,-88.37516087969395,-50.043644,-43.276676,-27.403945242783358
631.0,24.0,-88.01747432215778,-44.279306,-44.507081,-27.04625868524719
631.0,28.0,-77.19521967577485,-20.960572,-10.833852,-16.22400403886426
632.0,2.0,-70.50725072515867,-53.471415,-20.950961,-24.688945311068906
632.0,6.0,-81.12920082194124,-93.120622,-38.032026,-35.310895407851476
632.0,12.0,-65.88261670136808,-99.660915,-43.942331,-20.064311287278315
632.0,13.0,-53.10145367391748,37.474661,8.01891,-7.283148259827719
632.0,14.0,-57.544136004161565,15.069557,-7.079416,-11.725830590071801
632.0,15.0,-52.70853519835452,-45.257595,-3.13581,-6.890229784264754
632.0,17.0,-67.10612050113758,-51.877788,-39.215361,-21.287815087047818
632.0,19.0,-81.43770960315913,-97.485152,-55.766057,-35.61940418906937
632.0,24.0,-77.73288625505911,-94.887648,-55.763627,-31.91458084096935
632.0,28.0,-64.47120469046786,-47.027189,-20.641489,-18.652899276378093
633.0,2.0,-82.98402080803685,-69.307423,-17.211025,-25.014081934481865
633.0,6.0,-93.53355786192411,-78.584425,-30.074657,-35.56361898836913
633.0,12.0,-77.9743784887874,-84.404312,-31.220064,-20.004439615232414
633.0,13.0,-68.7959374868506,71.328136,5.144391,-10.825998613295624
633.0,17.0,-81.69379533970731,-33.29367,-29.720348,-23.723856466152327
633.0,19.0,-95.65189467112866,-63.407211,-41.983423,-37.68195579757368
633.0,24.0,-90.50865978672546,-68.952658,-41.138771,-32.53872091317048
633.0,28.0,-79.59213444247733,-40.76721,-17.081996,-21.62219556892235
634.0,2.0,-77.7444979983449,-87.922791,-10.394181,-22.81588852580171
634.0,6.0,-88.04140929210426,-114.867979,-17.679286,-33.112799819561076
634.0,12.0,-72.49839824952302,-66.097943,-32.686322,-17.569788776979834
634.0,13.0,-64.0219888016478,50.517102,3.280172,-9.093379329104607
634.0,17.0,-78.29619873596728,-84.86417,-18.711487,-23.367589263424094
634.0,19.0,-89.77705139407016,-101.616511,-30.594418,-34.84844192152697
634.0,24.0,-89.19671720373684,-127.236187,-36.894445,-34.26810773119365
634.0,28.0,-72.64497404072121,-53.366557,-4.511629,-17.716364568178022
635.0,2.0,-82.43786875736593,41.726485,48.88492,-20.663434057639286
635.0,6.0,-87.41946077314513,-53.495502,28.305802,-25.645026073418485
635.0,12.0,-72.83240081174095,-16.866574,-43.725336,-11.057966112014306
635.0,13.0,-64.9586523685846,36.165235,51.35785,-3.184217668857947
635.0,17.0,-80.85728927208073,-69.426288,-25.31274,-19.082854572354087
635.0,19.0,-90.44707265818032,-71.018654,-21.930349,-28.67263795845367
635.0,24.0,-91.38207409618296,-74.649377,-17.465353,-29.607639396456314
635.0,28.0,-77.255283184656,-45.570486,15.741995,-15.480848484929346
636.0,2.0,-76.61747659232485,70.841362,61.279297,-22.403938218555588
636.0,6.0,-79.4928162138077,-11.719744,45.819601,-25.27927784003844
636.0,12.0,-67.54987367323052,30.559914,-60.378701,-13.336335299461261
636.0,15.0,-62.18020593667219,-18.008201,13.995161,-7.966667562902927
636.0,17.0,-71.70527403181144,-1.023937,-15.20591,-17.49173565804218
636.0,19.0,-81.5251586861491,-16.298919,-14.647462,-27.311620312379837
636.0,24.0,-84.16243351532266,-22.066122,-23.625135,-29.9488951415534
636.0,28.0,-68.7571167603323,96.212183,36.594083,-14.543578386563034
637.0,2.0,-77.84034271019935,25.827269,2.810631,-20.08096722235618
637.0,6.0,-80.57304983706396,-27.146398,-35.020617,-22.81367434922079
637.0,12.0,-68.68377215509429,3.233572,-55.421815,-10.924396667251116
637.0,13.0,-58.37270869793914,63.990836,43.788664,-0.6133332100959663
637.0,14.0,-67.92693753289834,-22.699357,-13.487361,-10.167562045055163
637.0,15.0,-59.59801273557556,-4.288586,25.187732,-1.838637247732386
637.0,17.0,-73.89649952954414,-44.437826,-68.208112,-16.13712404170097
637.0,19.0,-82.49248173185192,-47.279106,-78.017852,-24.733106244008752
637.0,24.0,-85.29619082140853,-46.405111,-58.852646,-27.536815333565357
637.0,28.0,-73.23069707150974,-10.981283,-31.928696,-15.471321583666565
638.0,2.0,-74.24878547566549,-30.859393,-23.376814,-23.999051472403394
638.0,6.0,-80.6178806802091,-80.588097,-50.18589,-30.368146676947006
638.0,12.0,-67.53086369091382,-23.921713,-41.378529,-17.281129687651728
638.0,13.0,-55.53004557666757,-39.33988,16.750309,-5.280311573405477
638.0,14.0,-59.87457920986959,-45.024385,-21.804109,-9.624845206607496
638.0,15.0,-55.32956007189225,-78.788494,9.134481,-5.079826068630162
638.0,17.0,-71.17869766946559,-91.044884,-55.714368,-20.9289636662035
638.0,19.0,-80.8225767482377,-69.94312,-70.307128,-30.572842744975603
638.0,24.0,-82.11729010664557,-83.419253,-57.771574,-31.867556103383478
638.0,28.0,-68.17445516440853,-32.762373,-36.903656,-17.924721161146437
639.0,2.0,-82.0297438241426,-89.307099,-41.239329,-22.643067992812334
639.0,6.0,-90.41647729681308,-119.550584,-56.194006,-31.02980146548282
639.0,12.0,-77.47355496579588,-38.024963,-27.773518,-18.08687913446562
639.0,13.0,-65.69809280132368,-90.314347,-6.413006,-6.311416969993417
639.0,14.0,-69.65537029801325,-22.249712,-24.437217,-10.268694466682987
639.0,15.0,-64.4487354745284,-91.629785,-5.526933,-5.06205964319814
639.0,17.0,-78.57593479825539,-60.322632,-39.550431,-19.189258966925124
639.0,19.0,-89.44016775402524,-102.819832,-56.928762,-30.053491922694974
639.0,24.0,-87.53148312260522,-108.767925,-52.168369,-28.144807291274958
639.0,28.0,-75.01319927942181,-47.876069,-35.594629,-15.626523448091547
640.0,2.0,-78.56522306323835,-19.400305,-55.328115,-23.288395209588344
640.0,6.0,-86.72621454798242,-48.630087,-64.339543,-31.449386694332418
640.0,12.0,-74.70072464281346,-59.567011,-38.008767,-19.42389678916345
640.0,14.0,-66.79384868993075,39.207225,-18.721502,-11.51702083628075
640.0,17.0,-78.65762484261965,-18.530025,-34.815066,-23.38079698896965
640.0,19.0,-89.4869238131774,-40.470996,-60.40972,-34.21009595952739
640.0,24.0,-84.23216842041278,-31.574562,-67.277237,-28.95534056676277
640.0,28.0,-71.9490590708368,-1.969279,-31.675473,-16.67223121718679
641.0,2.0,-81.05494167381836,-3.547025,-38.351034,-21.901192458604427
641.0,6.0,-90.61037779678382,-30.786306,-55.840275,-31.456628581569888
641.0,12.0,-77.53954282573214,-38.782115,-49.186177,-18.385793610518206
641.0,17.0,-82.92334176243106,-1.261914,-45.343652,-23.76959254721713
641.0,19.0,-92.61047570652556,-18.307038,-68.246545,-33.45672649131163
641.0,24.0,-88.27953496328202,-20.968381,-70.180146,-29.125785748068083
641.0,28.0,-77.16137812778214,3.487662,-29.56496,-18.007628912568208
642.0,2.0,-81.33535171054365,-36.569938,-39.576196,-20.19219842264507
642.0,6.0,-90.17134033357435,-48.13982,-56.516714,-29.02818704567577
642.0,12.0,-77.16808712654507,-38.803001,-48.047888,-16.024933838646497
642.0,17.0,-83.54118253005723,-12.869209,-44.646616,-22.39802924215865
642.0,19.0,-91.31239807671056,-31.794769,-67.623677,-30.169244788811987
642.0,24.0,-90.93195997547274,-53.081218,-69.687754,-29.78880668757416
642.0,28.0,-76.97853508384848,-4.087641,-29.925651,-15.835381795949907
643.0,2.0,-78.70874480048,-39.715271,-41.094649,-19.70715774741946
643.0,6.0,-86.63777969910556,-42.468421,-57.564278,-27.636192646045018
643.0,12.0,-74.61214149755207,-37.252017,-47.019429,-15.610554444491527
643.0,17.0,-79.39238283354885,-11.853913,-44.174073,-20.390795780488304
643.0,19.0,-86.68888046942605,-35.473253,-67.326171,-27.687293416365506
643.0,24.0,-87.344926896121,-48.767753,-69.48101,-28.34333984306045
643.0,28.0,-73.42762759589262,-7.60429,-30.531977,-14.42604054283207
644.0,2.0,-78.5788318308824,-19.15586,-38.068712,-18.77932744637863
644.0,6.0,-86.58738878334871,-31.707896,-59.349675,-26.78788439884495
644.0,12.0,-75.86690988319455,-30.303008,-47.826949,-16.06740549869079
644.0,14.0,-68.53408137929121,38.253557,-19.059203,-8.734576994787446
644.0,17.0,-80.3372140154937,-39.422768,-51.38541,-20.537709630989937
644.0,19.0,-87.36977936873723,-25.809833,-73.068505,-27.570274984233464
644.0,24.0,-87.52328771463745,-40.328763,-69.943259,-27.723783330133685
644.0,28.0,-75.00666765869211,0.191442,-35.305516,-15.207163274188346
645.0,2.0,-76.45022942977856,-27.829973,-38.314524,-21.623346462714245
645.0,6.0,-84.14863980275315,-26.611414,-59.28539,-29.321756835688838
645.0,12.0,-72.929107076457,-27.444449,-46.589889,-18.102224109392687
645.0,14.0,-65.12343626346458,41.440616,-19.511748,-10.296553296400269
645.0,17.0,-77.18029340642268,-32.928521,-50.79742,-22.353410439358363
645.0,19.0,-86.08238507222696,-22.211071,-72.210033,-31.25550210516264
645.0,24.0,-85.99150121311638,-37.48822,-68.88647,-31.164618246052065
645.0,28.0,-71.41684493926418,9.638869,-35.462388,-16.589961972199866
646.0,2.0,-75.23380527334258,-24.944166,-38.404872,-22.155880972037195
646.0,6.0,-82.40891944185275,-25.114057,-59.692078,-29.33099514054736
646.0,12.0,-71.4776231048988,-25.183787,-46.358214,-18.39969880359341
646.0,14.0,-63.89257719016825,16.198137,-20.078212,-10.81465288886286
646.0,15.0,-54.91833273073201,6.79425,-4.144181,-1.840408429426624
646.0,17.0,-74.43522766318533,-14.102857,-51.317119,-21.357303361879943
646.0,19.0,-83.94704438400483,-15.862342,-72.619438,-30.86912008269944
646.0,24.0,-84.37253136294298,-35.566217,-68.817905,-31.294607061637592
646.0,28.0,-68.85306270214282,-5.353045,-36.04916,-15.775138400837434
647.0,2.0,-74.58714684840506,2.233729,-38.653322,-22.723064609781176
647.0,6.0,-81.80182863518326,15.319728,-59.850434,-29.937746396559376
647.0,12.0,-69.75744034598556,-45.386695,-45.938364,-17.893358107361678
647.0,13.0,-53.92458642657514,147.913691,2.606024,-2.06050418795126
647.0,14.0,-64.29953178233033,15.128257,-20.335483,-12.435449543706454
647.0,15.0,-55.93516226374944,34.22506,-4.147542,-4.0710800251255606
647.0,17.0,-71.98513026245689,96.845192,-51.186514,-20.121048023833012
647.0,19.0,-83.86215608152068,-9.518226,-72.437529,-31.9980738428968
647.0,24.0,-84.77269511212833,-12.659654,-68.54947,-32.90861287350445
647.0,28.0,-70.28854076852605,-2.145041,-36.219161,-18.424458529902168
648.0,2.0,-77.46587139651938,-2.360921,-38.865671,-17.450628792160003
648.0,6.0,-84.12732041799077,4.632016,-60.143736,-24.1120778136314
648.0,12.0,-74.5775021667865,-42.496199,-45.973629,-14.56225956242713
648.0,14.0,-70.38966665116642,17.667054,-20.523591,-10.37442404680705
648.0,15.0,-63.4699920348059,57.010062,-4.110038,-3.454749430446526
648.0,17.0,-75.70366742543472,105.546191,-51.380273,-15.688424821075344
648.0,19.0,-85.69772564397553,-8.968062,-72.682729,-25.68248303961616
648.0,24.0,-87.16618869832455,-17.612305,-68.713333,-27.150946093965175
648.0,28.0,-74.60692904246365,-6.228958,-36.443141,-14.591686438104276
649.0,2.0,-77.48113965978341,-37.78032,-38.803379,-16.57062286801093
649.0,6.0,-84.02417961083262,-35.445256,-60.140157,-23.11366281906014
649.0,12.0,-75.14277921484558,-29.839502,-46.172613,-14.232262423073095
649.0,14.0,-70.53322182471815,-8.165551,-20.444363,-9.622705032945674
649.0,17.0,-79.38518276980378,-41.211392,-51.477921,-18.474665978031297
649.0,19.0,-86.49731188402139,-41.645887,-72.81252,-25.586795092248906
649.0,24.0,-87.51951039821014,-45.645713,-68.860488,-26.608993606437664
649.0,28.0,-75.13258422165663,-0.616088,-36.411045,-14.222067429884149
650.0,2.0,-79.50803365177174,-25.494823,-38.586532,-18.534519800880886
650.0,6.0,-84.50090326497165,-20.559676,-59.980284,-23.5273894140808
650.0,12.0,-75.77416618250304,-25.57508,-46.466428,-14.800652331612184
650.0,14.0,-70.51948732479222,20.997005,-20.226311,-9.54597347390137
650.0,17.0,-80.56317386008024,-34.219265,-51.539576,-19.589660009189387
650.0,19.0,-87.56869147276458,-29.411671,-72.894344,-26.59517762187373
650.0,24.0,-88.51272468502661,-35.036118,-69.003782,-27.53921083413576
650.0,28.0,-75.23131271927421,3.399276,-36.249098,-14.257798868383361
