515.0,2.0,-11.474956877215533,48.887622,3.901446,-12.643829254995714
515.0,6.0,-20.998972922842874,14.672069,0.675603,-22.167845300623053
515.0,12.0,-18.437375128157534,-2.475752,-14.245376,-19.606247505937713
515.0,13.0,-3.5308177207195555,37.803745,5.989189,-4.699690098499736
515.0,14.0,-3.9901684080300646,-7.825549,5.916146,-5.1590407858102445
515.0,15.0,-6.839413319168168,33.846884,-0.786217,-8.008285696948349
515.0,17.0,-17.214543041766447,-14.909345,-6.09413,-18.383415419546626
515.0,19.0,-28.070105610878908,-11.229287,-8.932877,-29.238977988659087
515.0,24.0,-27.81676575039029,-14.801848,-11.708181,-28.985638128170468
515.0,28.0,-8.216156779768104,-2.82777,2.603578,-9.385029157548285
516.0,2.0,-21.143797530115226,37.921806,-7.220425,-17.13980942412168
516.0,6.0,-28.84180561201127,4.849894,-9.629785,-24.83781750601772
516.0,12.0,-28.45723748880722,5.652976,-14.598919,-24.453249382813674
516.0,13.0,-7.224317908298137,9.747784,-1.353744,-3.2203298023045894
516.0,14.0,-9.071376820807009,-10.985247,1.371093,-5.067388714813461
516.0,15.0,-11.88980248508366,64.872997,-5.56378,-7.885814379090112
516.0,17.0,-25.523798338042802,3.231098,-7.85611,-21.519810232049252
516.0,19.0,-36.01976617042626,-14.184463,-14.09135,-32.01577806443271
516.0,24.0,-35.221318127539085,-17.452151,-17.906029,-31.217330021545536
516.0,28.0,-17.495786235689398,-8.296959,-2.535573,-13.49179812969585
517.0,2.0,-17.119893550530296,15.421912,-14.717398,-13.660834610424454
517.0,6.0,-25.517370435776012,-32.673673,-15.770597,-22.05831149567017
517.0,12.0,-24.536774516835486,-37.445631,-19.457663,-21.077715576729645
517.0,13.0,-6.858696892732441,9.431442,-6.988718,-3.3996379526265987
517.0,14.0,-7.401161122869046,-17.399547,1.879208,-3.9421021827632035
517.0,15.0,-8.235050828560246,51.738531,-11.661653,-4.775991888454403
517.0,24.0,-32.31372292063341,-33.907879,-25.936721,-28.85466398052757
517.0,28.0,-13.651413030415519,-29.715554,-3.214302,-10.192354090309676
518.0,2.0,-17.686024942700715,-51.583394,-22.756496,-12.698302516317485
518.0,6.0,-26.216965078123735,-42.433136,-33.297991,-21.229242651740506
518.0,12.0,-25.29615703010957,-52.326267,-29.664626,-20.30843460372634
518.0,13.0,-7.1366731149247125,6.038533,-1.707037,-2.1489506885414817
518.0,14.0,-7.33898833659658,-17.116773,-8.432951,-2.351265910213349
518.0,15.0,-8.68222745032863,-17.283083,-7.205228,-3.6945050239454
518.0,24.0,-32.89263657063952,-59.585248,-42.826703,-27.90491414425629
518.0,28.0,-13.665857527368722,-2.894197,-17.982154,-8.678135100985491
519.0,2.0,-19.902639398757014,-54.413315,-20.275438,-14.854410961088183
519.0,6.0,-27.65253577453363,-63.581683,-36.46308,-22.6043073368648
519.0,12.0,-27.12587278898524,-49.445774,-39.055449,-22.07764435131641
519.0,13.0,-7.2435974450796605,3.466482,5.799985,-2.1953690074108296
519.0,14.0,-7.859844310660981,-45.949309,-8.955604,-2.8116158729921503
519.0,15.0,-11.086432667391177,-10.104611,-3.53273,-6.038204229722346
519.0,24.0,-34.58007324521093,-66.74391,-51.805854,-29.5318448075421
519.0,28.0,-15.572660782344716,38.069321,-21.387635,-10.524432344675885
520.0,2.0,-21.263171078434823,-45.877687,-19.570493,-16.24535778489437
520.0,6.0,-28.378329422955815,-49.385101,-35.777594,-23.360516129415362
520.0,12.0,-28.078220272733667,-23.852035,-38.472226,-23.060406979193214
520.0,14.0,-8.174054782530533,-34.64418,-8.934011,-3.15624148899008
520.0,15.0,-12.113442970003248,-1.601067,-3.02303,-7.095629676462796
520.0,24.0,-35.312452581921505,-53.905621,-50.891107,-30.294639288381052
521.0,2.0,-21.243383984739527,-61.696191,-20.724959,-16.063753960676713
521.0,6.0,-28.45491391367131,-55.361714,-36.768054,-23.275283889608495
521.0,12.0,-28.071713930355088,-62.519288,-39.752691,-22.892083906292278
521.0,13.0,-7.283473667154625,13.09449,5.435447,-2.103843643091813
521.0,14.0,-8.525771866975504,-36.036346,-8.610965,-3.346141842912692
521.0,15.0,-12.020136229913168,-18.688108,-4.116033,-6.840506205850357
521.0,19.0,-34.28694504080131,-21.152836,-52.983498,-29.107315016738497
521.0,24.0,-35.19899008985953,-72.90043,-52.610969,-30.019360065796718
521.0,28.0,-16.35044770591077,71.823059,-21.183362,-11.170817681847959
522.0,2.0,-20.939313094908,17.248682,-23.135753,-14.893573361446482
522.0,6.0,-27.9385496676041,7.261801,-38.051257,-21.89280993414258
522.0,12.0,-27.606283161103946,-15.608759,-36.021728,-21.560543427642425
522.0,14.0,-7.960275622079304,-3.213124,-10.528662,-1.9145358886177837
522.0,15.0,-11.456917306136152,2.027857,-4.694938,-5.411177572674632
522.0,19.0,-35.12506057530276,-28.148891,-50.998101,-29.07932084184124
522.0,24.0,-34.27899913939365,-27.022177,-50.213839,-28.233259405932127
523.0,2.0,-20.61304343668209,-35.62797,-22.457653,-16.32045103901957
523.0,6.0,-27.845455136294618,-23.086754,-36.373191,-23.552862738632097
523.0,12.0,-27.14992101180719,-47.30289,-27.917197,-22.85732861414467
523.0,14.0,-7.3446137414735455,-26.123007,-13.439673,-3.052021343811024
523.0,15.0,-9.760381590707025,-35.551161,-2.297047,-5.467789193044504
523.0,17.0,-24.33739047241998,-22.55346,-32.875046,-20.04479807475746
523.0,19.0,-34.741588316253534,-68.052496,-45.53746,-30.448995918591013
523.0,24.0,-33.14212591401513,-57.005621,-42.23868,-28.84953351635261
523.0,28.0,-14.696184664778796,18.002411,-23.277318,-10.403592267116274
524.0,2.0,-21.233395965191388,-36.166978,-27.52361,-14.91805322408727
524.0,6.0,-28.523568266944523,-24.833199,-36.897585,-22.208225525840405
524.0,12.0,-28.341424264369294,-51.001687,-26.338268,-22.026081523265177
524.0,15.0,-11.721597024323936,-38.746408,-8.72297,-5.406254283219818
524.0,17.0,-25.50317305856393,-13.712218,-26.525477,-19.187830317459813
524.0,19.0,-35.92603406213109,-46.834584,-40.935425,-29.61069132102697
524.0,24.0,-34.10023811433928,-30.550464,-42.062033,-27.78489537323516
524.0,28.0,-16.204888465523737,25.679877,-20.218257,-9.88954572441962
525.0,2.0,-19.903894124403596,-73.559448,-23.869448,-16.47020877396887
525.0,6.0,-27.44610027032443,-34.646658,-34.096236,-24.012414919889704
525.0,12.0,-27.320124312168137,-61.675958,-30.753319,-23.88643896173341
525.0,17.0,-24.358678338533075,-41.196399,-27.484313,-20.92499298809835
525.0,19.0,-34.93384515756438,-76.422043,-42.110918,-31.500159807129652
525.0,24.0,-33.14505525515634,-49.684583,-44.269078,-29.711369904721618
525.0,28.0,-15.015855510572152,-6.994798,-17.768545,-11.582170160137427
526.0,2.0,-22.326686280471634,-59.417197,-28.613453,-15.73482990845806
526.0,6.0,-29.13132979487397,-48.73321,-32.882251,-22.539473422860397
526.0,12.0,-29.097529338242595,-68.605247,-36.137531,-22.50567296622902
526.0,14.0,-9.008593998954638,23.82222,-0.033644,-2.416737626941064
526.0,17.0,-26.923560366393623,-35.200534,-19.566919,-20.33170399438005
526.0,19.0,-36.52257604913387,-69.652447,-38.318531,-29.930719677120294
526.0,24.0,-34.581719300425526,-75.266481,-49.652143,-27.989862928411952
526.0,28.0,-17.656990277412827,-11.417822,-10.025786,-11.065133905399254
527.0,2.0,-21.00185868105006,-15.386893,-21.988496,-15.954066378109168
527.0,6.0,-28.537571577875845,-8.709014,-24.885761,-23.489779274934953
527.0,12.0,-28.33944417933452,-40.037001,-27.92633,-23.29165187639363
527.0,14.0,-8.199011911128505,33.332013,0.539902,-3.1512196081876143
527.0,17.0,-26.00958063001294,-6.910474,-14.416641,-20.96178832707205
527.0,19.0,-35.55694884724543,-16.10605,-28.944275,-30.50915654430454
527.0,24.0,-33.828049517795144,-20.068772,-38.160208,-28.780257214854252
527.0,28.0,-16.3955829416226,34.221415,-7.094699,-11.347790638681708
528.0,2.0,-16.815231076375152,-26.875524,-19.584986,-15.07750599503927
528.0,6.0,-26.009387879367985,-0.541857,-26.77965,-24.271662798032104
528.0,12.0,-25.03892110603643,-20.633272,-25.350199,-23.30119602470055
528.0,14.0,-7.160396097877554,-3.601754,-4.996691,-5.4226710165416705
528.0,17.0,-23.78313141520699,-0.082103,-20.569232,-22.04540633387111
528.0,19.0,-33.05634504545875,-10.452338,-32.820571,-31.318619964122867
528.0,24.0,-32.64035959859604,-33.639839,-36.001482,-30.90263451726016
528.0,28.0,-13.004174593928056,40.576411,-12.804442,-11.266449512592173
529.0,2.0,-15.410207063452496,-11.566461,-20.45924,-14.637590213147762
529.0,6.0,-24.87690227132076,-28.819693,-27.612713,-24.104285421016023
529.0,12.0,-23.67871094988629,-34.692525,-23.570078,-22.90609409958156
529.0,14.0,-7.009831836168433,42.156932,-6.389875,-6.237214985863699
529.0,17.0,-22.659784574624137,-3.370495,-20.51751,-21.887167724319404
529.0,19.0,-32.101061271469284,-19.802706,-32.455535,-31.328444421164548
529.0,24.0,-31.72458173879708,-40.668231,-34.87851,-30.95196488849235
529.0,28.0,-12.28751277904614,-3.481248,-13.879321,-11.514895928741405
530.0,2.0,-19.43495333924325,-3.515368,-18.916267,-12.329838982859108
530.0,6.0,-29.0642961699743,-40.8668,-28.482941,-21.959181813590156
530.0,12.0,-28.360680028088105,-44.846499,-25.276016,-21.255565671703962
530.0,17.0,-26.69169979644747,-10.525446,-24.312973,-19.586585440063327
530.0,19.0,-35.93698377311883,-38.738263,-35.918782,-28.83186941673469
530.0,24.0,-35.02283751113537,-51.382635,-36.370747,-27.91772315475123
530.0,28.0,-17.384532756259233,-1.092779,-15.857962,-10.279418399875091
531.0,6.0,-30.30814941409235,-16.234051,-27.912926,-19.518186388341658
531.0,12.0,-29.660790691595505,-23.1489,-24.846508,-18.87082766584481
531.0,13.0,-7.538867130255707,211.319111,-0.000986,3.251095895494987
531.0,17.0,-28.051507061225575,-18.640438,-24.220746,-17.26154403547488
531.0,19.0,-36.534465052659705,-18.277592,-35.487684,-25.74450202690901
531.0,24.0,-35.83824740079686,-19.700473,-35.646761,-25.048284375046165
531.0,28.0,-18.619406228460445,23.402614,-15.751561,-7.829443202709751
532.0,6.0,-29.966140352308127,10.913747,-27.048321,-20.340351246943364
532.0,12.0,-29.26706769528026,13.686732,-24.173555,-19.6412785899155
532.0,15.0,-12.346526171811288,-24.640438,-3.319012,-2.7207370664465262
532.0,17.0,-27.993031396553956,5.168585,-24.604486,-18.367242291189193
532.0,19.0,-36.4523773047931,8.829406,-35.17601,-26.826588199428343
532.0,24.0,-35.49531865670416,2.489339,-34.45147,-25.869529551339397
532.0,28.0,-18.193704586439445,41.859408,-15.925316,-8.567915481074683
533.0,6.0,-30.18686724953736,9.415396,-27.031917,-20.51866097221895
533.0,12.0,-29.247874462081054,9.356659,-24.457017,-19.579668184762642
533.0,13.0,-7.484137658438978,71.362579,1.788965,2.184068618879434
533.0,15.0,-13.19234068998253,-1.003473,-2.999211,-3.524134412664118
533.0,17.0,-27.832851822838187,-1.060913,-25.016872,-18.164645545519775
533.0,19.0,-36.41671127696137,4.330953,-35.544097,-26.74850499964296
533.0,24.0,-35.67362037933058,3.843898,-34.631114,-26.005414102012168
533.0,28.0,-18.92570631453657,8.314057,-16.051121,-9.257500037218158
534.0,6.0,-29.897629017298335,6.033916,-26.892078,-21.78946605977196
534.0,12.0,-29.122113146339995,1.627818,-24.876542,-21.01395018881362
534.0,13.0,-7.618070084492015,2.564584,1.936649,0.4900928730343601
534.0,14.0,-9.877531561847466,17.455475,-7.681409,-1.769368604321091
534.0,17.0,-27.654192756538293,-5.712418,-25.065786,-19.54602979901192
534.0,19.0,-36.14276752822446,3.069228,-35.672918,-28.034604570698086
534.0,24.0,-35.39916506990226,0.346691,-34.916667,-27.291002112375885
534.0,28.0,-18.397119446654493,13.674512,-15.841801,-10.288956489128118
535.0,2.0,-19.47542081152467,83.693471,-16.524819,-13.063887707820106
535.0,6.0,-29.658284358946727,3.991765,-26.854618,-23.24675125524216
535.0,12.0,-28.333614180838076,3.127619,-25.177806,-21.922081077133512
535.0,13.0,-7.6037555016834535,10.040975,1.747954,-1.1922223979788882
535.0,14.0,-10.796702859009113,-0.232754,-7.387847,-4.385169755304547
535.0,17.0,-27.071497571088678,-7.126576,-24.893176,-20.659964467384114
535.0,19.0,-35.78582413173167,-5.031393,-35.649996,-29.37429102802711
535.0,24.0,-34.90288894523695,-1.660073,-35.1897,-28.49135584153239
535.0,28.0,-17.85611807762545,0.185917,-15.587783,-11.444584973920884
536.0,6.0,-29.098951757033674,-9.657876,-26.793595,-23.711020562006716
536.0,12.0,-28.040492652278754,-9.172946,-25.483376,-22.652561457251792
536.0,13.0,-7.330558051883981,-2.646272,1.702521,-1.9426268568570206
536.0,14.0,-9.080671381768145,-8.66144,-7.137823,-3.692740186741185
536.0,15.0,-11.0077462050069,100.623965,-3.588323,-5.6198150099799395
536.0,17.0,-26.233694755283807,-14.917725,-24.825862,-20.84576356025685
536.0,19.0,-35.27584782315187,-10.703403,-35.689905,-29.887916628124913
536.0,24.0,-34.555982693106955,-15.950128,-35.436312,-29.168051498079997
536.0,28.0,-16.82950807378006,-2.797628,-15.387616,-11.441576878753102
537.0,2.0,-20.43009300303853,-20.386484,-16.809318,-13.897226189555692
537.0,6.0,-29.843241237739974,-34.540535,-26.9996,-23.310374424257137
537.0,12.0,-29.087834165958174,-34.913913,-25.506121,-22.554967352475337
537.0,13.0,-7.387309691027637,90.239104,1.467244,-0.8544428775448001
537.0,14.0,-10.468430556447018,-36.223812,-7.173354,-3.935563742964181
537.0,15.0,-12.049737300046496,101.030595,-3.774216,-5.5168704865636595
537.0,17.0,-26.890451539193315,-40.816832,-24.775813,-20.357584725710478
537.0,19.0,-36.042152689537545,-38.655924,-35.739465,-29.509285876054708
537.0,24.0,-35.32395572847435,-44.759934,-35.582256,-28.791088914991516
537.0,28.0,-17.684176739568475,-31.77848,-15.429626,-11.151309926085638
538.0,2.0,-20.676754887972066,31.943322,-17.478463,-16.685099183992566
538.0,6.0,-29.820260508660503,-7.653447,-27.553738,-25.828604804681003
538.0,12.0,-28.640732049539167,-8.337547,-25.084269,-24.649076345559667
538.0,13.0,-7.3491096008101335,18.001619,0.954382,-3.357453896830634
538.0,14.0,-10.076887191651466,-2.440314,-7.611405,-6.085231487671966
538.0,17.0,-26.0388465653348,-8.576227,-24.715275,-22.0471908613553
538.0,19.0,-35.965070204533454,-11.125278,-35.7524,-31.973414500553954
538.0,24.0,-35.21898161054589,-16.189889,-35.533113,-31.22732590656639
538.0,28.0,-17.540564649219974,-16.282527,-15.79983,-13.548908945240473
539.0,2.0,-19.63473549279381,27.380189,-18.840855,-17.723485924923224
539.0,6.0,-29.08091943722167,-28.690562,-28.030866,-27.169669869351086
539.0,12.0,-27.54270554591522,-17.91238,-24.096304,-25.631455978044634
539.0,14.0,-9.0087180146253,-21.862646,-7.768758,-7.097468446754715
539.0,17.0,-25.226521909531765,1.326864,-23.496803,-23.31527234166118
539.0,19.0,-35.14878013806607,-33.576952,-34.762362,-33.23753057019549
539.0,24.0,-34.30928394493846,-33.654904,-35.102192,-32.39803437706787
539.0,28.0,-16.92367538954215,-21.822566,-15.66475,-15.012425821671567
540.0,2.0,-19.896763583962176,-19.108976,-17.474462,-15.876377905795183
540.0,6.0,-28.963831708015288,-50.696987,-29.376499,-24.943446029848296
540.0,12.0,-27.559765955057063,-51.958153,-25.953327,-23.53938027689007
540.0,13.0,-7.201611257255808,-32.533363,2.876325,-3.1812255790888146
540.0,14.0,-9.0121133708437,-15.253937,-9.39042,-4.991727692676706
540.0,15.0,-11.656129305612401,-0.804696,-2.094024,-7.635743627445407
540.0,17.0,-25.128114775370634,-52.013138,-27.852968,-21.107729097203638
540.0,19.0,-35.01874278306272,-54.383521,-38.829537,-30.998357104895724
540.0,24.0,-34.17657445143327,-49.433778,-36.916927,-30.156188773266273
540.0,28.0,-16.512962117568954,-25.427028,-18.115504,-12.49257643940196
541.0,2.0,-21.940420080183554,-50.205222,-19.048394,-14.978174842608988
541.0,6.0,-30.071735597524977,-69.027934,-27.785084,-23.109490359950414
541.0,12.0,-29.27496693604062,-61.282436,-27.017772,-22.312721698466056
541.0,13.0,-7.627363593090079,29.057796,-1.242667,-0.6651183555155136
541.0,14.0,-11.583728086370455,-28.286024,-5.674864,-4.621482848795889
541.0,15.0,-12.54301805612371,-13.428458,-6.834053,-5.5807728185491445
541.0,17.0,-26.533657226002518,-44.126129,-23.158449,-19.571411988427954
541.0,19.0,-35.92734213162484,-77.686192,-35.489481,-28.965096894050276
541.0,24.0,-35.270906224832444,-73.971529,-37.65983,-28.30866098725788
541.0,28.0,-18.699805177921913,-34.586306,-14.089986,-11.737559940347348
542.0,2.0,-21.284325606335102,-22.963882,-22.267322,-13.112198928779407
542.0,6.0,-29.256736724597847,-51.376311,-26.818407,-21.08461004704215
542.0,12.0,-29.253748586476295,-41.34604,-22.837888,-21.0816219089206
542.0,13.0,-7.532690454407447,27.196639,-7.54072,0.6394362231482482
542.0,14.0,-9.858911909023323,0.506127,-4.480953,-1.6867852314676277
542.0,15.0,-12.186569857259602,7.136555,-11.176284,-4.014443179703907
542.0,17.0,-26.842709047768075,-47.637515,-16.575732,-18.67058237021238
542.0,19.0,-36.17672137188723,-46.927268,-29.243374,-28.004594694331537
542.0,24.0,-35.116164789987,-53.205309,-34.295866,-26.944038112431308
542.0,28.0,-18.26613241032753,-26.773986,-11.416465,-10.094005732771834
543.0,2.0,-19.83129046979311,-17.688718,-19.205713,-11.767213197089065
543.0,6.0,-28.969764366420115,-28.980869,-27.260994,-20.905687093716068
543.0,12.0,-27.970403839382627,-30.552492,-27.083543,-19.90632656667858
543.0,13.0,-7.335728031889757,3.941637,-2.0129,0.7283492408142882
543.0,15.0,-11.584693405293079,14.639138,-7.712346,-3.5206161325890335
543.0,17.0,-26.3760630913101,-42.702056,-22.072489,-18.311985818606054
543.0,19.0,-35.117051052235304,-47.824935,-34.589764,-27.052973779531257
543.0,24.0,-34.65013166353513,-43.206084,-37.564943,-26.58605439083108
543.0,28.0,-16.48938349550673,-2.189376,-13.170714,-8.425306222802684
544.0,2.0,-21.310860266797036,-14.950769,-14.299183,-11.999002711628345
544.0,6.0,-30.172191506029254,-49.095384,-29.260865,-20.860333950860564
544.0,12.0,-29.381861342774613,-42.843648,-35.678381,-20.07000378760592
544.0,13.0,-7.729461279378307,31.282946,8.227912,1.5823962757903844
544.0,14.0,-10.662912499823157,25.189963,-6.087162,-1.3510549446544662
544.0,15.0,-12.489116213597995,-28.872594,-1.349301,-3.177258658429304
544.0,17.0,-26.633748576089687,-27.944253,-33.246932,-17.321891020920994
544.0,19.0,-36.228036074408934,-56.285807,-45.857697,-26.91617851924024
544.0,24.0,-35.48171113565288,-47.022149,-44.834843,-26.169853580484187
544.0,28.0,-17.839810863365678,7.660122,-17.201739,-8.527953308196986
545.0,2.0,-20.866539528321734,-32.542369,-6.748909,-13.331351272444861
545.0,6.0,-29.68752985389072,-64.719464,-20.904839,-22.152341598013848
545.0,12.0,-28.954551308416363,-69.410492,-32.018212,-21.419363052539488
545.0,13.0,-7.533883292882488,57.443567,11.682029,0.0013049629943848728
545.0,14.0,-9.509555065462006,-7.437753,-3.195407,-1.974366809585133
545.0,15.0,-11.985848212305392,-10.729498,1.650598,-4.4506599564285185
545.0,17.0,-26.946142603651968,-70.667624,-29.354154,-19.410954347775096
545.0,19.0,-36.116110781722774,-70.377765,-38.831894,-28.5809225258459
545.0,24.0,-35.043016979381214,-68.292034,-37.090945,-27.50782872350434
545.0,28.0,-17.69532059273147,-24.832754,-12.936351,-10.160132336854597
546.0,2.0,-21.40224599662177,-43.736222,-17.543434,-11.870194939546705
546.0,6.0,-30.28311938867987,-43.772455,-28.342148,-20.751068331604806
546.0,12.0,-29.721658599575616,-50.952978,-30.415898,-20.189607542500553
546.0,13.0,-7.5772075617675485,60.838329,1.910675,1.9548434953075153
546.0,17.0,-27.46117691063573,-50.997228,-26.572851,-17.929125853560663
546.0,19.0,-36.596222519776894,-48.487726,-39.177981,-27.06417146270183
546.0,24.0,-35.78959658514225,-51.083221,-40.52415,-26.257545528067183
546.0,28.0,-17.329869733340995,-56.491843,-14.958684,-7.797818676265932
547.0,2.0,-21.777137860568068,-9.983175,-20.062996,-10.75487488776642
547.0,6.0,-30.293620134531757,-13.499167,-28.416604,-19.27135716173011
547.0,12.0,-29.463114677907566,-17.295837,-27.574042,-18.440851705105917
547.0,13.0,-7.4658815779166305,58.568484,-2.152178,3.556381394885018
547.0,15.0,-13.231257193099601,-10.72333,-7.797761,-2.208994220297953
547.0,17.0,-26.361853582142857,-26.809525,-22.856344,-15.339590609341208
547.0,19.0,-36.52986463878996,-20.008853,-35.709462,-25.50760166598831
547.0,24.0,-35.761496319832425,-22.413638,-38.56085,-24.739233347030776
548.0,2.0,-21.240315244685608,6.818075,-20.922666,-10.580804531084482
548.0,6.0,-29.64587875337338,-2.794728,-32.977088,-18.986368039772255
548.0,12.0,-28.90113010767244,-3.685077,-36.196284,-18.241619394071314
548.0,13.0,-7.338262951019803,17.858808,1.452994,3.321247762581323
548.0,15.0,-12.47585353887044,-8.87786,-7.15961,-1.8163428252693148
548.0,19.0,-35.8780102351323,-9.457826,-45.459376,-25.218499521531175
548.0,24.0,-35.26199240453293,-9.87333,-47.96737,-24.602481690931807
548.0,28.0,-16.51896383208104,14.838284,-16.67155,-5.859453118479916
549.0,2.0,-18.28223163517037,-7.875906,-22.401661,-9.57449364459778
549.0,6.0,-27.95204870379973,-13.959872,-34.352662,-19.24431071322714
549.0,12.0,-26.57199603956034,-14.677112,-37.387655,-17.86425804898775
549.0,13.0,-7.020457524700571,-6.626648,0.539626,1.6872804658720177
549.0,15.0,-10.317092091638106,-6.455661,-8.240913,-1.6093541010655166
549.0,19.0,-34.27610518614423,-13.844224,-46.651126,-25.56836719557164
549.0,24.0,-33.50444456132374,-19.026784,-49.810119,-24.796706570751148
550.0,2.0,-19.335081526840494,-42.760257,-25.539533,-12.199789406904706
550.0,6.0,-28.745052391488045,-52.896861,-37.620435,-21.609760271552258
550.0,12.0,-27.355510812195764,-55.512125,-40.230664,-20.220218692259976
550.0,14.0,-7.600904004625436,97.602966,-5.788774,-0.46561188468964865
550.0,19.0,-35.09205698760435,-58.124787,-49.840824,-27.956764867668564
550.0,24.0,-33.87720778371835,-61.32431,-54.126194,-26.74191566378256
550.0,28.0,-15.055445376883554,-31.090811,-17.956453,-7.920153256947767
551.0,2.0,-20.725029831414155,-16.094849,-32.781329,-9.697266792096265
551.0,6.0,-29.57873864598956,-21.365973,-44.708142,-18.55097560667167
551.0,12.0,-28.576389696485613,-21.440995,-47.189783,-17.548626657167723
551.0,19.0,-35.846529417626584,-23.139485,-56.712027,-24.818766378308695
551.0,24.0,-35.061615976314,-29.887166,-64.297591,-24.033852936996112
552.0,2.0,-20.957709911243704,5.323325,-36.973643,-9.834364442120552
552.0,6.0,-29.641433978734867,-6.691642,-48.86984,-18.518088509611715
552.0,12.0,-28.831831586298154,-13.623675,-52.296059,-17.708486117175003
552.0,13.0,-7.478948460585808,-1.669364,-7.42423,3.644397008537344
552.0,19.0,-36.033883693880405,-15.359217,-61.2468,-24.910538224757254
552.0,24.0,-34.94724148505119,-15.514068,-71.161995,-23.823896015928035
553.0,2.0,-19.932659268108644,8.676639,-37.988437,-12.857174500800461
553.0,6.0,-28.518816522961025,0.194135,-50.84643,-21.443331755652842
553.0,12.0,-27.867528272686,-5.422475,-53.484081,-20.792043505377816
553.0,13.0,-7.218827141069771,-3.33791,-6.966367,-0.14334237376158754
553.0,17.0,-26.215783620314504,-11.552384,-38.486411,-19.14029885300632
553.0,19.0,-35.403756697416405,-11.456336,-63.750785,-28.328271930108222
553.0,24.0,-34.30572405000385,-5.610156,-73.099901,-27.23023928269567
553.0,28.0,-15.560756775921439,57.054363,-21.599028,-8.485272008613254
554.0,2.0,-15.471189963507694,7.783137,-40.071066,-15.820652358820661
554.0,6.0,-25.086508142213972,-22.50689,-52.655023,-25.43597053752694
554.0,12.0,-23.21065057054398,-25.852808,-52.311153,-23.56011296585695
554.0,17.0,-21.820395391210944,-36.609911,-38.461719,-22.169857786523913
554.0,19.0,-32.011642240605006,-35.714992,-63.983704,-32.361104635917975
554.0,24.0,-31.37563130427013,-42.092469,-73.114431,-31.7250936995831
554.0,28.0,-9.562778088411509,30.122485,-22.834309,-9.912240483724476
555.0,2.0,-18.3010637468118,-60.555598,-42.523678,-12.00682208398484
555.0,6.0,-27.479907341858343,-86.623949,-55.179342,-21.185665679031384
555.0,12.0,-26.28317562209005,-86.579021,-54.262344,-19.98893395926309
555.0,13.0,-6.844073821670155,-10.380389,-9.744228,-0.5498321588431949
555.0,17.0,-23.09626180906266,-35.009045,-39.497104,-16.8020201462357
555.0,19.0,-34.139911996249886,-82.589517,-66.308675,-27.845670333422927
555.0,24.0,-33.41974009369551,-89.534411,-76.233491,-27.12549843086855
555.0,28.0,-13.322888177649373,22.652437,-23.668184,-7.028646514822413
556.0,2.0,-16.52028396412414,-29.932583,-43.011254,-12.596706211313384
556.0,6.0,-26.15754231629881,-66.659821,-55.6193,-22.23396456348805
556.0,12.0,-24.452831604046477,-49.095754,-53.260289,-20.529253851235723
556.0,13.0,-5.803703525318528,-59.972495,-10.093585,-1.880125772507772
556.0,17.0,-21.08268443606505,-32.812106,-39.426191,-17.159106683254294
556.0,19.0,-32.718827717886974,-65.237173,-66.061712,-28.795249965076216
556.0,24.0,-32.176668019422415,-74.188597,-75.588685,-28.253090266611657
556.0,28.0,-11.979076529371541,37.695508,-24.237783,-8.055498776560786
557.0,2.0,-10.2938064461239,-51.019651,-44.078321,-10.808352422783676
557.0,6.0,-19.763395425168383,-52.015432,-56.493498,-20.27794140182816
557.0,12.0,-17.488994079842627,-54.363969,-53.808116,-18.003540056502402
557.0,13.0,-3.2501899903266933,-36.585094,-10.873349,-3.764735966986469
557.0,14.0,-3.2061651982978288,78.968922,-8.235879,-3.7207111749576045
557.0,17.0,-14.73920139416529,15.506336,-39.464787,-15.253747370825065
557.0,19.0,-26.82521867301264,-53.999273,-66.604796,-27.339764649672414
557.0,24.0,-26.647781242204125,-57.674115,-76.598218,-27.1623272188639
557.0,28.0,-7.247910735901204,68.084274,-24.383236,-7.762456712560979
558.0,2.0,-18.858606811041646,-30.017589,-45.240176,-9.595025045475907
558.0,6.0,-27.9350898367522,-41.173514,-57.730784,-18.671508071186462
558.0,12.0,-27.255773130221588,-34.14594,-54.064931,-17.99219136465585
558.0,13.0,-7.0220594482417615,-12.326849,-11.442019,2.2415223173239776
558.0,17.0,-23.348039933997143,4.094933,-39.939975,-14.084458168431404
558.0,19.0,-34.556351241167576,-35.224752,-67.469474,-25.292769475601837
558.0,24.0,-33.49647848983972,-46.83954,-77.491133,-24.232896724273978
559.0,2.0,-21.35726083707264,-18.067847,-45.703497,-9.463141554029814
559.0,6.0,-29.747748108419508,-28.446989,-58.017509,-17.85362882537668
559.0,12.0,-29.15872474833742,-31.911156,-54.51583,-17.264605465294594
559.0,13.0,-7.349413003542355,-30.610046,-11.857636,4.544706279500471
559.0,19.0,-36.00451887313574,-37.420318,-67.656953,-24.11039959009291
559.0,24.0,-34.84485064397028,-48.639167,-78.083765,-22.950731360927456
560.0,2.0,-18.26867121782812,-7.361988,-45.861443,-9.460611272845739
560.0,6.0,-27.677096718126183,-19.702331,-58.041838,-18.8690367731438
560.0,12.0,-26.73501072792149,-22.449364,-54.758915,-17.92695078293911
560.0,13.0,-7.135997645050076,-25.128867,-12.059332,1.672062299932306
560.0,17.0,-23.68497866796042,-45.439105,-39.672436,-14.876918722978036
560.0,19.0,-34.416919547081186,-28.577787,-67.646245,-25.608859602098804
560.0,24.0,-33.2989829558889,-38.261906,-78.335741,-24.49092301090652
561.0,2.0,-11.663096492553734,10.830861,-45.906492,-8.332648132854722
561.0,6.0,-21.840243684319127,-16.713315,-58.043488,-18.509795324620114
561.0,12.0,-20.783124343715674,-17.155552,-54.738377,-17.45267598401666
561.0,13.0,-5.441753697345221,-24.667152,-12.112251,-2.1113053376462085
561.0,17.0,-17.552163770358582,-46.32695,-39.605502,-14.22171541065957
561.0,19.0,-28.48447140666954,-28.429144,-67.59014,-25.15402304697053
561.0,24.0,-28.180019153859757,-36.921236,-78.320298,-24.849570794160744
562.0,2.0,-16.144007407779583,-18.027102,-45.91456,-11.778418980369707
562.0,6.0,-25.67855091989875,-34.435499,-58.034094,-21.312962492488875
562.0,12.0,-24.140464613439104,-27.969984,-54.70814,-19.77487618602923
562.0,13.0,-5.346425570165711,-28.866754,-12.117408,-0.9808371427558358
562.0,17.0,-21.007949845218267,-45.330617,-39.570192,-16.64236141780839
562.0,19.0,-32.06495510019205,-48.070604,-67.547507,-27.699366672782176
562.0,24.0,-31.543051694971357,-50.307728,-78.28428,-27.177463267561482
563.0,2.0,-14.09538076054574,-20.416587,-45.862517,-11.792359447593935
563.0,6.0,-23.933556442854744,-24.849514,-57.972222,-21.63053512990294
563.0,12.0,-22.404423234564227,-26.05991,-54.674305,-20.10140192161242
563.0,13.0,-5.047159226282045,-54.129063,-12.080043,-2.7441379133302393
563.0,17.0,-19.460543891983228,-52.902416,-39.53039,-17.157522579031422
563.0,19.0,-30.566805742153896,-34.336258,-67.481058,-28.26378442920209
563.0,24.0,-30.07388935062266,-44.780495,-78.214122,-27.770868037670855
563.0,28.0,-9.519340097338773,50.658668,-24.649776,-7.216318784386967
564.0,2.0,-12.159404497575032,-19.329321,-45.795968,-12.610351800239066
564.0,6.0,-22.37369087632441,-38.824949,-57.886066,-22.824638178988444
564.0,12.0,-20.849342934551068,-40.114131,-54.62642,-21.3002902372151
564.0,17.0,-17.084789332201126,-62.928599,-39.468604,-17.53573663486516
564.0,19.0,-28.958808125356757,-47.709691,-67.385911,-29.40975542802079
564.0,24.0,-28.78772608769142,-57.109554,-78.120145,-29.238673390355455
565.0,2.0,-11.568176031352294,-36.1245,-45.716214,-13.508997938411197
565.0,6.0,-21.71130558352941,-62.599113,-57.785721,-23.652127490588313
565.0,12.0,-20.01064179540493,-64.174949,-54.578015,-21.951463702463833
565.0,13.0,-3.251473533291836,-99.165072,-12.003206,-5.192295440350739
565.0,14.0,-3.3163015255318578,136.615856,-8.198486,-5.25712343259076
565.0,17.0,-15.905898317521808,-98.860226,-39.401454,-17.84672022458071
565.0,19.0,-28.31989095983979,-63.347713,-67.281734,-30.260712866898693
565.0,24.0,-28.422190435740042,-78.644825,-78.018035,-30.363012342798946
565.0,28.0,-7.4003824449820454,60.715371,-24.531994,-9.341204352040947
566.0,2.0,-9.76467144766924,-30.744219,-45.629653,-14.903140494285182
566.0,6.0,-20.200101730154536,-40.604547,-57.681323,-25.338570776770478
566.0,12.0,-18.230928869341604,-42.933953,-54.540119,-23.369397915957546
566.0,17.0,-15.0659939252004,-29.25662,-39.33826,-20.204462971816344
566.0,19.0,-27.135976691320643,-35.858306,-67.182459,-32.27444573793659
566.0,24.0,-27.062146931826863,-54.708711,-77.922404,-32.200615978442805
566.0,28.0,-7.21508731046673,53.242942,-24.464832,-12.353556357082674
567.0,2.0,-11.685126713957384,-42.182202,-45.535599,-14.582087087979465
567.0,6.0,-21.642423672151917,-34.247278,-57.570528,-24.539384046174
567.0,12.0,-19.963679909303984,-33.072539,-54.507733,-22.860640283326063
567.0,17.0,-16.470279448911786,-50.756936,-39.27547,-19.36723982293387
567.0,19.0,-28.275434832156403,-29.664102,-67.083056,-31.172395206178486
567.0,24.0,-28.15647130537171,-39.517705,-77.827867,-31.05343167939379
567.0,28.0,-7.693199135481882,74.864622,-24.392875,-10.590159509503962
568.0,2.0,-9.848336825966017,-63.013936,-45.432922,-14.670970016817813
568.0,6.0,-19.76397863407865,-58.308395,-57.472353,-24.586611824930447
568.0,12.0,-17.717865025925377,-64.899453,-54.518299,-22.540498216777173
568.0,13.0,-3.2931441502716923,239.259713,-11.817068,-8.115777341123488
568.0,17.0,-14.981199848050412,-42.297803,-39.250753,-19.80383303890221
568.0,19.0,-26.803666040865053,-46.058106,-67.029082,-31.62629923171685
568.0,24.0,-26.44782474602959,-61.045387,-77.773735,-31.270457936881385
568.0,28.0,-7.4010440180133585,62.270519,-24.330975,-12.223677208865155
569.0,2.0,-12.852190407032406,-47.806843,-45.287057,-12.833360049358056
569.0,6.0,-24.30715927848685,-50.308529,-57.343251,-24.2883289208125
569.0,12.0,-23.037368786346704,-50.156576,-54.596176,-23.018538428672354
569.0,13.0,-3.4114755891003368,-58.004134,-11.694065,-3.3926452314259867
569.0,17.0,-20.1055162081458,-30.742005,-39.242478,-20.08668585047145
569.0,19.0,-31.271113364249274,-43.204733,-66.998637,-31.252283006574924
569.0,24.0,-30.855419651763754,-46.604354,-77.759396,-30.836589294089404
569.0,28.0,-10.284808059445638,63.565728,-24.237186,-10.265977701771288
570.0,6.0,-25.925976012111065,-23.660947,-57.097546,-21.837812795868402
570.0,12.0,-24.205357267435346,-40.982693,-54.736024,-20.117194051192683
570.0,13.0,-5.988606723754086,-19.090697,-11.52917,-1.900443507511424
570.0,17.0,-21.431023013463122,-2.257607,-39.185228,-17.34285979722046
570.0,19.0,-32.45328143600733,-20.190023,-66.914378,-28.365118219764668
570.0,24.0,-31.97170432493723,-19.519763,-77.739043,-27.88354110869457
570.0,28.0,-12.248644514474647,92.262199,-24.038009,-8.160481298231986
571.0,2.0,-19.36208645368609,-34.415925,-44.727669,-11.96346134656325
571.0,6.0,-28.382320200192353,-55.032151,-56.788227,-20.983695093069514
571.0,12.0,-27.69091030185374,-53.67069,-54.88871,-20.2922851947309
571.0,13.0,-7.136104546201302,-32.356342,-11.318315,0.2625205609215362
571.0,14.0,-7.533373855224885,84.511544,-7.471332,-0.13474874810204618
571.0,17.0,-24.367716319604163,-14.602215,-39.119245,-16.969091212481324
571.0,19.0,-35.04217386470412,-51.516634,-66.805242,-27.64354875758128
571.0,24.0,-33.94776615225178,-57.616102,-77.693336,-26.54914104512894
571.0,28.0,-15.480714946855247,37.534993,-23.801467,-8.082089839732408
572.0,2.0,-19.247300539049636,-69.573529,-43.350103,-14.095292343597375
572.0,6.0,-28.103940512760403,-86.045729,-55.690515,-22.95193231730814
572.0,12.0,-27.614508850014815,-96.56645,-54.345911,-22.462500654562554
572.0,14.0,-7.4009371363480865,8.247001,-7.398743,-2.2489289408958255
572.0,17.0,-23.590181185577173,-59.838868,-39.12952,-18.43817299012491
572.0,19.0,-34.74779300417668,-91.887171,-66.204895,-29.595784808724417
572.0,24.0,-33.6603711329097,-92.772424,-76.526938,-28.50836293745744
572.0,28.0,-15.20219085062897,25.271804,-23.587097,-10.050182655176709
573.0,2.0,-17.441153550649837,-75.941915,-45.264332,-13.412466544765682
573.0,6.0,-27.113377098954523,-98.976315,-57.916347,-23.084690093070368
573.0,12.0,-25.997631129945347,-97.859432,-53.011957,-21.968944124061192
573.0,13.0,-5.488789796815992,-1.274363,-11.053261,-1.4601027909318374
573.0,14.0,-6.96867584178196,56.699459,-9.535591,-2.939988835897805
573.0,17.0,-21.908309204030957,-61.401014,-40.015658,-17.8796221981468
573.0,19.0,-33.65868553578774,-97.46626,-67.141006,-29.629998529903585
573.0,24.0,-32.50401554178916,-108.367389,-76.503263,-28.475328535905003
573.0,28.0,-12.688630223145777,21.90619,-25.6326,-8.659943217261622
574.0,2.0,-16.028537568779292,-41.28169,-49.461272,-14.796499726322086
574.0,6.0,-25.09732568121379,-47.696626,-58.167037,-23.865287838756583
574.0,12.0,-23.635472807845428,-50.129186,-58.89964,-22.40343496538822
574.0,17.0,-19.699340708082453,37.06353,-35.335783,-18.467302865625246
574.0,19.0,-31.584077333381366,-43.404709,-66.218921,-30.35203949092416
574.0,24.0,-31.17810905310196,-50.938518,-82.772953,-29.946071210644753
574.0,28.0,-10.604988994921904,44.472501,-20.297035,-9.372951152464697
575.0,2.0,-16.957080370808523,-132.105654,-49.875742,-16.786557619322938
575.0,6.0,-26.63858167056566,-123.29331,-58.175624,-26.468058919080075
575.0,12.0,-25.077586236070005,-130.35992,-59.424546,-24.90706348458442
575.0,13.0,-5.339942051302636,28.70345,-17.922102,-5.169419299817051
575.0,19.0,-33.001292312984624,-126.123652,-66.071632,-32.83076956149904
575.0,24.0,-32.320394495836766,-126.53449,-83.330592,-32.14987174435118
575.0,28.0,-13.009011192277926,-19.213201,-19.763402,-12.838488440792341
576.0,2.0,-17.49647158309711,-121.777249,-46.148569,-17.318698897977775
576.0,6.0,-26.923137766550617,-127.946873,-55.599663,-26.74536508143128
576.0,12.0,-25.555559179612573,-131.11409,-57.469054,-25.377786494493236
576.0,19.0,-33.413403287043536,-128.980968,-64.830599,-33.2356306019242
576.0,24.0,-32.58328346447346,-133.977821,-79.884574,-32.405510779354124
576.0,28.0,-13.712277489596175,-28.873054,-19.932109,-13.534504804476839
577.0,2.0,-19.78967311264246,-115.226311,-48.566553,-14.768280255206246
577.0,6.0,-28.693214830798063,-116.861399,-68.400507,-23.671821973361848
577.0,12.0,-27.715037455687536,-120.336665,-63.355421,-22.69364459825132
577.0,17.0,-26.133954380757178,-57.956332,-54.084423,-21.112561523320963
577.0,19.0,-35.155913144063625,-119.277718,-84.084029,-30.13452028662741
577.0,24.0,-34.51630844594214,-120.257919,-89.849003,-29.494915588505922
577.0,28.0,-17.668909456585382,-34.147346,-34.141454,-12.647516599149167
578.0,2.0,-19.316772157574235,-80.0239,-39.697631,-14.088082131319123
578.0,6.0,-27.775373349276283,-76.335966,-71.942419,-22.54668332302117
578.0,12.0,-27.3861010229019,-87.102772,-75.823212,-22.15741099664679
578.0,13.0,-7.373949281113062,171.811595,13.37618,-2.14525925485795
578.0,14.0,-9.538105451519634,7.262692,-18.022932,-4.309415425264522
578.0,17.0,-25.998514965586093,-36.522963,-73.704032,-20.76982493933098
578.0,19.0,-35.01164189220498,-82.607317,-102.914083,-29.782951865949865
578.0,24.0,-34.1223907472915,-87.017803,-100.015704,-28.893700721036385
578.0,28.0,-17.111370290518146,-75.475906,-42.263273,-11.882680264263033
579.0,2.0,-14.692006921460615,-40.61161,-40.767601,-14.378101770925493
579.0,6.0,-24.311468429443615,-39.705022,-87.857917,-23.99756327890849
579.0,12.0,-22.998120931606394,-37.058721,-84.728082,-22.68421578107127
579.0,14.0,-6.506189371652336,44.346248,-31.956159,-6.192284221117213
579.0,17.0,-21.029150626909054,-36.408281,-99.711056,-20.71524547637393
579.0,19.0,-31.22275153178728,-43.01944,-129.321078,-30.908846381252157
579.0,24.0,-30.823552527030063,-48.537583,-113.345415,-30.50964737649494
579.0,28.0,-10.737715191493972,-9.049881,-60.993113,-10.42381004095885
580.0,2.0,-12.399446711823508,-53.999081,-40.080358,-11.106852308572059
580.0,6.0,-23.26717993027976,-83.127583,-90.368025,-21.97458552702831
580.0,12.0,-21.642094639612807,-92.468743,-87.978821,-20.349500236361358
580.0,13.0,-4.857019215581091,110.144734,32.325101,-3.564424812329641
580.0,14.0,-5.054390630548851,-2.180436,-33.712803,-3.7617962272974013
580.0,15.0,-7.285099512748961,74.274737,12.346286,-5.992505109497511
580.0,17.0,-19.8143374108798,-98.774804,-105.20693,-18.521743007628352
580.0,19.0,-29.672678529748445,-87.712222,-135.067383,-28.380084126496996
580.0,24.0,-29.75257428241838,-92.988674,-116.866352,-28.45997987916693
580.0,28.0,-8.847184860629543,-29.839953,-63.995066,-7.554590457378094
581.0,2.0,-19.521074782208448,-107.595234,-39.441965,-12.5276419804918
581.0,6.0,-28.939477631095205,-97.452778,-92.722963,-21.946044829378557
581.0,12.0,-27.774034576996186,-104.869516,-90.701161,-20.78060177527954
581.0,13.0,-6.8192929691508315,97.587735,35.924209,0.17413983256581567
581.0,17.0,-25.2428807725487,-110.50136,-110.313569,-18.24944797083205
581.0,19.0,-34.695097888080575,-104.790552,-140.3076,-27.701665086363928
581.0,24.0,-34.489091254224725,-106.554582,-119.875979,-27.495658452508078
581.0,28.0,-14.896761122111917,-53.190254,-66.921651,-7.90332832039527
582.0,2.0,-11.223067468788916,-36.916377,-38.898484,-15.820453320146157
582.0,6.0,-21.0017333246501,-46.200309,-92.962497,-25.599119176007342
582.0,12.0,-18.145658104788517,-59.606585,-91.11022,-22.74304395614576
582.0,14.0,-3.3982511730774125,113.285409,-35.97964,-7.995637024434654
582.0,15.0,-6.602339853879463,35.797073,16.090444,-11.199725705236705
582.0,17.0,-16.04681316809263,-54.25939,-111.499905,-20.64419901944987
582.0,19.0,-27.18308001744822,-56.400461,-141.324855,-31.78046586880546
582.0,24.0,-27.567335652164935,-62.109548,-120.163651,-32.16472150352217
582.0,28.0,-7.510411093667652,-22.332693,-67.563812,-12.107796945024894
583.0,2.0,-9.14160035586629,-93.100724,-39.165526,-12.667192449903183
583.0,6.0,-18.326300531851537,-112.39405,-93.128414,-21.85189262588843
583.0,12.0,-15.866719425466865,-116.599875,-90.283364,-19.392311519503757
583.0,13.0,-3.2731002003818266,109.647396,36.833876,-6.79869229441872
583.0,17.0,-14.04954303155082,-104.591866,-111.297239,-17.575135125587714
583.0,19.0,-25.22440870946676,-112.830516,-140.948412,-28.750000803503653
583.0,24.0,-25.273180513217493,-122.352616,-119.518851,-28.798772607254385
583.0,28.0,-7.145581142179343,-61.226467,-67.858749,-10.671173236216235
584.0,2.0,-8.963038774321387,-133.044443,-39.717225,-11.26097051981332
584.0,6.0,-18.025237743279156,-149.946027,-93.73284,-20.32316948877109
584.0,12.0,-15.745317466031025,-142.182775,-89.876362,-18.04324921152296
584.0,14.0,-3.2171894572358637,-14.395431,-37.019064,-5.515121202727797
584.0,15.0,-6.040123145821093,61.727585,16.337164,-8.338054891313027
584.0,17.0,-14.423715799748411,-139.993836,-111.479754,-16.721647545240344
584.0,19.0,-24.87889823379638,-149.644802,-141.141319,-27.176829979288314
584.0,24.0,-25.200235945175635,-162.004577,-119.45573,-27.498167690667568
584.0,28.0,-7.2325962141661195,-111.021336,-68.390322,-9.530527959658052
585.0,2.0,-9.52802999825792,-202.947301,-39.757319,-10.056809061689052
585.0,6.0,-18.836543549936387,-169.355733,-93.807554,-19.365322613367518
585.0,12.0,-16.3884577454886,-161.301571,-89.904583,-16.917236808919732
585.0,13.0,-3.366152733743194,28.649316,36.630592,-3.894931797174324
585.0,14.0,-3.2861780957471316,-61.582599,-37.053576,-3.814957159178262
585.0,15.0,-6.379111969153326,55.432123,16.387962,-6.907891032584455
585.0,17.0,-14.979646878580205,-163.815508,-111.541113,-15.508425942011336
585.0,19.0,-25.397098850511988,-175.867018,-141.21224,-25.92587791394312
585.0,24.0,-25.863461636153342,-186.997968,-119.487461,-26.392240699584473
585.0,28.0,-7.327736005905882,-133.905386,-68.43802,-7.8565150693370125
586.0,2.0,-8.933110528617943,-174.203518,-39.752332,-8.869942631100095
586.0,6.0,-18.02131667148958,-180.974737,-93.809723,-17.958148773971732
586.0,12.0,-15.803817307762635,-175.537738,-89.960213,-15.740649410244787
586.0,13.0,-3.3165814602727535,40.430853,36.674336,-3.2534135627549055
586.0,14.0,-3.216921209005583,-68.492779,-37.014882,-3.153753311487735
586.0,15.0,-6.133802822940212,30.635495,16.408764,-6.070634925422365
586.0,17.0,-14.424737922775616,-157.866136,-111.547527,-14.361570025257768
586.0,19.0,-25.008958994671268,-186.434588,-141.229417,-24.94579109715342
586.0,24.0,-25.242951093161807,-185.602552,-119.509423,-25.17978319564396
586.0,28.0,-7.1814153307176305,-136.034695,-68.40986,-7.118247433199783
587.0,6.0,-17.909160146115116,-197.609969,-93.818275,-17.995914961697714
587.0,12.0,-15.80656318317532,-184.20134,-90.035043,-15.893317998757919
587.0,13.0,-3.3221756703425522,30.479225,36.736523,-3.4089304859251506
587.0,14.0,-3.218236189949544,-71.359635,-36.978125,-3.3049910055321425
587.0,15.0,-6.1896827134589385,44.344278,16.440049,-6.276437529041537
587.0,17.0,-14.364810304388557,-155.632365,-111.576283,-14.451565119971155
587.0,19.0,-24.932314540202526,-188.185829,-141.270694,-25.019069355785124
587.0,24.0,-25.20624602763728,-187.136745,-119.548847,-25.29300084321988
587.0,28.0,-7.201429342580387,-153.287753,-68.389711,-7.288184158162986
588.0,2.0,-7.93669048811298,-262.768333,-39.71387,-8.526496278417428
588.0,6.0,-16.71498313466822,-184.653288,-93.863289,-17.304788924972666
588.0,12.0,-15.0213021073871,-184.469894,-90.10124,-15.611107897691548
588.0,13.0,-3.2395512814625134,32.902275,36.85986,-3.829357071766961
588.0,15.0,-5.494796586831391,72.797802,16.541669,-6.084602377135838
588.0,17.0,-13.242383520073803,-147.993854,-111.684915,-13.83218931037825
588.0,19.0,-23.649132078433503,-202.577845,-141.375602,-24.23893786873795
588.0,24.0,-24.027928138376392,-172.564658,-119.588881,-24.61773392868084
588.0,28.0,-6.978561435794144,-121.070064,-68.437515,-7.568367226098592
589.0,6.0,-18.122083750807498,-156.549464,-93.80231,-19.39553302680081
589.0,12.0,-16.240583559601625,-150.310368,-90.093793,-17.514032835594936
589.0,13.0,-3.03201805943222,44.567277,36.929225,-4.305467335425532
589.0,15.0,-5.187540338583166,44.236564,16.600402,-6.460989614576478
589.0,17.0,-14.287319448825178,-122.717879,-111.659173,-15.560768724818491
589.0,19.0,-25.17867112744808,-163.696702,-141.325401,-26.45212040344139
589.0,24.0,-25.573496307287815,-150.345477,-119.52073,-26.846945583281126
589.0,28.0,-6.09223057021941,-114.402343,-68.39072,-7.365679846212722
590.0,6.0,-23.788468795865512,-21.151541,-93.73969,-26.96859008159622
590.0,12.0,-21.12599235225173,-28.827386,-90.102139,-24.306113637982435
590.0,17.0,-18.487897899279,5.152513,-111.633539,-21.668019185009705
590.0,19.0,-29.199063726703873,-30.368867,-141.280307,-32.379185012434576
590.0,24.0,-29.57642806511346,-14.236815,-119.465882,-32.75654935084417
590.0,28.0,-8.015950514919403,13.447795,-68.336422,-11.196071800650108
591.0,2.0,-18.34421721567773,106.818639,-39.608315,-14.268722315175378
591.0,6.0,-28.72677810916484,-115.076194,-93.737437,-24.651283208662488
591.0,12.0,-27.27105138630819,-128.48734,-90.048895,-23.195556485805838
591.0,14.0,-7.2696477795578245,-16.350165,-36.910318,-3.194152879055471
591.0,15.0,-8.50185296585041,30.64851,16.671076,-4.426358065348057
591.0,17.0,-24.696805019059898,-85.103381,-111.583426,-20.621310118557545
591.0,19.0,-34.473187954094215,-141.582802,-141.219345,-30.397693053591862
591.0,24.0,-34.11401003433357,-119.439443,-119.395963,-30.038515133831215
591.0,28.0,-14.931767046270798,-87.374675,-68.319057,-10.856272145768443
592.0,2.0,-16.84304780644127,93.95149,-39.612055,-14.509799653001094
592.0,6.0,-27.094806233390575,-102.655763,-93.753311,-24.761558079950397
592.0,12.0,-25.026820410933674,-127.04589,-90.059311,-22.6935722574935
592.0,13.0,-5.282466633104632,78.761688,37.03306,-2.9492184796644567
592.0,14.0,-7.035647053666346,11.248409,-36.907882,-4.702398900226171
592.0,15.0,-7.806040782419162,-5.477276,16.713462,-5.472792628978986
592.0,17.0,-22.98989086701549,-80.574287,-111.595162,-20.656642713575316
592.0,19.0,-32.8775817478544,-108.347891,-141.229013,-30.544333594414226
592.0,24.0,-32.52769665352729,-109.293354,-119.384184,-30.19444850008712
592.0,28.0,-13.18002462697271,-61.902581,-68.319483,-10.846776473532534
593.0,2.0,-16.538192636563892,56.556157,-39.615076,-13.018906820052145
593.0,6.0,-26.605758504623807,-111.792038,-93.792237,-23.08647268811206
593.0,12.0,-24.48158559309981,-132.108401,-90.09906,-20.96229977658806
593.0,13.0,-5.580786933690848,81.349537,37.10134,-2.0615011171791005
593.0,14.0,-6.792213121850266,-1.895415,-36.917896,-3.2729273053385186
593.0,15.0,-7.593867702478989,-21.92674,16.773087,-4.074581885967241
593.0,17.0,-22.20797063599126,-93.334416,-111.649619,-18.688684819479512
593.0,19.0,-32.28981812497581,-110.719619,-141.286144,-28.770532308464063
593.0,24.0,-32.02469500306799,-121.332835,-119.405627,-28.505409186556243
593.0,28.0,-12.287906335113401,-80.425519,-68.342943,-8.768620518601654
594.0,2.0,-17.266782783501895,12.621159,-39.632372,-12.571979428852723
594.0,6.0,-27.382804173588006,-108.655301,-93.808415,-22.688000818938832
594.0,12.0,-25.673107137097784,-128.66046,-90.091536,-20.978303782448613
594.0,13.0,-6.550633851000093,66.456646,37.121116,-1.8558304963509205
594.0,14.0,-7.182606306292242,8.754728,-36.916325,-2.4878029516430695
594.0,17.0,-23.299014226690318,-102.090223,-111.641032,-18.604210872041143
594.0,19.0,-33.45616181438188,-119.354987,-141.275989,-28.761358459732705
594.0,24.0,-32.791064188218435,-128.271989,-119.381225,-28.09626083356926
594.0,28.0,-13.873380395683244,-87.746984,-68.338835,-9.178577041034071
595.0,2.0,-16.45087534904833,25.547347,-39.655347,-12.347166492787235
595.0,6.0,-26.63776946756719,-98.733823,-93.845324,-22.534060611306092
595.0,12.0,-24.736846045189864,-121.955821,-90.099262,-20.633137188928767
595.0,13.0,-6.16267906149097,70.7562,37.153858,-2.0589702052298735
595.0,14.0,-6.974419676771471,17.570301,-36.927749,-2.870710820510374
595.0,17.0,-22.172038380737277,-93.175327,-111.660823,-18.06832952447618
595.0,19.0,-32.616713275878055,-107.668324,-141.297861,-28.51300441961696
595.0,24.0,-32.11087198307486,-112.844006,-119.378336,-28.00716312681376
595.0,28.0,-12.58305775213357,-96.623236,-68.354132,-8.479348895872473
596.0,2.0,-14.609768731462703,39.224489,-39.688708,-11.831062980952868
596.0,6.0,-25.172899767113726,-99.814898,-93.911842,-22.394194016603894
596.0,12.0,-23.384770899857592,-119.247048,-90.12414,-20.60606514934776
596.0,13.0,-5.242982453181645,64.749441,37.201286,-2.464276702671811
596.0,14.0,-6.501004644779612,17.555186,-36.958722,-3.722298894269778
596.0,15.0,-7.739904167600774,47.575609,16.894635,-4.961198417090941
596.0,17.0,-21.0373494827111,-107.763262,-111.717451,-18.258643732201268
596.0,19.0,-31.84584371975385,-98.228008,-141.361358,-29.06713796924402
596.0,24.0,-31.39826358357005,-116.812773,-119.40259,-28.619557833060217
596.0,28.0,-12.185238999844385,-84.344019,-68.39689,-9.40653324933455
597.0,2.0,-13.17756780464537,-5.877938,-39.719489,-13.257671288137248
597.0,6.0,-24.457076944634526,-71.601279,-93.980657,-24.537180428126405
597.0,12.0,-22.295769791818312,-90.416914,-90.149438,-22.37587327531019
597.0,13.0,-3.5148447273041312,92.457839,37.255287,-3.5949482107960082
597.0,17.0,-19.592028752307936,-87.524364,-111.781499,-19.672132235799815
597.0,19.0,-30.914995538357747,-66.041092,-141.43079,-30.995099021849626
597.0,24.0,-30.611980687729474,-86.67122,-119.427304,-30.692084171221353
597.0,28.0,-10.69920393066161,-54.036202,-68.444963,-10.779307414153488
598.0,2.0,-14.405725351782927,-4.150522,-39.724665,-14.196542484941872
598.0,6.0,-25.182675322050628,-27.749434,-94.005857,-24.973492455209573
598.0,12.0,-23.07945756899174,-54.877146,-90.162188,-22.870274702150684
598.0,13.0,-3.7653483523737767,94.475439,37.3048,-3.5561654855327216
598.0,17.0,-20.673241257449902,-54.58665,-111.807008,-20.464058390608848
598.0,19.0,-31.722739149443427,-37.048412,-141.453909,-31.513556282602373
598.0,24.0,-31.261739037726727,-48.413133,-119.420806,-31.052556170885673
598.0,28.0,-11.900923302263998,-20.904305,-68.456675,-11.691740435422943
599.0,2.0,-17.675402877651152,17.2498,-39.724812,-15.336981005018052
599.0,6.0,-27.792441769111193,-20.948246,-93.998834,-25.454019896478094
599.0,12.0,-25.97203760270772,-53.88131,-90.146944,-23.633615730074617
599.0,15.0,-8.088497597246402,187.662773,17.035067,-5.750075724613302
599.0,17.0,-23.65388192371827,-47.7804,-111.78269,-21.315460051085168
599.0,19.0,-34.20596145946541,-42.68462,-141.421921,-31.867539586832308
599.0,24.0,-33.41713137367272,-47.20625,-119.377999,-31.07870950103962
599.0,28.0,-15.0481933982508,-21.752853,-68.436605,-12.7097715256177
600.0,2.0,-15.864823025193395,10.848249,-39.726691,-15.526724017829935
600.0,6.0,-25.84061621465747,-60.568488,-94.015817,-25.50251720729401
600.0,12.0,-24.271145997759604,-87.500124,-90.149644,-23.933046990396143
600.0,14.0,-6.964591075832294,126.158768,-36.991776,-6.626492068468834
600.0,17.0,-21.81518754056445,-80.113888,-111.797934,-21.47708853320099
600.0,19.0,-32.43174239282012,-75.795809,-141.431576,-32.09364338545666
600.0,24.0,-31.79984795249506,-78.635673,-119.359159,-31.4617489451316
600.0,28.0,-12.645196867669803,-61.139193,-68.442971,-12.307097860306342
601.0,2.0,-10.830960227512893,-5.627869,-39.727641,-13.507534233724998
601.0,6.0,-20.3552339080557,-107.645381,-94.048392,-23.0318079142678
601.0,12.0,-17.615691499347662,-123.348911,-90.165661,-20.292265505559765
601.0,13.0,-3.5361023688229443,95.216753,37.437795,-6.212676375035048
601.0,14.0,-3.4500156980451915,75.552335,-37.008785,-6.126589704257296
601.0,17.0,-15.43870151495911,-120.370948,-111.841902,-18.115275521171213
601.0,19.0,-26.893784336064577,-104.606598,-141.470882,-29.57035834227668
601.0,24.0,-27.21729750574836,-113.299365,-119.356837,-29.893871511960462
601.0,28.0,-7.618025463095343,-106.95759,-68.467628,-10.294599469307448
602.0,2.0,-9.614539738092926,-53.254477,-39.707873,-9.413851134079572
602.0,6.0,-18.115905043388974,-138.84031,-94.11606,-17.91521643937562
602.0,12.0,-16.107241266104506,-149.82429,-90.252347,-15.906552662091151
602.0,13.0,-3.419772468343889,72.104325,37.574718,-3.2190838643305355
602.0,14.0,-3.2521381947888406,32.809217,-37.043842,-3.051449590775487
602.0,15.0,-6.412757936624874,-94.848938,17.260371,-6.21206933261152
602.0,17.0,-13.929225290724023,-136.562591,-111.980955,-13.728536686710669
602.0,19.0,-25.43390386774648,-131.900995,-141.611693,-25.233215263733126
602.0,24.0,-25.57519976995016,-137.787923,-119.423232,-25.374511165936806
602.0,28.0,-7.332149801768641,-117.327366,-68.53433,-7.1314611977552875
603.0,2.0,-10.614729450209548,-75.045265,-39.700734,-10.218930138640173
603.0,6.0,-19.557665172631758,-129.865882,-94.20446,-19.161865861062385
603.0,12.0,-16.815473622431014,-151.318038,-90.358506,-16.41967431086164
603.0,13.0,-3.4800384568967586,83.592626,37.713702,-3.084239145327384
603.0,14.0,-3.323129109920104,6.358783,-37.084485,-2.9273297983507294
603.0,15.0,-6.574820960880653,-70.824972,17.36922,-6.179021649311279
603.0,17.0,-14.749281803799573,-160.43797,-112.139247,-14.353482492230198
603.0,19.0,-26.194201777694616,-130.354998,-141.779925,-25.798402466125243
603.0,24.0,-26.497579469433784,-135.300108,-119.516417,-26.10178015786441
603.0,28.0,-7.4579211800633916,-133.911328,-68.612947,-7.0621218684940175
604.0,2.0,-11.385648397716457,-52.471717,-39.757217,-10.547232313506328
604.0,6.0,-21.06400002181931,-142.498185,-94.269988,-20.22558393760918
604.0,12.0,-18.386275443707945,-152.73647,-90.360553,-17.547859359497814
604.0,13.0,-3.9480210521060615,76.855205,37.722039,-3.1096049678959323
604.0,14.0,-3.6955176223112582,-21.256702,-37.110688,-2.857101538101129
604.0,17.0,-15.992741641110733,-165.66827,-112.159643,-15.154325556900604
604.0,19.0,-27.480093690467825,-138.989454,-141.810753,-26.641677606257694
604.0,24.0,-27.883403138471714,-143.042083,-119.525461,-27.044987054261583
604.0,28.0,-7.904562618291921,-131.550679,-68.643007,-7.066146534081792
605.0,2.0,-13.955568149746428,-16.71171,-39.817511,-12.245645247204058
605.0,6.0,-24.31808646963485,-124.331046,-94.33296,-22.60816356709248
605.0,12.0,-22.043084713441736,-162.516711,-90.342557,-20.333161810899366
605.0,13.0,-4.09511631261965,98.683495,37.720724,-2.3851934100772803
605.0,14.0,-5.129938725855774,-24.563152,-37.142412,-3.420015823313404
605.0,15.0,-7.474830443992784,-7.62886,17.419291,-5.764907541450414
605.0,17.0,-19.625705885763914,-150.46729,-112.168211,-17.915782983221543
605.0,19.0,-31.083876642648843,-128.746753,-141.825613,-29.373953740106472
605.0,24.0,-30.77681309872638,-129.861975,-119.516871,-29.06689019618401
605.0,28.0,-11.184703421459064,-123.46484,-68.673514,-9.474780518916694
606.0,2.0,-15.284023321099196,34.176945,-39.864768,-15.12405944024944
606.0,6.0,-25.103429326408097,-56.894538,-94.411968,-24.94346544555834
606.0,12.0,-22.705012169924768,-99.862438,-90.368787,-22.545048289075012
606.0,14.0,-6.761200201823072,28.055564,-37.178131,-6.601236320973315
606.0,15.0,-7.973790588305268,24.154736,17.465618,-7.813826707455511
606.0,17.0,-20.91598132734143,-97.624768,-112.226536,-20.756017446491676
606.0,19.0,-31.729860056027704,-49.728899,-141.895298,-31.569896175177945
606.0,24.0,-31.48075029965542,-66.819833,-119.549341,-31.32078641880566
606.0,28.0,-12.20882189709781,-58.24267,-68.721877,-12.048858016248053
607.0,2.0,-8.651612020678225,55.182702,-39.91225,-12.929789198861219
607.0,6.0,-17.48310250280769,-51.750576,-94.503262,-21.761279680990683
607.0,12.0,-15.44361186968787,-86.816402,-90.434437,-19.721789047870864
607.0,14.0,-3.072659547509903,-0.148473,-37.206491,-7.350836725692896
607.0,17.0,-13.16404037593486,-103.0562,-112.309525,-17.442217554117853
607.0,19.0,-24.91111159826864,-50.614011,-141.999991,-29.189288776451633
607.0,24.0,-25.025827991806626,-65.774088,-119.620612,-29.30400516998962
607.0,28.0,-7.03892082843122,-51.643965,-68.773256,-11.317098006614213
608.0,2.0,-9.317043271258504,-36.979456,-39.95561,-10.781854601190627
608.0,6.0,-18.003613160983512,-85.196818,-94.60508,-19.468424490915634
608.0,12.0,-15.66196920494586,-55.574908,-90.530726,-17.126780534877984
608.0,13.0,-3.397326554698461,119.419912,37.882793,-4.862137884630584
608.0,14.0,-3.237162989809883,-47.01755,-37.233369,-4.701974319742005
608.0,15.0,-6.426393072113389,-17.256617,17.562733,-7.891204402045512
608.0,17.0,-14.004813027904305,-119.984079,-112.419216,-15.469624357836427
608.0,19.0,-25.022422166769548,-77.163372,-142.137261,-26.48723349670167
608.0,24.0,-25.31365100202543,-89.51593,-119.721271,-26.778462331957552
608.0,28.0,-7.238458704995996,-79.913523,-68.83198,-8.703270034928119
609.0,2.0,-12.578895791143859,-42.398844,-39.962335,-10.32533759080929
609.0,6.0,-23.776873633453963,-101.788381,-94.750042,-21.523315433119393
609.0,12.0,-21.57766959837121,-96.412205,-90.742952,-19.32411139803664
609.0,13.0,-5.417985867470757,95.461529,38.063176,-3.164427667136188
609.0,14.0,-5.762443629055654,-71.802958,-37.273677,-3.5088854287210847
609.0,17.0,-18.99047895764436,-149.630398,-112.664467,-16.73692075730979
609.0,19.0,-29.701781794320876,-112.287349,-142.422047,-27.448223593986306
609.0,24.0,-29.823589834438597,-114.39484,-119.929128,-27.570031634104026
609.0,28.0,-9.533135660891299,-119.42711,-68.940995,-7.279577460556729
610.0,2.0,-10.706829766517856,-40.709682,-39.884529,-11.48726174298426
610.0,6.0,-20.228715711144424,-83.449392,-94.783611,-21.009147687610827
610.0,12.0,-17.11648870167895,-104.295034,-90.9172,-17.896920678145353
610.0,13.0,-3.555726812494713,103.54406,38.262414,-4.336158788961116
610.0,14.0,-3.331433672985179,-69.982958,-37.257667,-4.111865649451582
610.0,17.0,-15.079941709579396,-137.334383,-112.836968,-15.860373686045799
610.0,19.0,-26.26712973272953,-99.239601,-142.603592,-27.047561709195932
610.0,24.0,-26.87315566417654,-110.643237,-120.047486,-27.653587640642943
610.0,28.0,-7.4308076003903505,-106.820885,-68.975389,-8.211239576856753
611.0,2.0,-10.491690190375722,-46.672514,-39.914494,-9.40704136194314
611.0,6.0,-18.888672167656672,-130.651605,-94.890199,-17.80402333922409
611.0,12.0,-16.650220173231215,-136.289081,-90.987977,-15.565571344798634
611.0,13.0,-3.3354978294245488,82.128259,38.359388,-2.250849000991967
611.0,14.0,-3.2129978810433064,-96.766637,-37.314306,-2.1283490526107247
611.0,17.0,-15.2178191269632,-153.943363,-112.969995,-14.133170298530619
611.0,19.0,-25.746061350910686,-165.783779,-142.749033,-24.661412522478106
611.0,24.0,-26.16468376385057,-153.255559,-120.123537,-25.080034935417988
611.0,28.0,-7.503719890457995,-146.205302,-69.061406,-6.419071062025413
612.0,2.0,-8.298100256457305,13.165179,-40.09043,-11.58923623600633
612.0,6.0,-14.759894742685368,-65.935159,-95.163582,-18.051030722234394
612.0,12.0,-13.703990890710342,-91.004191,-91.043805,-16.99512687025937
612.0,14.0,-3.130959321371944,-24.398151,-37.482218,-6.4220953009209705
612.0,17.0,-12.063863422554906,-74.3998,-113.176788,-15.354999402103932
612.0,19.0,-22.538586775150414,-65.794509,-143.000003,-25.82972275469944
612.0,24.0,-23.12613916214382,-77.057049,-120.274512,-26.417275141692844
612.0,28.0,-6.743912794755146,-69.655577,-69.268938,-10.035048774304173
613.0,2.0,-7.529502789465257,15.407013,-40.148867,-12.317985094981328
613.0,6.0,-13.645486962524657,-113.444712,-95.184371,-18.433969268040727
613.0,12.0,-12.04839648976414,-107.209967,-91.018182,-16.83687879528021
613.0,14.0,-3.023656799871402,-29.458341,-37.4674,-7.812139105387472
613.0,17.0,-10.030622069697545,-118.364931,-113.117022,-14.819104375213616
613.0,19.0,-20.590393544525718,-107.64627,-142.950967,-25.378875850041787
613.0,24.0,-21.26796758876467,-119.052943,-120.245213,-26.05644989428074
613.0,28.0,-4.911909604612815,-111.265673,-69.243318,-9.700391910128886
614.0,2.0,-17.75620413417721,-55.851149,-40.089124,-14.817507318985701
614.0,6.0,-27.53160993353353,-186.810888,-95.001887,-24.59291311834202
614.0,13.0,-6.674701909807909,38.33792,38.28433,-3.7360050946164
614.0,14.0,-7.466979097610534,-112.983368,-37.337634,-4.528282282419026
614.0,17.0,-23.66905567196598,-162.913066,-112.872218,-20.730358856774473
614.0,19.0,-32.98808552890335,-148.3644,-142.670569,-30.04938871371184
614.0,24.0,-33.2100147492525,-188.424057,-120.041322,-30.271317934060992
614.0,28.0,-14.233913854693816,-190.610209,-69.059864,-11.295217039502306
615.0,2.0,-8.08661615021155,-12.008279,-40.021502,-11.901116625675305
615.0,6.0,-15.778382345441713,-148.146443,-94.854374,-19.59288282090547
615.0,12.0,-13.653001253695786,-138.877297,-90.785911,-17.467501729159544
615.0,14.0,-3.1160639602348352,-81.939647,-37.25446,-6.930564435698591
615.0,17.0,-11.991349199890243,-135.474676,-112.696794,-15.805849675353999
615.0,19.0,-22.38549201586676,-151.306728,-142.450751,-26.199992491330516
615.0,24.0,-23.176334813531845,-163.459689,-119.850069,-26.9908352889956
615.0,28.0,-6.526607891802837,-162.920144,-68.931729,-10.341108367266592
616.0,2.0,-10.69624611961781,-66.252722,-39.911571,-9.439659589511143
616.0,6.0,-19.52388241202486,-170.432017,-94.743587,-18.267295881918194
616.0,12.0,-17.628221079986755,-157.104879,-90.695418,-16.37163454988009
616.0,13.0,-4.636209959245926,53.516943,38.355087,-3.379623429139259
616.0,14.0,-3.777252515561674,-76.457511,-37.233203,-2.5206659854550066
616.0,17.0,-16.212050073795375,-151.52397,-112.643385,-14.955463543688708
616.0,19.0,-26.710595616401292,-185.797611,-142.334207,-25.454009086294626
616.0,24.0,-27.04644307292262,-173.933599,-119.680851,-25.789856542815954
616.0,28.0,-7.868597790607768,-188.007509,-68.883154,-6.6120112605011006
617.0,2.0,-7.099524096347803,-61.520489,-39.677801,-7.596487767818206
617.0,6.0,-12.094068162597992,-168.834621,-94.337309,-12.591031834068394
617.0,12.0,-11.429235100198467,-166.949618,-90.353888,-11.926198771668869
617.0,13.0,-2.9297275120829225,54.554964,38.324748,-3.4266911835533254
617.0,17.0,-8.190844972476668,-164.570928,-112.241492,-8.68780864394707
617.0,19.0,-18.553982223459997,-217.925922,-141.786998,-19.0509458949304
617.0,24.0,-19.819079152391797,-174.956679,-119.166751,-20.3160428238622
617.0,28.0,-3.377692777364465,-170.837301,-68.607581,-3.874656448834868
618.0,2.0,-7.121398608126591,-115.466141,-39.727647,-6.628365688748939
618.0,6.0,-12.00090968680177,-184.027653,-93.900768,-11.507876767424118
618.0,12.0,-11.386913238954513,-155.706045,-89.579041,-10.893880319576862
618.0,13.0,-2.933509573246803,19.445471,37.786013,-2.440476653869151
618.0,14.0,-2.854301247853165,-74.987461,-36.930198,-2.3612683284755134
618.0,17.0,-8.178059763389124,-146.616332,-111.348691,-7.685026844011472
618.0,19.0,-18.20660706290692,-212.856941,-140.747629,-17.713574143529268
618.0,24.0,-19.65930086783478,-181.35793,-118.330583,-19.16626794845713
618.0,28.0,-3.3489301448972553,-195.848624,-68.209351,-2.8558972255196036
619.0,6.0,-12.101229087269655,-227.975595,-93.469288,-11.98061154751953
619.0,14.0,-2.9138881562200405,-90.885862,-36.676802,-2.7932706164699153
619.0,15.0,-3.4635045237916473,112.405596,17.707903,-3.342886984041522
619.0,17.0,-8.376325672096925,-211.897435,-110.899886,-8.2557081323468
619.0,19.0,-18.508699791773424,-234.958513,-140.19616,-18.3880822520233
619.0,24.0,-19.771600676425845,-223.093288,-117.902006,-19.65098313667572
619.0,28.0,-3.5550246674595716,-194.659927,-67.850323,-3.4344071277094463
620.0,2.0,-10.298297627342977,-78.329506,-39.358753,-12.082511569263046
620.0,6.0,-23.266550008207744,-163.642293,-93.159447,-25.050763950127813
620.0,12.0,-19.684748651294772,-144.473782,-89.198846,-21.46896259321484
620.0,13.0,-3.189296858846078,42.222934,37.653108,-4.973510800766146
620.0,17.0,-17.215547689026092,-149.295027,-110.562454,-18.99976163094616
620.0,19.0,-29.155780374739706,-184.433591,-139.799329,-30.939994316659774
620.0,24.0,-29.451596854129953,-167.663743,-117.617903,-31.23581079605002
620.0,28.0,-7.532463289223351,-139.969804,-67.566807,-9.31667723114342
621.0,2.0,-15.429773388790801,-7.315365,-39.156182,-18.867182767802138
621.0,6.0,-26.209695275158317,5.375927,-92.786798,-29.647104654169652
621.0,12.0,-23.601466624865466,-33.575413,-89.197437,-27.0388760038768
621.0,17.0,-20.97254000633613,-4.419163,-110.212731,-24.409949385347467
621.0,19.0,-31.93839071451938,-21.984038,-139.42052,-35.375800093530714
621.0,24.0,-31.925846880887054,-22.242984,-117.423383,-35.36325625989839
621.0,28.0,-11.687760642426024,15.275493,-67.188665,-15.125170021437361
622.0,2.0,-11.455562677305384,-8.063928,-38.784822,-17.358496159560104
622.0,6.0,-21.674007944606117,-58.079106,-92.402802,-27.576941426860838
622.0,12.0,-18.40505867839274,-63.470136,-89.516591,-24.307992160647462
622.0,14.0,-3.3895962022555772,34.054116,-35.727521,-9.292529684510297
622.0,17.0,-16.260658510569634,-60.353012,-110.113517,-22.163591992824355
622.0,19.0,-27.536275204917516,-70.564469,-139.318345,-33.43920868717224
622.0,24.0,-27.936037683607815,-70.20784,-117.466583,-33.83897116586253
622.0,28.0,-7.506591887045263,-43.597157,-66.818167,-13.409525369299985
623.0,2.0,-18.54188402153119,-82.230854,-39.256234,-14.390721810195977
623.0,6.0,-28.347695598956435,-85.072603,-92.974626,-24.196533387621223
623.0,12.0,-26.734497363942452,-101.377114,-89.515841,-22.58333515260724
623.0,13.0,-5.464001656220542,146.471123,37.732707,-1.3128394448853298
623.0,15.0,-7.982305109458427,69.276899,17.547513,-3.8311428981232156
623.0,17.0,-24.074985932308746,-97.31836,-110.401986,-19.923823720973534
623.0,19.0,-34.11205782421035,-98.724011,-139.713955,-29.96089561287514
623.0,24.0,-34.06946000867023,-100.251781,-117.73416,-29.918297797335015
623.0,28.0,-13.175989437352916,-66.057709,-67.225966,-9.024827226017704
624.0,2.0,-19.43413806097091,-6.284939,-39.930058,-15.89378003431982
624.0,6.0,-28.87661750789937,-8.720498,-92.460544,-25.33625948124828
624.0,12.0,-27.368960777211946,-7.236798,-87.769328,-23.828602750560858
624.0,17.0,-25.360485504118135,-21.753111,-108.410458,-21.820127477467047
624.0,19.0,-35.11100430168755,-15.818758,-137.569291,-31.570646275036463
624.0,24.0,-34.564972979380535,-18.23512,-116.173659,-31.024614952729447
624.0,28.0,-15.023876869007232,16.788458,-66.551811,-11.483518842356142
625.0,2.0,-16.771387089805494,-9.216996,-37.783783,-16.045755100194558
625.0,6.0,-26.767615515036702,-21.12862,-88.074353,-26.041983525425767
625.0,12.0,-24.365851100377036,-0.171527,-85.819439,-23.6402191107661
625.0,13.0,-3.865340522509785,86.569922,34.889276,-3.139708532898849
625.0,15.0,-7.578599906023008,4.347731,15.360576,-6.852967916412073
625.0,17.0,-23.223246791986327,-30.719681,-103.858187,-22.49761480237539
625.0,19.0,-33.54515773947555,-26.972251,-132.2162,-32.81952574986461
625.0,24.0,-32.6939130997801,-32.050597,-112.529439,-31.968281110169162
625.0,28.0,-12.505557231388082,-7.852337,-62.777263,-11.779925241777146
626.0,2.0,-17.83507077103384,-7.941615,-35.901305,-16.78071700433171
626.0,6.0,-27.953021159934035,-91.988501,-82.823656,-26.898667393231904
626.0,12.0,-24.991324172828534,-92.150781,-78.780738,-23.936970406126402
626.0,13.0,-4.769442823709464,0.932848,32.149901,-3.715089057007331
626.0,14.0,-7.127366735328559,-11.520642,-32.003596,-6.0730129686264265
626.0,15.0,-7.960909902455538,-19.764882,14.673478,-6.906556135753405
626.0,17.0,-23.807336900127297,-91.972606,-96.927795,-22.752983133425165
626.0,19.0,-34.018303100197194,-87.380771,-123.151873,-32.96394933349506
626.0,24.0,-33.03600310145041,-94.156421,-104.192147,-31.98164933474828
626.0,28.0,-12.834702668492763,-9.801112,-59.418552,-11.780348901790632
627.0,2.0,-20.09771058108262,-2.050881,-37.131064,-17.52897193472484
627.0,6.0,-28.95565763796404,-87.139335,-84.68908,-26.38691899160626
627.0,12.0,-26.35899220509816,-64.247864,-84.301011,-23.790253558740382
627.0,14.0,-7.534218019391207,-16.472357,-30.277353,-4.965479373033427
627.0,15.0,-8.624393678653924,-58.913047,12.891548,-6.055655032296143
627.0,17.0,-24.423664682255758,-86.867052,-98.948635,-21.85492603589798
627.0,19.0,-34.78590655026404,-87.232503,-127.141985,-32.21716790390626
627.0,24.0,-33.868300841395374,-91.190488,-109.927986,-31.299562195037595
627.0,28.0,-14.859780328520767,-23.213249,-59.010146,-12.291041682162987
628.0,2.0,-20.598308727827714,-79.802252,-27.420088,-19.09489891688112
628.0,6.0,-28.61762246099946,-153.381758,-64.197568,-27.11421265005287
628.0,12.0,-25.668422878350047,-117.060733,-71.003355,-24.165013067403457
628.0,14.0,-7.2209223436049355,-91.561154,-19.401539,-5.717512532658344
628.0,15.0,-8.016268966949509,-94.452878,8.077798,-6.512859156002918
628.0,17.0,-23.764498800086113,-126.507151,-76.809557,-22.261088989139523
628.0,19.0,-34.319496559100905,-150.207265,-100.096498,-32.81608674815431
628.0,24.0,-33.56785364803155,-154.74124,-89.396357,-32.06444383708496
628.0,28.0,-14.181228375538279,-92.177371,-42.713985,-12.677818564591687
629.0,2.0,-17.12790188011094,-65.199979,-26.09882,-21.16905925381534
629.0,6.0,-26.566188818028632,-126.930903,-65.176197,-30.607346191733036
629.0,12.0,-23.607387674228534,-116.706213,-67.409494,-27.648545047932934
629.0,14.0,-3.9715834192026316,-66.388877,-23.583474,-8.012740792907035
629.0,17.0,-20.98170797621058,-105.283333,-79.835384,-25.02286534991498
629.0,19.0,-32.63718880371135,-126.286,-101.190203,-36.67834617741575
629.0,24.0,-31.87498576048995,-133.150339,-86.173203,-35.91614313419435
629.0,28.0,-11.937529947320469,-76.715728,-46.534868,-15.978687321024871
630.0,2.0,-17.37722430148034,-59.077698,-8.75293,-19.186861192911927
630.0,6.0,-27.53826530298339,-98.580417,-34.01031,-29.347902194414978
630.0,12.0,-24.65347839158729,-86.983355,-47.359348,-26.463115283018873
630.0,13.0,-3.6395842740603417,57.865663,23.613282,-5.449221165491927
630.0,14.0,-5.847467296704987,-37.601314,-8.773013,-7.6571041881365725
630.0,17.0,-22.955683569205174,-100.451486,-49.74325,-24.765320460636758
630.0,19.0,-33.24098383284416,-105.231097,-62.51128,-35.050620724275745
630.0,24.0,-32.66386886795582,-105.330167,-54.481664,-34.47350575938741
630.0,28.0,-13.57187030605001,-42.591008,-23.860093,-15.381507197481596
631.0,2.0,-10.007631212494676,7.524592,-8.224819,-14.707416853275381
631.0,6.0,-18.776997967020286,-38.665019,-22.743354,-23.47678360780099
631.0,12.0,-16.14325627939458,-48.255728,-40.150122,-20.84304192017529
631.0,15.0,-5.856652796828139,-23.089109,-0.802643,-10.556438437608843
631.0,17.0,-13.332020344265826,-24.866937,-30.95748,-18.03180598504653
631.0,19.0,-25.20231620620416,-50.043644,-43.276676,-29.902101846984863
631.0,24.0,-25.007000250952323,-44.279306,-44.507081,-29.706785891733027
631.0,28.0,-7.142055637149569,-20.960572,-10.833852,-11.841841277930275
632.0,2.0,-8.875100320345435,-53.471415,-20.950961,-12.600775308212297
632.0,6.0,-21.46554158459986,-93.120622,-38.032026,-25.191216572466722
632.0,12.0,-18.06665968294453,-99.660915,-43.942331,-21.792334670811393
632.0,13.0,-3.045759955715112,37.474661,8.01891,-6.7714349435819745
632.0,14.0,-2.9303422005840023,15.069557,-7.079416,-6.656017188450864
632.0,15.0,-4.9705499383972525,-45.257595,-3.13581,-8.696224926264115
632.0,17.0,-14.556640643329267,-51.877788,-39.215361,-18.28231563119613
632.0,19.0,-27.676954150152557,-97.485152,-55.766057,-31.40262913801942
632.0,24.0,-26.717595252444703,-94.887648,-55.763627,-30.443270240311566
632.0,28.0,-6.574662683919112,-47.027189,-20.641489,-10.300337671785973
633.0,2.0,-15.231538837313806,-69.307423,-17.211025,-19.07657142748477
633.0,6.0,-25.625235417380505,-78.584425,-30.074657,-29.470268007551468
633.0,12.0,-22.47374911197587,-84.404312,-31.220064,-26.318781702146833
633.0,13.0,-3.571473791028677,71.328136,5.144391,-7.416506381199639
633.0,17.0,-19.162546608285474,-33.29367,-29.720348,-23.007579198456437
633.0,19.0,-31.263423305943263,-63.407211,-41.983423,-35.10845589611422
633.0,24.0,-30.078953964568917,-68.952658,-41.138771,-33.923986554739884
633.0,28.0,-8.925287837315349,-40.76721,-17.081996,-12.770320427486311
634.0,2.0,-19.26360772740406,-87.922791,-10.394181,-16.123590478324562
634.0,6.0,-29.032515313543605,-114.867979,-17.679286,-25.892498064464107
634.0,12.0,-26.523777651598092,-66.097943,-32.686322,-23.383760402518593
634.0,13.0,-6.700818013309114,50.517102,3.280172,-3.5608007642296164
634.0,17.0,-24.69422224309674,-84.86417,-18.711487,-21.55420499401724
634.0,19.0,-35.380435903890984,-101.616511,-30.594418,-32.240418654811485
634.0,24.0,-34.005066343571414,-127.236187,-36.894445,-30.865049094491916
634.0,28.0,-14.8647594054522,-53.366557,-4.511629,-11.724742156372702
635.0,2.0,-21.217278602554863,41.726485,48.88492,-16.61099248908858
635.0,6.0,-28.773276076721892,-53.495502,28.305802,-24.16698996325561
635.0,12.0,-26.997771557127468,-16.866574,-43.725336,-22.391485443661185
635.0,13.0,-6.5481915534515025,36.165235,51.35785,-1.9419054399852191
635.0,17.0,-25.11065202505582,-69.426288,-25.31274,-20.504365911589538
635.0,19.0,-35.07976154627335,-71.018654,-21.930349,-30.47347543280707
635.0,24.0,-34.50118294887592,-74.649377,-17.465353,-29.89489683540964
635.0,28.0,-15.781575283654426,-45.570486,15.741995,-11.175289170188144
636.0,2.0,-8.336132349893909,70.841362,61.279297,-7.461678595022972
636.0,6.0,-14.195101839162932,-11.719744,45.819601,-13.320648084291996
636.0,12.0,-12.995736833580885,30.559914,-60.378701,-12.121283078709949
636.0,15.0,-5.495163262979008,-18.008201,13.995161,-4.620709508108072
636.0,17.0,-11.406860871449027,-1.023937,-15.20591,-10.53240711657809
636.0,19.0,-21.982993860212233,-16.298919,-14.647462,-21.108540105341298
636.0,24.0,-22.342528213194,-22.066122,-23.625135,-21.468074458323066
636.0,28.0,-5.894615710125271,96.212183,36.594083,-5.020161955254335
637.0,2.0,-7.673271576694574,25.827269,2.810631,-8.033183839929636
637.0,6.0,-12.956950056562587,-27.146398,-35.020617,-13.316862319797648
637.0,12.0,-11.888344702703131,3.233572,-55.421815,-12.248256965938193
637.0,13.0,-3.066460045351608,63.990836,43.788664,-3.4263723085866706
637.0,14.0,-3.025335464645826,-22.699357,-13.487361,-3.3852477278808886
637.0,15.0,-3.6354069783894807,-4.288586,25.187732,-3.9953192416245433
637.0,17.0,-9.203124402272012,-44.437826,-68.208112,-9.563036665507074
637.0,19.0,-19.93372696389708,-47.279106,-78.017852,-20.293639227132143
637.0,24.0,-20.626792920353367,-46.405111,-58.852646,-20.98670518358843
637.0,28.0,-4.720287824441782,-10.981283,-31.928696,-5.080200087676845
638.0,2.0,-7.380128689774418,-30.859393,-23.376814,-12.26879835840889
638.0,6.0,-12.797915103730695,-80.588097,-50.18589,-17.68658477236517
638.0,12.0,-11.876337256834649,-23.921713,-41.378529,-16.765006925469123
638.0,13.0,-2.916806405857487,-39.33988,16.750309,-7.80547607449196
638.0,14.0,-2.8204574793189403,-45.024385,-21.804109,-7.709127147953414
638.0,15.0,-3.3145632794142017,-78.788494,9.134481,-8.203232948048676
638.0,17.0,-8.634675911785823,-91.044884,-55.714368,-13.523345580420298
638.0,19.0,-19.658617485826476,-69.94312,-70.307128,-24.54728715446095
638.0,24.0,-20.132172746583517,-83.419253,-57.771574,-25.02084241521799
638.0,28.0,-3.449633018572685,-32.762373,-36.903656,-8.338302687207158
639.0,2.0,-18.5125354741547,-89.307099,-41.239329,-16.06092485420972
639.0,6.0,-27.87905669413092,-119.550584,-56.194006,-25.42744607418594
639.0,12.0,-26.18891473242147,-38.024963,-27.773518,-23.73730411247649
639.0,13.0,-5.103111826453322,-90.314347,-6.413006,-2.6515012065083425
639.0,14.0,-6.688775793350309,-22.249712,-24.437217,-4.237165173405329
639.0,15.0,-7.609201510781481,-91.629785,-5.526933,-5.157590890836501
639.0,17.0,-22.333435954862054,-60.322632,-39.550431,-19.881825334917075
639.0,19.0,-33.24613892223332,-102.819832,-56.928762,-30.79452830228834
639.0,24.0,-32.270483521545366,-108.767925,-52.168369,-29.818872901600386
639.0,28.0,-12.13265537538133,-47.876069,-35.594629,-9.68104475543635
640.0,2.0,-20.571353818180032,-19.400305,-55.328115,-16.474370204620072
640.0,6.0,-29.150448781419165,-48.630087,-64.339543,-25.053465167859205
640.0,12.0,-27.81917127051736,-59.567011,-38.008767,-23.7221876569574
640.0,14.0,-7.527774950789539,39.207225,-18.721502,-3.4307913372295777
640.0,17.0,-25.318008089993658,-18.530025,-34.815066,-21.221024476433698
640.0,19.0,-35.473413924649456,-40.470996,-60.40972,-31.376430311089496
640.0,24.0,-33.33227097458042,-31.574562,-67.277237,-29.235287361020458
640.0,28.0,-15.1642692956788,-1.969279,-31.675473,-11.06728568211884
641.0,2.0,-18.84103373416844,-3.547025,-38.351034,-16.440801281552336
641.0,6.0,-28.55797593415908,-30.786306,-55.840275,-26.157743481542976
641.0,12.0,-26.91221840253913,-38.782115,-49.186177,-24.511985949923023
641.0,17.0,-24.375789570172692,-1.261914,-45.343652,-21.975557117556587
641.0,19.0,-34.5740628080515,-18.307038,-68.246545,-32.1738303554354
641.0,24.0,-32.94790434201368,-20.968381,-70.180146,-30.547671889397574
641.0,28.0,-13.968669354554935,3.487662,-29.56496,-11.56843690193883
642.0,2.0,-20.512089196518,-36.569938,-39.576196,-15.774282366178184
642.0,6.0,-29.309996773414518,-48.13982,-56.516714,-24.5721899430747
642.0,12.0,-27.411778234739977,-38.803001,-48.047888,-22.67397140440016
642.0,17.0,-25.697630897257834,-12.869209,-44.646616,-20.959824066918017
642.0,19.0,-35.40427770880871,-31.794769,-67.623677,-30.666470878468896
642.0,24.0,-34.09937709029809,-53.081218,-69.687754,-29.361570259958274
642.0,28.0,-15.744866824349025,-4.087641,-29.925651,-11.007059994009207
643.0,2.0,-17.90899922035509,-39.715271,-41.094649,-15.420272177442644
643.0,6.0,-27.75854483105543,-42.468421,-57.564278,-25.269817788142987
643.0,12.0,-25.881751927269885,-37.252017,-47.019429,-23.39302488435744
643.0,17.0,-24.314172635167658,-11.853913,-44.174073,-21.825445592255214
643.0,19.0,-34.06009616599515,-35.473253,-67.326171,-31.571369123082704
643.0,24.0,-32.97315852351224,-48.767753,-69.48101,-30.484431480599795
643.0,28.0,-14.345557310992696,-7.60429,-30.531977,-11.856830268080252
644.0,2.0,-20.142823479461207,-19.15586,-38.068712,-15.114625410911355
644.0,6.0,-29.021482944476396,-31.707896,-59.349675,-23.993284875926545
644.0,12.0,-27.658131232752666,-30.303008,-47.826949,-22.629933164202814
644.0,14.0,-7.758668159398574,38.253557,-19.059203,-2.730470090848721
644.0,17.0,-25.870009791532716,-39.422768,-51.38541,-20.841811722982865
644.0,19.0,-35.10333483969888,-25.809833,-73.068505,-30.07513677114903
644.0,24.0,-33.980351811671504,-40.328763,-69.943259,-28.952153743121652
644.0,28.0,-16.33961495155072,0.191442,-35.305516,-11.311416883000867
645.0,2.0,-19.369409441671557,-27.829973,-38.314524,-15.572246921469354
645.0,6.0,-28.36285881680284,-26.611414,-59.28539,-24.56569629660064
645.0,12.0,-26.966003683409394,-27.444449,-46.589889,-23.16884116320719
645.0,14.0,-7.390954065479958,41.440616,-19.511748,-3.593791545277756
645.0,17.0,-24.651166908150515,-32.928521,-50.79742,-20.85400438794831
645.0,19.0,-34.52688644797566,-22.211071,-72.210033,-30.72972392777346
645.0,24.0,-33.52296688955877,-37.48822,-68.88647,-29.725804369356563
645.0,28.0,-14.838303953707142,9.638869,-35.462388,-11.04114143350494
646.0,2.0,-17.99971118628013,-24.944166,-38.404872,-15.309719684108314
646.0,6.0,-27.41086577332626,-25.114057,-59.692078,-24.720874271154443
646.0,12.0,-25.996660780960724,-25.183787,-46.358214,-23.30666927878891
646.0,14.0,-7.065967340298804,16.198137,-20.078212,-4.375975838126988
646.0,15.0,-7.800198997021352,6.79425,-4.144181,-5.1102074948495355
646.0,17.0,-23.37256462196233,-14.102857,-51.317119,-20.68257311979051
646.0,19.0,-33.5933018020418,-15.862342,-72.619438,-30.903310299869986
646.0,24.0,-32.71863635413491,-35.566217,-68.817905,-30.028644851963094
646.0,28.0,-13.224153930755161,-5.353045,-36.04916,-10.534162428583345
647.0,2.0,-16.982904438923235,2.233729,-38.653322,-15.93371382408641
647.0,6.0,-26.534519287238844,15.319728,-59.850434,-25.48532867240202
647.0,12.0,-24.94835019343737,-45.386695,-45.938364,-23.899159578600546
647.0,13.0,-3.540178281326895,147.913691,2.606024,-2.4909876664900708
647.0,14.0,-6.58021689035665,15.128257,-20.335483,-5.531026275519825
647.0,15.0,-7.554681559838297,34.22506,-4.147542,-6.505490945001473
647.0,17.0,-21.88855192695631,96.845192,-51.186514,-20.839361312119486
647.0,19.0,-32.95431815791701,-9.518226,-72.437529,-31.905127543080184
647.0,24.0,-32.309441103244254,-12.659654,-68.54947,-31.26025048840743
647.0,28.0,-12.735882723516747,-2.145041,-36.219161,-11.686692108679923
648.0,2.0,-12.81868890273018,-2.360921,-38.865671,-12.689106609670866
648.0,6.0,-23.188667377054287,4.632016,-60.143736,-23.059085083994972
648.0,12.0,-21.88749984488365,-42.496199,-45.973629,-21.757917551824335
648.0,14.0,-6.372135882118289,17.667054,-20.523591,-6.242553589058975
648.0,15.0,-7.419523881811923,57.010062,-4.110038,-7.289941588752608
648.0,17.0,-18.7512864571557,105.546191,-51.380273,-18.621704164096386
648.0,19.0,-29.874309674308147,-8.968062,-72.682729,-29.744727381248833
648.0,24.0,-29.56182555140976,-17.612305,-68.713333,-29.432243258350447
648.0,28.0,-10.467713164807929,-6.228958,-36.443141,-10.338130871748614
649.0,2.0,-16.642935939453324,-37.78032,-38.803379,-15.241249099403973
649.0,6.0,-26.285600214802862,-35.445256,-60.140157,-24.88391337475351
649.0,12.0,-25.17637918394569,-29.839502,-46.172613,-23.77469234389634
649.0,14.0,-7.313288479975013,-8.165551,-20.444363,-5.911601639925663
649.0,17.0,-23.413159147577026,-41.211392,-51.477921,-22.011472307527676
649.0,19.0,-33.28211062413845,-41.645887,-72.81252,-31.880423784089096
649.0,24.0,-32.21885674488872,-45.645713,-68.860488,-30.817169904839368
649.0,28.0,-13.705344632678733,-0.616088,-36.411045,-12.303657792629384
650.0,2.0,-19.13423317609209,-25.494823,-38.586532,-15.434624929754445
650.0,6.0,-27.781489045515407,-20.559676,-59.980284,-24.081880799177764
650.0,12.0,-26.770233485149575,-25.57508,-46.466428,-23.07062523881193
650.0,14.0,-7.668179763663754,20.997005,-20.226311,-3.96857151732611
650.0,17.0,-25.140756373323832,-34.219265,-51.539576,-21.44114812698619
650.0,19.0,-34.70344188681381,-29.411671,-72.894344,-31.00383364047617
650.0,24.0,-33.687311109044124,-35.036118,-69.003782,-29.98770286270648
650.0,28.0,-15.548895468358177,3.399276,-36.249098,-11.849287222020532
