515.0,2.0,-51.95287086228292,48.887622,3.901446,-7.865536609740452
515.0,6.0,-56.27944856922976,14.672069,0.675603,-12.192114316687288
515.0,12.0,-60.5294325224964,-2.475752,-14.245376,-16.44209826995393
515.0,13.0,-45.34964495041545,37.803745,5.989189,-1.2623106978729837
515.0,14.0,-44.41363662461926,-7.825549,5.916146,-0.326302372076789
515.0,15.0,-49.71225572604128,33.846884,-0.786217,-5.624921473498809
515.0,17.0,-55.40438130959609,-14.909345,-6.09413,-11.317047057053621
515.0,19.0,-63.348128917380045,-11.229287,-8.932877,-19.260794664837576
515.0,24.0,-67.14830039981082,-14.801848,-11.708181,-23.060966147268353
515.0,28.0,-49.069848503416594,-2.82777,2.603578,-4.982514250874125
516.0,2.0,-51.889911982717074,37.921806,-7.220425,-7.049134025048851
516.0,6.0,-56.19601309162316,4.849894,-9.629785,-11.355235133954935
516.0,12.0,-60.5124511885283,5.652976,-14.598919,-15.67167323086008
516.0,13.0,-44.764950770908584,9.747784,-1.353744,0.07582718675963918
516.0,14.0,-44.850266459821654,-10.985247,1.371093,-0.009488502153431
516.0,15.0,-49.56435398023651,64.872997,-5.56378,-4.723576022568288
516.0,17.0,-55.10459309590891,3.231098,-7.85611,-10.263815138240687
516.0,19.0,-63.784448807324,-14.184463,-14.09135,-18.943670849655774
516.0,24.0,-66.88761366835926,-17.452151,-17.906029,-22.04683571069104
516.0,28.0,-49.969761686720716,-8.296959,-2.535573,-5.128983729052493
517.0,2.0,-53.280362716192194,15.421912,-14.717398,-8.754811551362799
517.0,6.0,-56.54159175555972,-32.673673,-15.770597,-12.016040590730327
517.0,12.0,-63.03503789090489,-37.445631,-19.457663,-18.509486726075494
517.0,13.0,-45.657745951394475,9.431442,-6.988718,-1.1321947865650799
517.0,14.0,-44.792338640369785,-17.399547,1.879208,-0.26678747554039006
517.0,15.0,-51.059915408306644,51.738531,-11.661653,-6.534364243477249
517.0,24.0,-68.93218540053789,-33.907879,-25.936721,-24.406634235708495
517.0,28.0,-50.37106784655559,-29.715554,-3.214302,-5.845516681726195
518.0,2.0,-53.114119996986574,-51.583394,-22.756496,-9.12224824318632
518.0,6.0,-56.79539943291981,-42.433136,-33.297991,-12.803527679119554
518.0,12.0,-62.98948262061146,-52.326267,-29.664626,-18.997610866811208
518.0,13.0,-47.05528139440308,6.038533,-1.707037,-3.0634096406028277
518.0,14.0,-43.675509117834736,-17.116773,-8.432951,0.3163626359655183
518.0,15.0,-51.21373302558388,-17.283083,-7.205228,-7.221861271783624
518.0,24.0,-68.97177601529447,-59.585248,-42.826703,-24.979904261494212
518.0,28.0,-49.24101699325992,-2.894197,-17.982154,-5.249145239459665
519.0,2.0,-53.34420616900707,-54.413315,-20.275438,-9.116727528294817
519.0,6.0,-57.03855882166228,-63.581683,-36.46308,-12.811080180950022
519.0,12.0,-62.2524462905464,-49.445774,-39.055449,-18.024967649834146
519.0,13.0,-46.242083836391686,3.466482,5.799985,-2.0146051956794295
519.0,14.0,-44.382754127317924,-45.949309,-8.955604,-0.15527548660566737
519.0,15.0,-51.361796728518456,-10.104611,-3.53273,-7.1343180878062
519.0,24.0,-69.13800638577861,-66.74391,-51.805854,-24.910527745066354
519.0,28.0,-49.377960465886474,38.069321,-21.387635,-5.150481825174218
520.0,2.0,-52.90820288670355,-45.877687,-19.570493,-8.311140043315248
520.0,6.0,-56.452516036693595,-49.385101,-35.777594,-11.855453193305294
520.0,12.0,-61.1692533032824,-23.852035,-38.472226,-16.572190459894102
520.0,14.0,-44.31317683327725,-34.64418,-8.934011,0.2838860101110541
520.0,15.0,-51.01086075348452,-1.601067,-3.02303,-6.413797910096221
520.0,24.0,-68.46253986949819,-53.905621,-50.891107,-23.865477026109886
521.0,2.0,-53.10292574058175,-61.696191,-20.724959,-8.381014922513998
521.0,6.0,-56.684792969429886,-55.361714,-36.768054,-11.96288215136213
521.0,12.0,-61.4313446670164,-62.519288,-39.752691,-16.709433848948642
521.0,13.0,-45.5543881966685,13.09449,5.435447,-0.8324773786007427
521.0,14.0,-44.37025442245599,-36.036346,-8.610965,0.3516563956117622
521.0,15.0,-51.01260352836687,-18.688108,-4.116033,-6.290692710299112
521.0,19.0,-61.441364557328434,-21.152836,-52.983498,-16.71945373926068
521.0,24.0,-68.24230241918714,-72.90043,-52.610969,-23.520391601119385
521.0,28.0,-48.813192043869755,71.823059,-21.183362,-4.091281225802
522.0,2.0,-49.05477185746473,17.248682,-23.135753,-9.557488067241884
522.0,6.0,-52.458060522124924,7.261801,-38.051257,-12.96077673190208
522.0,12.0,-57.80885209456284,-15.608759,-36.021728,-18.311568304339993
522.0,14.0,-39.759869601121345,-3.213124,-10.528662,-0.26258581089849997
522.0,15.0,-45.264856189002074,2.027857,-4.694938,-5.76757239877923
522.0,19.0,-61.540605298413965,-28.148891,-50.998101,-22.04332150819112
522.0,24.0,-63.81002832082684,-27.022177,-50.213839,-24.312744530603993
523.0,2.0,-49.59244423755351,-35.62797,-22.457653,-9.03046845632577
523.0,6.0,-52.791530438847474,-23.086754,-36.373191,-12.229554657619737
523.0,12.0,-57.628850559046356,-47.30289,-27.917197,-17.06687477781862
523.0,14.0,-40.21880346338568,-26.123007,-13.439673,0.34317231784205404
523.0,15.0,-46.00380107100855,-35.551161,-2.297047,-5.441825289780816
523.0,17.0,-53.94987903487974,-22.55346,-32.875046,-13.387903253652006
523.0,19.0,-61.70789381262919,-68.052496,-45.53746,-21.14591803140145
523.0,24.0,-62.44421956496951,-57.005621,-42.23868,-21.88224378374177
523.0,28.0,-45.1065225774992,18.002411,-23.277318,-4.544546796271462
524.0,2.0,-51.75391285623656,-36.166978,-27.52361,-8.887563703922723
524.0,6.0,-55.519904205053734,-24.833199,-36.897585,-12.653555052739897
524.0,12.0,-60.25728358338509,-51.001687,-26.338268,-17.39093443107125
524.0,15.0,-49.216619309135304,-38.746408,-8.72297,-6.350270156821466
524.0,17.0,-55.200260241506356,-13.712218,-26.525477,-12.333911089192519
524.0,19.0,-63.63894297119097,-46.834584,-40.935425,-20.772593818877134
524.0,24.0,-64.41972921784519,-30.550464,-42.062033,-21.55338006553135
524.0,28.0,-48.165185896790646,25.679877,-20.218257,-5.298836744476809
525.0,2.0,-51.63035914833547,-73.559448,-23.869448,-10.019564591683455
525.0,6.0,-55.13811636970675,-34.646658,-34.096236,-13.527321813054733
525.0,12.0,-60.28670333554905,-61.675958,-30.753319,-18.675908778897032
525.0,17.0,-55.422268951241584,-41.196399,-27.484313,-13.811474394589567
525.0,19.0,-63.465403025427406,-76.422043,-42.110918,-21.85460846877539
525.0,24.0,-63.99868175889641,-49.684583,-44.269078,-22.387887202244393
525.0,28.0,-48.51821650737526,-6.994798,-17.768545,-6.90742195072324
526.0,2.0,-51.43909320282092,-59.417197,-28.613453,-9.9738941293
526.0,6.0,-54.95646186301277,-48.73321,-32.882251,-13.491262789491849
526.0,12.0,-60.10224999306739,-68.605247,-36.137531,-18.637050919546468
526.0,14.0,-42.53166056283932,23.82222,-0.033644,-1.0664614893183995
526.0,17.0,-55.664647115498035,-35.200534,-19.566919,-14.199448041977114
526.0,19.0,-63.40361924404863,-69.652447,-38.318531,-21.938420170527706
526.0,24.0,-63.99170569679971,-75.266481,-49.652143,-22.52650662327879
526.0,28.0,-48.20258155523021,-11.417822,-10.025786,-6.7373824817092896
527.0,2.0,-50.75309819801427,-15.386893,-21.988496,-8.687897561048935
527.0,6.0,-54.88510770466707,-8.709014,-24.885761,-12.819907067701735
527.0,12.0,-59.8465392021169,-40.037001,-27.92633,-17.781338565151565
527.0,14.0,-43.36202620827183,33.332013,0.539902,-1.296825571306492
527.0,17.0,-55.671663034978074,-6.910474,-14.416641,-13.606462398012738
527.0,19.0,-62.8536595712857,-16.10605,-28.944275,-20.78845893432036
527.0,24.0,-63.629763532570934,-20.068772,-38.160208,-21.564562895605597
527.0,28.0,-47.8973246211573,34.221415,-7.094699,-5.832123984191966
528.0,2.0,-51.405724012189,-26.875524,-19.584986,-6.690292040225913
528.0,6.0,-56.455419062969696,-0.541857,-26.77965,-11.739987091006611
528.0,12.0,-61.71808270456806,-20.633272,-25.350199,-17.002650732604977
528.0,14.0,-44.132501612691286,-3.601754,-4.996691,0.5829303592717991
528.0,17.0,-57.16263411848608,-0.082103,-20.569232,-12.447202146522997
528.0,19.0,-63.416839685742445,-10.452338,-32.820571,-18.70140771377936
528.0,24.0,-67.3488453399887,-33.639839,-36.001482,-22.633413368025614
528.0,28.0,-49.46131442044846,40.576411,-12.804442,-4.745882448485375
529.0,2.0,-51.53268455254393,-11.566461,-20.45924,-7.387471467399195
529.0,6.0,-56.725706134041516,-28.819693,-27.612713,-12.580493048896784
529.0,12.0,-62.905086022755995,-34.692525,-23.570078,-18.759872937611263
529.0,14.0,-43.72325448136837,42.156932,-6.389875,0.4219586037763605
529.0,17.0,-57.099151312608136,-3.370495,-20.51751,-12.953938227463404
529.0,19.0,-63.88890160942228,-19.802706,-32.455535,-19.743688524277545
529.0,24.0,-68.75912439592322,-40.668231,-34.87851,-24.61391131077849
529.0,28.0,-49.742515401900775,-3.481248,-13.879321,-5.597302316756043
530.0,2.0,-51.48944129067617,-3.515368,-18.916267,-8.499307998118624
530.0,6.0,-57.857889973019574,-40.8668,-28.482941,-14.86775668046203
530.0,12.0,-62.570260684654585,-44.846499,-25.276016,-19.58012739209704
530.0,17.0,-56.37735392356605,-10.525446,-24.312973,-13.387220631008503
530.0,19.0,-64.19975114502775,-38.738263,-35.918782,-21.209617852470203
530.0,24.0,-68.31783728446635,-51.382635,-36.370747,-25.327703991908805
530.0,28.0,-48.97572199125831,-1.092779,-15.857962,-5.9855886987007665
531.0,6.0,-57.90833952618785,-16.234051,-27.912926,-13.691305578755447
531.0,12.0,-61.686702159222946,-23.1489,-24.846508,-17.46966821179054
531.0,13.0,-43.168713987616165,211.319111,-0.000986,1.04831995981624
531.0,17.0,-56.4485392015338,-18.640438,-24.220746,-12.231505254101393
531.0,19.0,-63.088599408509744,-18.277592,-35.487684,-18.87156546107734
531.0,24.0,-66.9526775509723,-19.700473,-35.646761,-22.73564360353989
531.0,28.0,-48.3201591812851,23.402614,-15.751561,-4.103125233852694
532.0,6.0,-58.09203049575578,10.913747,-27.048321,-12.468696856379708
532.0,12.0,-62.23918055543888,13.686732,-24.173555,-16.615846916062807
532.0,15.0,-50.584190702726445,-24.640438,-3.319012,-4.960857063350375
532.0,17.0,-57.18339056342551,5.168585,-24.604486,-11.56005692404944
532.0,19.0,-63.55444774030022,8.829406,-35.17601,-17.931114100924148
532.0,24.0,-67.36056559007689,2.489339,-34.45147,-21.737231950700817
532.0,28.0,-48.768936337302264,41.859408,-15.925316,-3.1456026979261935
533.0,6.0,-58.59620195621579,9.415396,-27.031917,-12.5073805556991
533.0,12.0,-62.365445053569864,9.356659,-24.457017,-16.27662365305317
533.0,13.0,-44.983045697259044,71.362579,1.788965,1.105775703257649
533.0,15.0,-51.96747611773006,-1.003473,-2.999211,-5.878654717213365
533.0,17.0,-57.24264589413242,-1.060913,-25.016872,-11.15382449361573
533.0,19.0,-63.75470919978274,4.330953,-35.544097,-17.665887799266045
533.0,24.0,-68.06484013774553,3.843898,-34.631114,-21.97601873722884
533.0,28.0,-50.016071067433984,8.314057,-16.051121,-3.927249666917291
534.0,6.0,-58.507531634105014,6.033916,-26.892078,-12.628097629873487
534.0,12.0,-62.61041756633537,1.627818,-24.876542,-16.730983562103845
534.0,13.0,-46.66923766825463,2.564584,1.936649,-0.7898036640231041
534.0,14.0,-43.66043753400919,17.455475,-7.681409,2.2189964702223364
534.0,17.0,-57.480361970194735,-5.712418,-25.065786,-11.600927965963209
534.0,19.0,-63.775779364048134,3.069228,-35.672918,-17.896345359816607
534.0,24.0,-67.92104862828997,0.346691,-34.916667,-22.04161462405844
534.0,28.0,-50.014763223367,13.674512,-15.841801,-4.135329219135471
535.0,2.0,-51.329614063232626,83.693471,-16.524819,-5.044613284371771
535.0,6.0,-58.83231837370559,3.991765,-26.854618,-12.547317594844735
535.0,12.0,-62.13918694450923,3.127619,-25.177806,-15.854186165648372
535.0,13.0,-47.461756420060944,10.040975,1.747954,-1.1767556412000886
535.0,14.0,-45.292900189399816,-0.232754,-7.387847,0.9921005894610389
535.0,17.0,-57.46471365605229,-7.126576,-24.893176,-11.179712877191434
535.0,19.0,-64.01640843369626,-5.031393,-35.649996,-17.7314076548354
535.0,24.0,-67.66577158428832,-1.660073,-35.1897,-21.380770805427467
535.0,28.0,-50.42762143036204,0.185917,-15.587783,-4.142620651501183
536.0,6.0,-58.95439616840238,-9.657876,-26.793595,-13.376486326700444
536.0,12.0,-63.4875489220212,-9.172946,-25.483376,-17.90963908031926
536.0,13.0,-46.23990263303712,-2.646272,1.702521,-0.6619927913351802
536.0,14.0,-45.181385069464255,-8.66144,-7.137823,0.396524772237683
536.0,15.0,-50.557552965364664,100.623965,-3.588323,-4.979643123662726
536.0,17.0,-57.3204349250968,-14.917725,-24.825862,-11.74252508339486
536.0,19.0,-64.27747869856279,-10.703403,-35.689905,-18.69956885686085
536.0,24.0,-68.50505084329444,-15.950128,-35.436312,-22.927141001592503
536.0,28.0,-50.31065766607131,-2.797628,-15.387616,-4.732747824369369
537.0,2.0,-51.98358429235272,-20.386484,-16.809318,-7.0540937451211505
537.0,6.0,-58.83143162730172,-34.540535,-26.9996,-13.901941080070152
537.0,12.0,-63.007096438174834,-34.913913,-25.506121,-18.077605890943268
537.0,13.0,-45.643828990753576,90.239104,1.467244,-0.7143384435220099
537.0,14.0,-44.96344494593141,-36.223812,-7.173354,-0.03395439869984074
537.0,15.0,-50.66410458190332,101.030595,-3.774216,-5.7346140346717505
537.0,17.0,-56.839846593906124,-40.816832,-24.775813,-11.910356046674558
537.0,19.0,-64.08403985480287,-38.655924,-35.739465,-19.1545493075713
537.0,24.0,-68.18254610031084,-44.759934,-35.582256,-23.253055553079278
537.0,28.0,-49.928083438416195,-31.77848,-15.429626,-4.998592891184629
538.0,2.0,-52.14933051897309,31.943322,-17.478463,-7.726166042357626
538.0,6.0,-58.8467960586635,-7.653447,-27.553738,-14.423631582048039
538.0,12.0,-62.05365810459312,-8.337547,-25.084269,-17.630493627977657
538.0,13.0,-45.69568773038405,18.001619,0.954382,-1.2725232537685898
538.0,14.0,-45.06740571086605,-2.440314,-7.611405,-0.6442412342505861
538.0,17.0,-55.59267031268749,-8.576227,-24.715275,-11.169505836072027
538.0,19.0,-63.92414833322623,-11.125278,-35.7524,-19.500983856610766
538.0,24.0,-67.8945719814284,-16.189889,-35.533113,-23.471407504812937
538.0,28.0,-49.94193826080552,-16.282527,-15.79983,-5.51877378419006
539.0,2.0,-52.766240983947036,27.380189,-18.840855,-8.480445901427125
539.0,6.0,-59.002618157740756,-28.690562,-28.030866,-14.716823075220844
539.0,12.0,-62.52656804492051,-17.91238,-24.096304,-18.240772962400598
539.0,14.0,-44.89108665836129,-21.862646,-7.768758,-0.6052915758413775
539.0,17.0,-55.589436242401035,1.326864,-23.496803,-11.303641159881124
539.0,19.0,-64.0829267624111,-33.576952,-34.762362,-19.797131679891194
539.0,24.0,-67.95991661261068,-33.654904,-35.102192,-23.674121530090773
539.0,28.0,-50.34921745714615,-21.822566,-15.66475,-6.063422374626242
540.0,2.0,-53.00581433176021,-19.108976,-17.474462,-7.647866758065405
540.0,6.0,-58.84603045408897,-50.696987,-29.376499,-13.48808288039416
540.0,12.0,-62.43826899247348,-51.958153,-25.953327,-17.080321418778674
540.0,13.0,-45.454478723909716,-32.533363,2.876325,-0.09653115021490777
540.0,14.0,-45.527149862741176,-15.253937,-9.39042,-0.16920228904636758
540.0,15.0,-51.62344682476128,-0.804696,-2.094024,-6.265499251066473
540.0,17.0,-55.68106304214393,-52.013138,-27.852968,-10.323115468449124
540.0,19.0,-63.86502760150354,-54.383521,-38.829537,-18.507080027808733
540.0,24.0,-67.5075577062433,-49.433778,-36.916927,-22.149610132548496
540.0,28.0,-50.093960076414184,-25.427028,-18.115504,-4.736012502719376
541.0,2.0,-50.01738029034274,-50.205222,-19.048394,-7.543288205508098
541.0,6.0,-56.409397795067235,-69.027934,-27.785084,-13.93530571023259
541.0,12.0,-59.70182361531406,-61.282436,-27.017772,-17.227731530479417
541.0,13.0,-42.873935905855056,29.057796,-1.242667,-0.3998438210204114
541.0,14.0,-43.142265769041785,-28.286024,-5.674864,-0.6681736842071402
541.0,15.0,-48.25407306833104,-13.428458,-6.834053,-5.779980983496394
541.0,17.0,-54.354154435800524,-44.126129,-23.158449,-11.88006235096588
541.0,19.0,-62.027698537451236,-77.686192,-35.489481,-19.55360645261659
541.0,24.0,-64.79439700532673,-73.971529,-37.65983,-22.320304920492084
541.0,28.0,-48.08343110234583,-34.586306,-14.089986,-5.609339017511182
542.0,2.0,-52.92026008081199,-22.963882,-22.267322,-8.041869069397833
542.0,6.0,-57.50804823191851,-51.376311,-26.818407,-12.629657220504349
542.0,12.0,-62.8835188300147,-41.34604,-22.837888,-18.005127818600542
542.0,13.0,-45.76115300499217,27.196639,-7.54072,-0.8827619935780078
542.0,14.0,-43.446353770858515,0.506127,-4.480953,1.432037240555644
542.0,15.0,-50.7155057384451,7.136555,-11.176284,-5.837114727030944
542.0,17.0,-56.08102316548218,-47.637515,-16.575732,-11.20263215406802
542.0,19.0,-63.81887760103747,-46.927268,-29.243374,-18.940486589623312
542.0,24.0,-67.18115621551513,-53.205309,-34.295866,-22.30276520410097
542.0,28.0,-49.81115159961857,-26.773986,-11.416465,-4.93276058820441
543.0,2.0,-52.61834778132025,-17.688718,-19.205713,-7.7213256914955295
543.0,6.0,-58.5291936722236,-28.980869,-27.260994,-13.632171582398875
543.0,12.0,-62.83835263948936,-30.552492,-27.083543,-17.941330549664634
543.0,13.0,-45.84350143820144,3.941637,-2.0129,-0.9464793483767195
543.0,15.0,-50.997430017156795,14.639138,-7.712346,-6.100407927332071
543.0,17.0,-57.25160276097321,-42.702056,-22.072489,-12.35458067114849
543.0,19.0,-63.688796873641145,-47.824935,-34.589764,-18.79177478381642
543.0,24.0,-68.3959665544405,-43.206084,-37.564943,-23.498944464615782
543.0,28.0,-49.39267261550369,-2.189376,-13.170714,-4.495650525678968
544.0,2.0,-51.7249677554237,-14.950769,-14.299183,-8.386572428691466
544.0,6.0,-58.10324423370835,-49.095384,-29.260865,-14.76484890697612
544.0,12.0,-61.88014025613214,-42.843648,-35.678381,-18.541744929399904
544.0,13.0,-45.04691538587929,31.282946,8.227912,-1.7085200591470553
544.0,14.0,-42.62432260963867,25.189963,-6.087162,0.7140727170935648
544.0,15.0,-50.17061837611546,-28.872594,-1.349301,-6.832223049383231
544.0,17.0,-54.690962528255106,-27.944253,-33.246932,-11.352567201522874
544.0,19.0,-62.918754558845286,-56.285807,-45.857697,-19.580359232113054
544.0,24.0,-66.8417060715793,-47.022149,-44.834843,-23.503310744847063
544.0,28.0,-48.11315205441012,7.660122,-17.201739,-4.7747567276778895
545.0,2.0,-52.26533770241642,-32.542369,-6.748909,-7.633410942003863
545.0,6.0,-58.35835826472599,-64.719464,-20.904839,-13.726431504313439
545.0,12.0,-62.44089424557275,-69.410492,-32.018212,-17.808967485160196
545.0,13.0,-46.056899313701535,57.443567,11.682029,-1.4249725532889812
545.0,14.0,-43.54174510655298,-7.437753,-3.195407,1.0901816538595739
545.0,15.0,-50.28173439869918,-10.729498,1.650598,-5.6498076382866245
545.0,17.0,-56.48941217699124,-70.667624,-29.354154,-11.857485416578683
545.0,19.0,-63.87585053267304,-70.377765,-38.831894,-19.243923772260487
545.0,24.0,-67.12536075860163,-68.292034,-37.090945,-22.493433998189076
545.0,28.0,-49.43819909607327,-24.832754,-12.936351,-4.806272335660715
546.0,2.0,-51.436459806219744,-43.736222,-17.543434,-6.715690453086445
546.0,6.0,-58.232574966618124,-43.772455,-28.342148,-13.511805613484825
546.0,12.0,-62.328134416022294,-50.952978,-30.415898,-17.607365062888995
546.0,13.0,-45.82938319935515,60.838329,1.910675,-1.10861384622185
546.0,17.0,-56.664518128898976,-50.997228,-26.572851,-11.943748775765677
546.0,19.0,-63.77109446842471,-48.487726,-39.177981,-19.050325115291407
546.0,24.0,-67.33003959911902,-51.083221,-40.52415,-22.60927024598572
546.0,28.0,-48.35010853130689,-56.491843,-14.958684,-3.6293391781735878
547.0,2.0,-51.98053283859664,-9.983175,-20.062996,-7.3798680066199225
547.0,6.0,-58.32588592687837,-13.499167,-28.416604,-13.725221094901656
547.0,12.0,-61.95836550925799,-17.295837,-27.574042,-17.357700677281272
547.0,13.0,-45.33473994670921,58.568484,-2.152178,-0.734075114732498
547.0,15.0,-51.28639302744356,-10.72333,-7.797761,-6.685728195466844
547.0,17.0,-55.190622038727156,-26.809525,-22.856344,-10.58995720675044
547.0,19.0,-63.835839719311835,-20.008853,-35.709462,-19.23517488733512
547.0,24.0,-67.4067153072283,-22.413638,-38.56085,-22.80605047525158
548.0,2.0,-52.96761432441636,6.818075,-20.922666,-8.382893288153454
548.0,6.0,-58.75234175558861,-2.794728,-32.977088,-14.167620719325704
548.0,12.0,-62.67207557643178,-3.685077,-36.196284,-18.087354540168874
548.0,13.0,-45.71557836033059,17.858808,1.452994,-1.1308573240676836
548.0,15.0,-51.92672481084418,-8.87786,-7.15961,-7.342003774581272
548.0,19.0,-63.869759640851136,-9.457826,-45.459376,-19.28503860458823
548.0,24.0,-68.20737419059145,-9.87333,-47.96737,-23.622653154328546
548.0,28.0,-48.67678840078941,14.838284,-16.67155,-4.092067364526507
549.0,2.0,-52.39666948513816,-7.875906,-22.401661,-7.465568004303407
549.0,6.0,-58.77177849978199,-13.959872,-34.352662,-13.840677018947233
549.0,12.0,-62.90246881523434,-14.677112,-37.387655,-17.971367334399588
549.0,13.0,-46.02078398853517,-6.626648,0.539626,-1.0896825077004166
549.0,15.0,-51.84040742417086,-6.455661,-8.240913,-6.909305943336108
549.0,19.0,-64.13634847111777,-13.844224,-46.651126,-19.205246990283015
549.0,24.0,-68.13169834900219,-19.026784,-49.810119,-23.200596868167437
550.0,2.0,-52.582389161100124,-42.760257,-25.539533,-8.930885103742604
550.0,6.0,-58.97079201269683,-52.896861,-37.620435,-15.319287955339313
550.0,12.0,-62.469225641622984,-55.512125,-40.230664,-18.817721584265463
550.0,14.0,-43.618118370137594,97.602966,-5.788774,0.0333856872199263
550.0,19.0,-64.30676140654536,-58.124787,-49.840824,-20.655257349187842
550.0,24.0,-67.37788897745514,-61.32431,-54.126194,-23.726384920097622
550.0,28.0,-48.8096846209652,-31.090811,-17.956453,-5.158180563607679
551.0,2.0,-52.73401143239779,-16.094849,-32.781329,-9.99445115882169
551.0,6.0,-58.88190661755033,-21.365973,-44.708142,-16.142346343974225
551.0,12.0,-62.58216995628571,-21.440995,-47.189783,-19.842609682709607
551.0,19.0,-64.11876784567212,-23.139485,-56.712027,-21.37920757209602
551.0,24.0,-68.08378452328559,-29.887166,-64.297591,-25.344224249709484
552.0,2.0,-52.97376126058734,5.323325,-36.973643,-8.26557531522728
552.0,6.0,-58.69310746049115,-6.691642,-48.86984,-13.984921515131091
552.0,12.0,-62.77267396390715,-13.623675,-52.296059,-18.064488018547095
552.0,13.0,-45.87217107808894,-1.669364,-7.42423,-1.1639851327288824
552.0,19.0,-64.13666866786251,-15.359217,-61.2468,-19.42848272250245
552.0,24.0,-67.47517145655266,-15.514068,-71.161995,-22.7669855111926
553.0,2.0,-52.558450198637075,8.676639,-37.988437,-6.865191794017406
553.0,6.0,-57.988150787967,0.194135,-50.84643,-12.294892383347332
553.0,12.0,-62.46396979897678,-5.422475,-53.484081,-16.770711394357107
553.0,13.0,-45.910363459523204,-3.33791,-6.966367,-0.21710505490353427
553.0,17.0,-57.678455953173845,-11.552384,-38.486411,-11.985197548554176
553.0,19.0,-64.26583536672717,-11.456336,-63.750785,-18.572576962107505
553.0,24.0,-67.57092772503063,-5.610156,-73.099901,-21.87766932041096
553.0,28.0,-48.855054922671115,57.054363,-21.599028,-3.161796518051446
554.0,2.0,-52.55791067747043,7.783137,-40.071066,-7.901862392998851
554.0,6.0,-56.92289076189473,-22.50689,-52.655023,-12.266842477423147
554.0,12.0,-62.425941095713924,-25.852808,-52.311153,-17.769892811242343
554.0,17.0,-57.65000009710879,-36.609911,-38.461719,-12.993951812637206
554.0,19.0,-64.34580886806954,-35.714992,-63.983704,-19.68976058359796
554.0,24.0,-68.01721062124228,-42.092469,-73.114431,-23.361162336770704
554.0,28.0,-49.2194653534902,30.122485,-22.834309,-4.5634170690186195
555.0,2.0,-51.9812346167604,-60.555598,-42.523678,-8.810230841273196
555.0,6.0,-57.43579970828731,-86.623949,-55.179342,-14.264795932800105
555.0,12.0,-61.083451500821845,-86.579021,-54.262344,-17.912447725334637
555.0,13.0,-45.51694954285832,-10.380389,-9.744228,-2.345945767371113
555.0,17.0,-54.909322581852834,-35.009045,-39.497104,-11.738318806365626
555.0,19.0,-63.73926043229203,-82.589517,-66.308675,-20.56825665680482
555.0,24.0,-67.05680095061545,-89.534411,-76.233491,-23.885797175128246
555.0,28.0,-48.31441261546781,22.652437,-23.668184,-5.1434088399806015
556.0,2.0,-51.17286780156384,-29.932583,-43.011254,-7.710392154247714
556.0,6.0,-56.96274362906156,-66.659821,-55.6193,-13.500267981745438
556.0,12.0,-60.423842084725734,-49.095754,-53.260289,-16.96136643740961
556.0,13.0,-45.25263488575132,-59.972495,-10.093585,-1.7901592384351943
556.0,17.0,-54.26427448197258,-32.812106,-39.426191,-10.801798834656452
556.0,19.0,-63.25537372500624,-65.237173,-66.061712,-19.79289807769011
556.0,24.0,-66.21488281228073,-74.188597,-75.588685,-22.75240716496461
556.0,28.0,-48.34720676247126,37.695508,-24.237783,-4.884731115155134
557.0,2.0,-50.4324170009694,-51.019651,-44.078321,-8.515522398879533
557.0,6.0,-56.15586438595675,-52.015432,-56.493498,-14.238969783866878
557.0,12.0,-59.556745749216695,-54.363969,-53.808116,-17.639851147126826
557.0,13.0,-44.15014350955556,-36.585094,-10.873349,-2.2332489074656934
557.0,14.0,-41.49039686072511,78.968922,-8.235879,0.4264977413647557
557.0,17.0,-53.02345935818313,15.506336,-39.464787,-11.106564756093263
557.0,19.0,-62.4293852099157,-53.999273,-66.604796,-20.512490607825832
557.0,24.0,-65.19399198213847,-57.674115,-76.598218,-23.277097380048602
557.0,28.0,-46.54310988297349,68.084274,-24.383236,-4.6262152808836206
558.0,2.0,-52.2458391208546,-30.017589,-45.240176,-6.968108927486284
558.0,6.0,-57.856056128574494,-41.173514,-57.730784,-12.57832593520618
558.0,12.0,-62.60273837505097,-34.14594,-54.064931,-17.325008181682655
558.0,13.0,-45.9984881216021,-12.326849,-11.442019,-0.7207579282337875
558.0,17.0,-54.676219000404764,4.094933,-39.939975,-9.39848880703645
558.0,19.0,-64.01925831420186,-35.224752,-67.469474,-18.74152812083355
558.0,24.0,-66.81630485233718,-46.83954,-77.491133,-21.53857465896887
559.0,2.0,-50.87425017167689,-18.067847,-45.703497,-6.659555894113822
559.0,6.0,-57.05535027566407,-28.446989,-58.017509,-12.840655998101
559.0,12.0,-61.365632147173734,-31.911156,-54.51583,-17.150937869610665
559.0,13.0,-43.704744143349444,-30.610046,-11.857636,0.509950134213625
559.0,19.0,-63.33142388577036,-37.420318,-67.656953,-19.116729608207294
559.0,24.0,-65.50350988675541,-48.639167,-78.083765,-21.28881560919234
560.0,2.0,-52.971809910664696,-7.361988,-45.861443,-7.487452387099488
560.0,6.0,-58.53155706332078,-19.702331,-58.041838,-13.047199539755574
560.0,12.0,-63.72945671788852,-22.449364,-54.758915,-18.24509919432331
560.0,13.0,-46.36741635205284,-25.128867,-12.059332,-0.8830588284876342
560.0,17.0,-55.312747993804805,-45.439105,-39.672436,-9.828390470239597
560.0,19.0,-64.6140918697598,-28.577787,-67.646245,-19.129734346194596
560.0,24.0,-67.9845222960245,-38.261906,-78.335741,-22.500164772459286
561.0,2.0,-52.02504739230862,10.830861,-45.906492,-8.98306395946102
561.0,6.0,-57.67445618047289,-16.713315,-58.043488,-14.632472747625286
561.0,12.0,-62.98449114582619,-17.155552,-54.738377,-19.94250771297859
561.0,13.0,-45.176443155257665,-24.667152,-12.112251,-2.134459722410064
561.0,17.0,-54.38927634416176,-46.32695,-39.605502,-11.347292911314156
561.0,19.0,-64.28134259141275,-28.429144,-67.59014,-21.23935915856515
561.0,24.0,-68.20789792598639,-36.921236,-78.320298,-25.165914493138786
562.0,2.0,-51.72263198401566,-18.027102,-45.91456,-7.896295080599231
562.0,6.0,-57.671304344156326,-34.435499,-58.034094,-13.844967440739893
562.0,12.0,-62.010530885739755,-27.969984,-54.70814,-18.184193982323322
562.0,13.0,-45.29675464239581,-28.866754,-12.117408,-1.4704177389793784
562.0,17.0,-55.018485913457184,-45.330617,-39.570192,-11.192149010040751
562.0,19.0,-63.62322689136178,-48.070604,-67.547507,-19.79688998794535
562.0,24.0,-66.46984146978782,-50.307728,-78.28428,-22.64350456637139
563.0,2.0,-52.32858215252311,-20.416587,-45.862517,-9.422976634888514
563.0,6.0,-58.23025831220794,-24.849514,-57.972222,-15.324652794573339
563.0,12.0,-62.86093918463205,-26.05991,-54.674305,-19.955333666997454
563.0,13.0,-45.34347415021638,-54.129063,-12.080043,-2.4378686325817824
563.0,17.0,-55.149609219998666,-52.902416,-39.53039,-12.244003702364068
563.0,19.0,-64.15833027862963,-34.336258,-67.481058,-21.252724760995036
563.0,24.0,-68.02568177832127,-44.780495,-78.214122,-25.120076260686673
563.0,28.0,-47.921975017609505,50.658668,-24.649776,-5.016369499974907
564.0,2.0,-51.62850207514634,-19.329321,-45.795968,-9.968818727793916
564.0,6.0,-57.57550800438128,-38.824949,-57.886066,-15.91582465702885
564.0,12.0,-61.57739545322111,-40.114131,-54.62642,-19.91771210586868
564.0,17.0,-54.051746977741644,-62.928599,-39.468604,-12.392063630389217
564.0,19.0,-63.51758502243084,-47.709691,-67.385911,-21.857901675078416
564.0,24.0,-66.89526296865422,-57.109554,-78.120145,-25.235579621301795
565.0,2.0,-48.98980327065628,-36.1245,-45.716214,-9.267921311446429
565.0,6.0,-55.75773191877677,-62.599113,-57.785721,-16.035849959566917
565.0,12.0,-59.266418019543075,-64.174949,-54.578015,-19.544536060333222
565.0,13.0,-41.735409807692264,-99.165072,-12.003206,-2.0135278484824113
565.0,14.0,-41.35606434416883,136.615856,-8.198486,-1.6341823849589758
565.0,17.0,-52.82559706025905,-98.860226,-39.401454,-13.103715101049197
565.0,19.0,-62.11667889142616,-63.347713,-67.281734,-22.39479693221631
565.0,24.0,-64.63110443333686,-78.644825,-78.018035,-24.909222474127006
565.0,28.0,-45.6025493247662,60.715371,-24.531994,-5.880667365556349
566.0,2.0,-48.72684207047586,-30.744219,-45.629653,-10.02190950693003
566.0,6.0,-55.38013907233972,-40.604547,-57.681323,-16.67520650879389
566.0,12.0,-59.02605052492761,-42.933953,-54.540119,-20.32111796138178
566.0,17.0,-52.751527934522514,-29.25662,-39.33826,-14.046595370976682
566.0,19.0,-62.065411246180275,-35.858306,-67.182459,-23.360478682634444
566.0,24.0,-64.43251033683237,-54.708711,-77.922404,-25.727577773286534
566.0,28.0,-45.45941166488483,53.242942,-24.464832,-6.754479101339001
567.0,2.0,-50.864881936859184,-42.182202,-45.535599,-9.957891047468273
567.0,6.0,-57.00351369597395,-34.247278,-57.570528,-16.09652280658304
567.0,12.0,-60.82417230533024,-33.072539,-54.507733,-19.917181415939325
567.0,17.0,-53.712004282247776,-50.756936,-39.27547,-12.805013392856864
567.0,19.0,-63.10743848290171,-29.664102,-67.083056,-22.200447593510802
567.0,24.0,-66.16390978039863,-39.517705,-77.827867,-25.256918891007714
567.0,28.0,-47.418356530228394,74.864622,-24.392875,-6.511365640837482
568.0,2.0,-50.93492493646646,-63.013936,-45.432922,-9.780321412848885
568.0,6.0,-57.08300253806159,-58.308395,-57.472353,-15.928399014444018
568.0,12.0,-60.83594984650102,-64.899453,-54.518299,-19.68134632288345
568.0,13.0,-43.753968071194585,239.259713,-11.817068,-2.599364547577011
568.0,17.0,-53.678389702761734,-42.297803,-39.250753,-12.52378617914416
568.0,19.0,-63.22624213313017,-46.058106,-67.029082,-22.071638609512597
568.0,24.0,-66.13582162237125,-61.045387,-77.773735,-24.98121809875368
568.0,28.0,-47.613204386234216,62.270519,-24.330975,-6.458600862616642
569.0,2.0,-44.04396637286956,-47.806843,-45.287057,-7.9561922682185795
569.0,6.0,-51.708504317036315,-50.308529,-57.343251,-15.620730212385332
569.0,12.0,-57.280066868235664,-50.156576,-54.596176,-21.192292763584682
569.0,13.0,-35.8191196252012,-58.004134,-11.694065,0.26865447944977916
569.0,17.0,-51.17969391902224,-30.742005,-39.242478,-15.09191981437126
569.0,19.0,-60.10072511864618,-43.204733,-66.998637,-24.0129510139952
569.0,24.0,-61.965213940075216,-46.604354,-77.759396,-25.877439835424234
569.0,28.0,-42.73279249280742,63.565728,-24.237186,-6.645018388156437
570.0,6.0,-57.87422033413316,-23.660947,-57.097546,-13.878975184375022
570.0,12.0,-62.13840592066218,-40.982693,-54.736024,-18.14316077090404
570.0,13.0,-45.96228058108205,-19.090697,-11.52917,-1.9670354313239073
570.0,17.0,-55.21263125800101,-2.257607,-39.185228,-11.21738610824287
570.0,19.0,-64.16212148243193,-20.190023,-66.914378,-20.166876332673787
570.0,24.0,-67.63235089407722,-19.519763,-77.739043,-23.63710574431908
570.0,28.0,-49.425498260891715,92.262199,-24.038009,-5.430253111133574
571.0,2.0,-52.76165559972663,-34.415925,-44.727669,-7.9393187844619675
571.0,6.0,-58.52559272010326,-55.032151,-56.788227,-13.7032559048386
571.0,12.0,-63.41999020528502,-53.67069,-54.88871,-18.597653390020355
571.0,13.0,-46.06540330751638,-32.356342,-11.318315,-1.2430664922517138
571.0,14.0,-43.713688041185534,84.511544,-7.471332,1.1086487740791284
571.0,17.0,-55.571957182014565,-14.602215,-39.119245,-10.749620366749902
571.0,19.0,-64.40728948757344,-51.516634,-66.805242,-19.584952672308773
571.0,24.0,-67.83207653671256,-57.616102,-77.693336,-23.0097397214479
571.0,28.0,-49.67148228966681,37.534993,-23.801467,-4.84914547440215
572.0,2.0,-52.371112170626354,-69.573529,-43.350103,-8.196545787274495
572.0,6.0,-57.736292436890345,-86.045729,-55.690515,-13.561726053538486
572.0,12.0,-62.62679384472385,-96.56645,-54.345911,-18.45222746137199
572.0,14.0,-43.72439314104656,8.247001,-7.398743,0.4501732423052971
572.0,17.0,-54.77164591712274,-59.838868,-39.12952,-10.59707953377088
572.0,19.0,-63.987766852082316,-91.887171,-66.204895,-19.813200468730457
572.0,24.0,-66.66981636831076,-92.772424,-76.526938,-22.495249984958903
572.0,28.0,-49.47043779668617,25.271804,-23.587097,-5.295871413334311
573.0,2.0,-49.75281606333084,-75.941915,-45.264332,-8.691740670443359
573.0,6.0,-55.68131741013164,-98.976315,-57.916347,-14.62024201724416
573.0,12.0,-59.93317706906538,-97.859432,-53.011957,-18.8721016761779
573.0,13.0,-41.90608308792428,-1.274363,-11.053261,-0.8450076950367986
573.0,14.0,-41.87514624117142,56.699459,-9.535591,-0.81407084828394
573.0,17.0,-53.63052536335531,-61.401014,-40.015658,-12.56944997046783
573.0,19.0,-62.60293112543681,-97.46626,-67.141006,-21.54185573254933
573.0,24.0,-64.42921850579421,-108.367389,-76.503263,-23.36814311290673
573.0,28.0,-46.8849038189815,21.90619,-25.6326,-5.823828426094018
574.0,2.0,-51.816223604667,-41.28169,-49.461272,-9.34544079619554
574.0,6.0,-56.79417202496492,-47.696626,-58.167037,-14.32338921649346
574.0,12.0,-61.067008516410326,-50.129186,-58.89964,-18.596225707938864
574.0,17.0,-54.044962190408214,37.06353,-35.335783,-11.574179381936752
574.0,19.0,-63.179073103277695,-43.404709,-66.218921,-20.708290294806233
574.0,24.0,-65.58472264590557,-50.938518,-82.772953,-23.11393983743411
574.0,28.0,-47.947511560492984,44.472501,-20.297035,-5.476728752021522
575.0,2.0,-51.573361362341615,-132.105654,-49.875742,-8.311253260046897
575.0,6.0,-57.34408266187886,-123.29331,-58.175624,-14.08197455958414
575.0,12.0,-61.056182535642,-130.35992,-59.424546,-17.794074433347284
575.0,13.0,-43.85554140733191,28.70345,-17.922102,-0.5934333050371947
575.0,19.0,-63.470748264361276,-126.123652,-66.071632,-20.20864016206656
575.0,24.0,-66.05182829981969,-126.53449,-83.330592,-22.78972019752497
575.0,28.0,-49.47490199714285,-19.213201,-19.763402,-6.212793894848133
576.0,2.0,-50.85548082485745,-121.777249,-46.148569,-8.226938799675949
576.0,6.0,-56.24988007608552,-127.946873,-55.599663,-13.621338050904015
576.0,12.0,-60.08938092788472,-131.11409,-57.469054,-17.460838902703216
576.0,19.0,-63.06670562502275,-128.980968,-64.830599,-20.438163599841246
576.0,24.0,-65.2794355438194,-133.977821,-79.884574,-22.6508935186379
576.0,28.0,-49.08583704100034,-28.873054,-19.932109,-6.457295015818836
577.0,2.0,-53.019634725450196,-115.226311,-48.566553,-6.417640579500642
577.0,6.0,-58.32088717902255,-116.861399,-68.400507,-11.718893033072995
577.0,12.0,-62.67812959618728,-120.336665,-63.355421,-16.07613545023773
577.0,17.0,-57.09158213539469,-57.956332,-54.084423,-10.489587989445134
577.0,19.0,-63.846093578972656,-119.277718,-84.084029,-17.244099433023102
577.0,24.0,-68.41496304418028,-120.257919,-89.849003,-21.81296889823073
577.0,28.0,-51.14681158443651,-34.147346,-34.141454,-4.544817438486959
578.0,2.0,-53.31151457395377,-80.0239,-39.697631,-9.058447008689065
578.0,6.0,-57.12592777429564,-76.335966,-71.942419,-12.872860209030932
578.0,12.0,-62.724954505236425,-87.102772,-75.823212,-18.471886939971718
578.0,13.0,-44.57898421935793,171.811595,13.37618,-0.3259166540932199
578.0,14.0,-43.49636927769986,7.262692,-18.022932,0.7566982875648449
578.0,17.0,-56.796829533246566,-36.522963,-73.704032,-12.543761967981858
578.0,19.0,-64.05257803407875,-82.607317,-102.914083,-19.79951046881404
578.0,24.0,-68.19791733782242,-87.017803,-100.015704,-23.94484977255771
578.0,28.0,-49.614692016506645,-75.475906,-42.263273,-5.361624451241937
579.0,2.0,-52.71321421863722,-40.61161,-40.767601,-9.719222384261194
579.0,6.0,-56.58636331803562,-39.705022,-87.857917,-13.592371483659598
579.0,12.0,-62.93869528519862,-37.058721,-84.728082,-19.944703450822594
579.0,14.0,-42.29760603547735,44.346248,-31.956159,0.6963857988986746
579.0,17.0,-56.53732234972695,-36.408281,-99.711056,-13.543330515350924
579.0,19.0,-63.40404705353893,-43.01944,-129.321078,-20.410055219162906
579.0,24.0,-68.41477383091654,-48.537583,-113.345415,-25.42078199654052
579.0,28.0,-47.919640042143904,-9.049881,-60.993113,-4.925648207767878
580.0,2.0,-52.07481245037758,-53.999081,-40.080358,-7.849413850744369
580.0,6.0,-56.8692076263153,-83.127583,-90.368025,-12.643809026682092
580.0,12.0,-63.61481370884328,-92.468743,-87.978821,-19.38941510921007
580.0,13.0,-44.92380009466507,110.144734,32.325101,-0.6984014950318596
580.0,14.0,-42.41585036778271,-2.180436,-33.712803,1.8095482318504992
580.0,15.0,-50.252851859051006,74.274737,12.346286,-6.027453259417797
580.0,17.0,-57.27689944160454,-98.774804,-105.20693,-13.051500841971333
580.0,19.0,-63.39845883718833,-87.712222,-135.067383,-19.17306023755512
580.0,24.0,-68.67863560816075,-92.988674,-116.866352,-24.453237008527537
580.0,28.0,-48.37008407249701,-29.839953,-63.995066,-4.144685472863799
581.0,2.0,-51.37353932056054,-107.595234,-39.441965,-7.122994319636511
581.0,6.0,-57.19500366598099,-97.452778,-92.722963,-12.944458665056963
581.0,12.0,-61.4508065005008,-104.869516,-90.701161,-17.200261499576776
581.0,13.0,-44.938157825187304,97.587735,35.924209,-0.687612824263276
581.0,17.0,-56.48651333216896,-110.50136,-110.313569,-12.235968331244933
581.0,19.0,-62.66473960281944,-104.790552,-140.3076,-18.41419460189541
581.0,24.0,-66.68497884971079,-106.554582,-119.875979,-22.43443384878676
581.0,28.0,-48.4697987896838,-53.190254,-66.921651,-4.219253788759772
582.0,2.0,-52.9028876269723,-36.916377,-38.898484,-10.359532418231247
582.0,6.0,-57.46999606921506,-46.200309,-92.962497,-14.926640860474002
582.0,12.0,-63.214363717254656,-59.606585,-91.11022,-20.6710085085136
582.0,14.0,-42.87787957934188,113.285409,-35.97964,-0.33452437060082474
582.0,15.0,-49.6351974517233,35.797073,16.090444,-7.091842242982246
582.0,17.0,-56.30847421790035,-54.25939,-111.499905,-13.765119009159292
582.0,19.0,-63.5414696866999,-56.400461,-141.324855,-20.998114477958843
582.0,24.0,-69.06719082322218,-62.109548,-120.163651,-26.523835614481122
582.0,28.0,-48.88694010324839,-22.332693,-67.563812,-6.343584894507337
583.0,2.0,-52.52977598691342,-93.100724,-39.165526,-9.175054730931663
583.0,6.0,-57.56261739059888,-112.39405,-93.128414,-14.207896134617123
583.0,12.0,-62.49040744479181,-116.599875,-90.283364,-19.135686188810055
583.0,13.0,-45.74269503480982,109.647396,36.833876,-2.387973778828062
583.0,17.0,-55.754420742716796,-104.591866,-111.297239,-12.399699486735038
583.0,19.0,-63.72037294113754,-112.830516,-140.948412,-20.365651685155783
583.0,24.0,-68.6513875551761,-122.352616,-119.518851,-25.296666299194342
583.0,28.0,-48.46993989862622,-61.226467,-67.858749,-5.115218642644464
584.0,2.0,-52.11118767967153,-133.044443,-39.717225,-8.768919464305583
584.0,6.0,-57.2930949302807,-149.946027,-93.73284,-13.950826714914754
584.0,12.0,-62.296209345120246,-142.182775,-89.876362,-18.9539411297543
584.0,14.0,-42.507171103624,-14.395431,-37.019064,0.8350971117419448
584.0,15.0,-50.341922511347775,61.727585,16.337164,-6.999654295981827
584.0,17.0,-55.99226752941869,-139.993836,-111.479754,-12.649999314052742
584.0,19.0,-63.15661773151619,-149.644802,-141.141319,-19.814349516150244
584.0,24.0,-68.63758332337616,-162.004577,-119.45573,-25.295315108010215
584.0,28.0,-48.39045198406713,-111.021336,-68.390322,-5.048183768701179
585.0,2.0,-52.1711324009772,-202.947301,-39.757319,-8.224451062836465
585.0,6.0,-57.23194183380947,-169.355733,-93.807554,-13.285260495668737
585.0,12.0,-62.49543590506359,-161.301571,-89.904583,-18.548754566922852
585.0,13.0,-45.33327338718282,28.649316,36.630592,-1.3865920490420862
585.0,14.0,-42.713530839945875,-61.582599,-37.053576,1.2331504981948598
585.0,15.0,-50.66719588664378,55.432123,16.387962,-6.720514548503047
585.0,17.0,-56.097331832471326,-163.815508,-111.541113,-12.150650494330591
585.0,19.0,-62.96392424193658,-175.867018,-141.21224,-19.017242903795847
585.0,24.0,-68.6959027440449,-186.997968,-119.487461,-24.749221405904166
585.0,28.0,-48.378340181772074,-133.905386,-68.43802,-4.4316588436313396
586.0,2.0,-51.93412978622206,-174.203518,-39.752332,-7.703524695986495
586.0,6.0,-57.1866631802594,-180.974737,-93.809723,-12.956058090023838
586.0,12.0,-62.31458491234401,-175.537738,-89.960213,-18.083979822108446
586.0,13.0,-45.89322139431449,40.430853,36.674336,-1.6626163040789237
586.0,14.0,-42.32513081540668,-68.492779,-37.014882,1.905474274828883
586.0,15.0,-50.63815413791444,30.635495,16.408764,-6.407549047678877
586.0,17.0,-55.894583823227734,-157.866136,-111.547527,-11.66397873299217
586.0,19.0,-63.301233698620464,-186.434588,-141.229417,-19.0706286083849
586.0,24.0,-68.61173623116844,-185.602552,-119.509423,-24.381131140932872
586.0,28.0,-47.95904903530021,-136.034695,-68.40986,-3.7284439450646474
587.0,6.0,-57.095282440575055,-197.609969,-93.818275,-13.007318231517488
587.0,12.0,-62.33919573633805,-184.20134,-90.035043,-18.25123152728048
587.0,13.0,-45.7327480749326,30.479225,36.736523,-1.6447838658750342
587.0,14.0,-42.22437973022838,-71.359635,-36.978125,1.863584478829189
587.0,15.0,-50.75070344317034,44.344278,16.440049,-6.66273923411277
587.0,17.0,-55.79297529110977,-155.632365,-111.576283,-11.705011082052202
587.0,19.0,-63.19831833421571,-188.185829,-141.270694,-19.110354125158146
587.0,24.0,-68.58204891194654,-187.136745,-119.548847,-24.494084702888976
587.0,28.0,-47.959550417273135,-153.287753,-68.389711,-3.871586208215568
588.0,2.0,-51.02644991863198,-262.768333,-39.71387,-6.978194208809697
588.0,6.0,-57.208745800729204,-184.653288,-93.863289,-13.160490090906919
588.0,12.0,-62.507884211425846,-184.469894,-90.10124,-18.45962850160356
588.0,13.0,-45.85109503762893,32.902275,36.85986,-1.8028393278066446
588.0,15.0,-50.696234678816886,72.797802,16.541669,-6.6479789689946
588.0,17.0,-55.718647455353874,-147.993854,-111.684915,-11.670391745531589
588.0,19.0,-62.95928488154163,-202.577845,-141.375602,-18.911029171719342
588.0,24.0,-68.44349836998884,-172.564658,-119.588881,-24.39524266016656
588.0,28.0,-47.97603673628548,-121.070064,-68.437515,-3.927781026463194
589.0,6.0,-51.19208999922538,-156.549464,-93.80231,-14.27012660493589
589.0,12.0,-56.32395060628892,-150.310368,-90.093793,-19.401987211999426
589.0,13.0,-36.33056450629343,44.567277,36.929225,0.5913988879960641
589.0,15.0,-41.65261065218361,44.236564,16.600402,-4.73064725789412
589.0,17.0,-51.58058659357201,-122.717879,-111.659173,-14.658623199282516
589.0,19.0,-58.12523652739663,-163.696702,-141.325401,-21.20327313310714
589.0,24.0,-62.09216814364339,-150.345477,-119.52073,-25.1702047493539
589.0,28.0,-41.78838113864789,-114.402343,-68.39072,-4.866417744358401
590.0,6.0,-57.47805261538011,-21.151541,-93.73969,-13.206534814292027
590.0,12.0,-61.951386988916525,-28.827386,-90.102139,-17.679869187828444
590.0,17.0,-56.37446536617642,5.152513,-111.633539,-12.102947565088343
590.0,19.0,-62.59719645244385,-30.368867,-141.280307,-18.325678651355773
590.0,24.0,-67.3474816313538,-14.236815,-119.465882,-23.07596383026572
590.0,28.0,-49.46671385448556,13.447795,-68.336422,-5.195196053397481
591.0,2.0,-51.23715781741943,106.818639,-39.608315,-7.411123567212599
591.0,6.0,-57.45093633786515,-115.076194,-93.737437,-13.62490208765832
591.0,12.0,-61.5715782689186,-128.48734,-90.048895,-17.74554401871177
591.0,14.0,-43.59680656264055,-16.350165,-36.910318,0.22922768756627931
591.0,15.0,-49.63602283996182,30.64851,16.671076,-5.809988589754987
591.0,17.0,-56.359056236695466,-85.103381,-111.583426,-12.533021986488635
591.0,19.0,-62.784945896015444,-141.582802,-141.219345,-18.958911645808612
591.0,24.0,-66.90173895963423,-119.439443,-119.395963,-23.0757047094274
591.0,28.0,-49.16526985166139,-87.374675,-68.319057,-5.339235601454561
592.0,2.0,-52.77805256828637,93.95149,-39.612055,-7.858112273049727
592.0,6.0,-58.22367436349957,-102.655763,-93.753311,-13.303734068262926
592.0,12.0,-63.17738296608181,-127.04589,-90.059311,-18.257442670845165
592.0,13.0,-45.43050207039206,78.761688,37.03306,-0.5105617751554163
592.0,14.0,-44.18858965411467,11.248409,-36.907882,0.7313506411219706
592.0,15.0,-50.74352852083418,-5.477276,16.713462,-5.82358822559754
592.0,17.0,-57.08821400570285,-80.574287,-111.595162,-12.16827371046621
592.0,19.0,-63.50173626908425,-108.347891,-141.229013,-18.581795973847605
592.0,24.0,-68.76028199191147,-109.293354,-119.384184,-23.840341696674827
592.0,28.0,-50.353902074049344,-61.902581,-68.319483,-5.4339617788127015
593.0,2.0,-53.08315018457213,56.556157,-39.615076,-7.576857259347804
593.0,6.0,-58.30823102384108,-111.792038,-93.792237,-12.801938098616752
593.0,12.0,-63.615276456843354,-132.108401,-90.09906,-18.108983531619025
593.0,13.0,-46.80834270669402,81.349537,37.10134,-1.302049781469691
593.0,14.0,-44.262015621312926,-1.895415,-36.917896,1.244277303911403
593.0,15.0,-50.869125037342585,-21.92674,16.773087,-5.362832112118255
593.0,17.0,-57.071254748094695,-93.334416,-111.649619,-11.564961822870366
593.0,19.0,-63.64689918633897,-110.719619,-141.286144,-18.14060626111464
593.0,24.0,-68.7905746443866,-121.332835,-119.405627,-23.284281719162266
593.0,28.0,-50.40550136321589,-80.425519,-68.342943,-4.899208437991561
594.0,2.0,-52.979558553017995,12.621159,-39.632372,-7.526427768147542
594.0,6.0,-58.18852604411378,-108.655301,-93.808415,-12.735395259243326
594.0,12.0,-63.595842660584054,-128.66046,-90.091536,-18.1427118757136
594.0,13.0,-46.78292776980854,66.456646,37.121116,-1.3297969849380848
594.0,14.0,-43.89536464743378,8.754728,-36.916325,1.5577661374366727
594.0,17.0,-56.780013715427515,-102.090223,-111.641032,-11.326882930557062
594.0,19.0,-63.64119260302725,-119.354987,-141.275989,-18.188061818156797
594.0,24.0,-68.62491254589261,-128.271989,-119.381225,-23.17178176102216
594.0,28.0,-50.21980376702375,-87.746984,-68.338835,-4.766672982153295
595.0,2.0,-52.82118911580145,25.547347,-39.655347,-7.219388931436107
595.0,6.0,-58.19174326686205,-98.733823,-93.845324,-12.589943082496703
595.0,12.0,-63.70749183604137,-121.955821,-90.099262,-18.105691651676025
595.0,13.0,-46.99599337348331,70.7562,37.153858,-1.3941931891179635
595.0,14.0,-44.05902798951962,17.570301,-36.927749,1.5427721948457247
595.0,17.0,-56.629456957725665,-93.175327,-111.660823,-11.02765677336032
595.0,19.0,-63.71510415287755,-107.668324,-141.297861,-18.113303968512206
595.0,24.0,-68.72152761220347,-112.844006,-119.378336,-23.11972742783813
595.0,28.0,-50.14303380119036,-96.623236,-68.354132,-4.541233616825018
596.0,2.0,-47.01274208755184,39.224489,-39.688708,-8.209082587446687
596.0,6.0,-53.823754326957335,-99.814898,-93.911842,-15.02009482685218
596.0,12.0,-58.77126385117506,-119.247048,-90.12414,-19.9676043510699
596.0,13.0,-39.186749097666436,64.749441,37.201286,-0.38308959756128047
596.0,14.0,-38.27932357470378,17.555186,-36.958722,0.524335925401374
596.0,15.0,-43.7882132833663,47.575609,16.894635,-4.984553783261141
596.0,17.0,-53.01527730336705,-107.763262,-111.717451,-14.211617803261895
596.0,19.0,-60.61390821905712,-98.228008,-141.361358,-21.810248718951968
596.0,24.0,-64.26593702691714,-116.812773,-119.40259,-25.462277526811988
596.0,28.0,-44.44303807180033,-84.344019,-68.39689,-5.639378571695175
597.0,2.0,-45.96248795061737,-5.877938,-39.719489,-8.20262651724201
597.0,6.0,-52.55110080098122,-71.601279,-93.980657,-14.791239367605854
597.0,12.0,-57.74523393871702,-90.416914,-90.149438,-19.985372505341658
597.0,13.0,-37.248794182926346,92.457839,37.255287,0.5110672504490168
597.0,17.0,-52.49436810183364,-87.524364,-111.781499,-14.73450666845828
597.0,19.0,-59.80817557064724,-66.041092,-141.43079,-22.04831413727188
597.0,24.0,-63.17911547063912,-86.67122,-119.427304,-25.419254037263755
597.0,28.0,-43.78847094116943,-54.036202,-68.444963,-6.028609507794066
598.0,2.0,-46.58621200018453,-4.150522,-39.724665,-8.981758415883576
598.0,6.0,-53.311052029042216,-27.749434,-94.005857,-15.70659844474126
598.0,12.0,-58.09661365121209,-54.877146,-90.162188,-20.492160066911133
598.0,13.0,-37.51583162168975,94.475439,37.3048,0.08862196261120658
598.0,17.0,-52.90405207092377,-54.58665,-111.807008,-15.299598486622813
598.0,19.0,-60.36640151817788,-37.048412,-141.453909,-22.761947933876925
598.0,24.0,-63.874530023043405,-48.413133,-119.420806,-26.27007643874245
598.0,28.0,-44.260543519417,-20.904305,-68.456675,-6.656089935116043
599.0,2.0,-48.21247246058705,17.2498,-39.724812,-8.636150094891704
599.0,6.0,-54.81150816221117,-20.948246,-93.998834,-15.235185796515822
599.0,12.0,-59.15030672786725,-53.88131,-90.146944,-19.573984362171906
599.0,15.0,-45.09109957101739,187.662773,17.035067,-5.514777205322041
599.0,17.0,-54.15877297263952,-47.7804,-111.78269,-14.582450606944171
599.0,19.0,-61.582831053668684,-42.68462,-141.421921,-22.006508687973337
599.0,24.0,-64.8684584449793,-47.20625,-119.377999,-25.29213607928395
599.0,28.0,-46.39120849242031,-21.752853,-68.436605,-6.814886126724964
600.0,2.0,-52.43903920088633,10.848249,-39.726691,-8.740531408417652
600.0,6.0,-57.33216651434036,-60.568488,-94.015817,-13.633658721871683
600.0,12.0,-62.818338728509886,-87.500124,-90.149644,-19.11983093604121
600.0,14.0,-42.59376474860353,126.158768,-36.991776,1.1047430438651418
600.0,17.0,-56.06292035950935,-80.113888,-111.797934,-12.364412567040674
600.0,19.0,-63.4050794234473,-75.795809,-141.431576,-19.706571630978623
600.0,24.0,-68.38039623480331,-78.635673,-119.359159,-24.68188844233464
600.0,28.0,-49.392470098497995,-61.139193,-68.442971,-5.69396230602932
601.0,2.0,-52.492145149590634,-5.627869,-39.727641,-9.187203898780332
601.0,6.0,-57.07277013538102,-107.645381,-94.048392,-13.767828884570719
601.0,12.0,-62.66462697628643,-123.348911,-90.165661,-19.359685725476126
601.0,13.0,-45.10994623887901,95.216753,37.437795,-1.8050049880687098
601.0,14.0,-42.644537813959744,75.552335,-37.008785,0.660403436850558
601.0,17.0,-55.32120555537004,-120.370948,-111.841902,-12.01626430455974
601.0,19.0,-63.525238546808616,-104.606598,-141.470882,-20.220297295998314
601.0,24.0,-68.89988916446941,-113.299365,-119.356837,-25.594947913659112
601.0,28.0,-48.80804009695051,-106.95759,-68.467628,-5.503098846140212
602.0,2.0,-52.32226797632421,-53.254477,-39.707873,-8.795227141116612
602.0,6.0,-56.80441036227144,-138.84031,-94.11606,-13.27736952706384
602.0,12.0,-62.26061245875844,-149.82429,-90.252347,-18.733571623550837
602.0,13.0,-45.47461603896605,72.104325,37.574718,-1.947575203758447
602.0,14.0,-41.70047089720153,32.809217,-37.043842,1.8265699380060738
602.0,15.0,-49.13455743790779,-94.848938,17.260371,-5.607516602700187
602.0,17.0,-54.61115672702045,-136.562591,-111.980955,-11.08411589181285
602.0,19.0,-63.572036185837945,-131.900995,-141.611693,-20.044995350630344
602.0,24.0,-68.64757841282757,-137.787923,-119.423232,-25.12053757761997
602.0,28.0,-47.7254935751228,-117.327366,-68.53433,-4.198452739915197
603.0,2.0,-52.88572424802024,-75.045265,-39.700734,-8.772304477143791
603.0,6.0,-57.271152169179366,-129.865882,-94.20446,-13.157732398302919
603.0,12.0,-62.25616268334913,-151.318038,-90.358506,-18.142742912472684
603.0,13.0,-45.77663321715403,83.592626,37.713702,-1.663213446277581
603.0,14.0,-42.20111580860296,6.358783,-37.084485,1.9123039622734908
603.0,15.0,-49.497271598135,-70.824972,17.36922,-5.383851827258553
603.0,17.0,-54.92537157602949,-160.43797,-112.139247,-10.811951805153043
603.0,19.0,-63.52347769882891,-130.354998,-141.779925,-19.410057927952465
603.0,24.0,-68.83592585663885,-135.300108,-119.516417,-24.722506085762404
603.0,28.0,-48.28101520398553,-133.911328,-68.612947,-4.167595433109085
604.0,2.0,-52.275595919067,-52.471717,-39.757217,-8.540442648991444
604.0,6.0,-56.6273682319698,-142.498185,-94.269988,-12.89221496189424
604.0,12.0,-61.99723870375175,-152.73647,-90.360553,-18.26208543367619
604.0,13.0,-45.11834780858563,76.855205,37.722039,-1.3831945385100752
604.0,14.0,-41.7875675273218,-21.256702,-37.110688,1.947585742753759
604.0,17.0,-54.648368340085554,-165.66827,-112.159643,-10.913215070009997
604.0,19.0,-63.15910336529308,-138.989454,-141.810753,-19.42395009521752
604.0,24.0,-68.60425035400817,-143.042083,-119.525461,-24.869097083932616
604.0,28.0,-48.00037798731603,-131.550679,-68.643007,-4.265224717240471
605.0,2.0,-46.976988968716256,-16.71171,-39.817511,-8.920470793401357
605.0,6.0,-53.05107559684557,-124.331046,-94.33296,-14.994557421530672
605.0,12.0,-57.243487275290164,-162.516711,-90.342557,-19.186969099975265
605.0,13.0,-38.066370146244914,98.683495,37.720724,-0.009851970930014886
605.0,14.0,-37.340347590041986,-24.563152,-37.142412,0.7161705852729128
605.0,15.0,-43.09130365199957,-7.62886,17.419291,-5.034785476684668
605.0,17.0,-52.331470405458084,-150.46729,-112.168211,-14.274952230143185
605.0,19.0,-60.2161151281492,-128.746753,-141.825613,-22.1595969528343
605.0,24.0,-63.87676758905167,-129.861975,-119.516871,-25.820249413736768
605.0,28.0,-43.639073591016135,-123.46484,-68.673514,-5.582555415701236
606.0,2.0,-48.030906693380004,34.176945,-39.864768,-9.502029430586873
606.0,6.0,-54.238254986077806,-56.894538,-94.411968,-15.709377723284675
606.0,12.0,-57.736427455711336,-99.862438,-90.368787,-19.207550192918205
606.0,14.0,-38.56148137607273,28.055564,-37.178131,-0.03260411327959645
606.0,15.0,-45.04435273023664,24.154736,17.465618,-6.515475467443508
606.0,17.0,-52.85748090814592,-97.624768,-112.226536,-14.328603645352786
606.0,19.0,-60.46057768266647,-49.728899,-141.895298,-21.931700419873337
606.0,24.0,-64.51172831309557,-66.819833,-119.549341,-25.982851050302443
606.0,28.0,-44.59759928681777,-58.24267,-68.721877,-6.068722024024638
607.0,2.0,-46.249247908423825,55.182702,-39.91225,-10.50912616233471
607.0,6.0,-52.34988514745187,-51.750576,-94.503262,-16.609763401362756
607.0,12.0,-56.27652757025627,-86.816402,-90.434437,-20.536405824167154
607.0,14.0,-36.014816912243454,-0.148473,-37.206491,-0.27469516615433776
607.0,17.0,-50.78447311974439,-103.0562,-112.309525,-15.044351373655275
607.0,19.0,-59.38906911939538,-50.614011,-141.999991,-23.648947373306264
607.0,24.0,-63.831223325461806,-65.774088,-119.620612,-28.09110157937269
607.0,28.0,-41.98195911029963,-51.643965,-68.773256,-6.241837364210511
608.0,2.0,-51.94093264701385,-36.979456,-39.95561,-9.508745333904969
608.0,6.0,-56.9933992577997,-85.196818,-94.60508,-14.561211944690818
608.0,12.0,-61.61851987589454,-55.574908,-90.530726,-19.18633256278566
608.0,13.0,-44.38505297857709,119.419912,37.882793,-1.9528656654682095
608.0,14.0,-41.445073644002676,-47.01755,-37.233369,0.9871136691062077
608.0,15.0,-49.19790173940916,-17.256617,17.562733,-6.765714426300278
608.0,17.0,-54.84394697788223,-119.984079,-112.419216,-12.41175966477335
608.0,19.0,-63.21440233398104,-77.163372,-142.137261,-20.782215020872158
608.0,24.0,-68.58448858727022,-89.51593,-119.721271,-26.15230127416133
608.0,28.0,-47.15283173622849,-79.913523,-68.83198,-4.720644423119609
609.0,2.0,-51.476831038924786,-42.398844,-39.962335,-7.9738252574686115
609.0,6.0,-56.93360800894921,-101.788381,-94.750042,-13.430602227493033
609.0,12.0,-62.084250669288494,-96.412205,-90.742952,-18.58124488783232
609.0,13.0,-44.6414063927775,95.461529,38.063176,-1.1384006113213232
609.0,14.0,-41.903260772121925,-71.802958,-37.273677,1.5997450093342493
609.0,17.0,-55.432949489772284,-149.630398,-112.664467,-11.92994370831611
609.0,19.0,-62.59405423306606,-112.287349,-142.422047,-19.091048451609886
609.0,24.0,-68.1312073932017,-114.39484,-119.929128,-24.62820161174553
609.0,28.0,-47.88591654267897,-119.42711,-68.940995,-4.382910761222796
610.0,2.0,-52.46174143216395,-40.709682,-39.884529,-9.729807789027063
610.0,6.0,-57.42587679504584,-83.449392,-94.783611,-14.693943151908954
610.0,12.0,-62.14843786404621,-104.295034,-90.9172,-19.416504220909324
610.0,13.0,-45.064514327941346,103.54406,38.262414,-2.332580684804462
610.0,14.0,-41.56685864884713,-69.982958,-37.257667,1.1650749942897534
610.0,17.0,-54.85215637512278,-137.334383,-112.836968,-12.120222731985898
610.0,19.0,-62.82070587084114,-99.239601,-142.603592,-20.088772227704254
610.0,24.0,-68.74053390335673,-110.643237,-120.047486,-26.00860026021985
610.0,28.0,-47.493148228170114,-106.820885,-68.975389,-4.76121458503323
611.0,2.0,-47.007853269654454,-46.672514,-39.914494,-9.26498426060433
611.0,6.0,-53.090824535207325,-130.651605,-94.890199,-15.3479555261572
611.0,12.0,-56.913355233288485,-136.289081,-90.987977,-19.17048622423836
611.0,13.0,-38.12727229464598,82.128259,38.359388,-0.3844032855958517
611.0,14.0,-36.092711528627746,-96.766637,-37.314306,1.6501574804223793
611.0,17.0,-51.66168875809659,-153.943363,-112.969995,-13.918819749046463
611.0,19.0,-59.02945357023658,-165.783779,-142.749033,-21.28658456118646
611.0,24.0,-64.0618431570806,-153.255559,-120.123537,-26.318974148030478
611.0,28.0,-42.591899556401664,-146.205302,-69.061406,-4.849030547351539
612.0,2.0,-49.31227524435373,13.165179,-40.09043,-10.732362300481796
612.0,6.0,-54.609755617967366,-65.935159,-95.163582,-16.029842674095434
612.0,12.0,-58.977856486453156,-91.004191,-91.043805,-20.397943542581224
612.0,14.0,-38.14431386663689,-24.398151,-37.482218,0.43559907723503954
612.0,17.0,-53.08915137892612,-74.3998,-113.176788,-14.509238435054186
612.0,19.0,-61.01136418001169,-65.794509,-143.000003,-22.431451236139758
612.0,24.0,-66.28679618018869,-77.057049,-120.274512,-27.706883236316756
612.0,28.0,-44.302274166192475,-69.655577,-69.268938,-5.722361222320544
613.0,2.0,-51.583227257794036,15.407013,-40.148867,-10.464879650490253
613.0,6.0,-56.95106146667913,-113.444712,-95.184371,-15.832713859375346
613.0,12.0,-60.71051711607298,-107.209967,-91.018182,-19.592169508769196
613.0,14.0,-41.32195618068194,-29.458341,-37.4674,-0.20360857337815474
613.0,17.0,-54.43494235418122,-118.364931,-113.117022,-13.316594746877435
613.0,19.0,-62.29645808553062,-107.64627,-142.950967,-21.178110478226834
613.0,24.0,-67.54201480346394,-119.052943,-120.245213,-26.42366719616016
613.0,28.0,-46.93130807376716,-111.265673,-69.243318,-5.81296046646338
614.0,2.0,-49.28421936240968,-55.851149,-40.089124,-8.725589954788568
614.0,6.0,-55.34627932005944,-186.810888,-95.001887,-14.787649912438326
614.0,13.0,-40.5250036935659,38.33792,38.28433,0.033625714055212086
614.0,14.0,-40.36437333627579,-112.983368,-37.337634,0.19425607134532186
614.0,17.0,-54.198729240794506,-162.913066,-112.872218,-13.640099833173394
614.0,19.0,-60.06875633996423,-148.3644,-142.670569,-19.51012693234312
614.0,24.0,-65.08079427055372,-188.424057,-120.041322,-24.522164862932613
614.0,28.0,-45.680062165052206,-190.610209,-69.059864,-5.121432757431094
615.0,2.0,-52.02139812454848,-12.008279,-40.021502,-10.229355098510965
615.0,6.0,-57.07110556090301,-148.146443,-94.854374,-15.279062534865488
615.0,12.0,-61.27273566831033,-138.877297,-90.785911,-19.480692642272814
615.0,14.0,-41.72695090597638,-81.939647,-37.25446,0.06509212006113785
615.0,17.0,-54.93149413116306,-135.474676,-112.696794,-13.139451105125545
615.0,19.0,-62.053775858615346,-151.306728,-142.450751,-20.261732832577827
615.0,24.0,-68.22446557723852,-163.459689,-119.850069,-26.432422551201
615.0,28.0,-47.18443669235833,-162.920144,-68.931729,-5.392393666320814
616.0,2.0,-48.942825008922576,-66.252722,-39.911571,-8.583149717957504
616.0,6.0,-54.360118343349626,-170.432017,-94.743587,-14.000443052384554
616.0,12.0,-58.79104574387514,-157.104879,-90.695418,-18.431370452910066
616.0,13.0,-41.07324111002245,53.516943,38.355087,-0.7135658190573793
616.0,14.0,-38.15940447061621,-76.457511,-37.233203,2.2002708203488623
616.0,17.0,-53.44451765615287,-151.52397,-112.643385,-13.084842365187797
616.0,19.0,-60.513537981188946,-185.797611,-142.334207,-20.153862690223875
616.0,24.0,-65.862416450572,-173.933599,-119.680851,-25.502741159606927
616.0,28.0,-44.192477403593976,-188.007509,-68.883154,-3.8328021126289045
617.0,2.0,-49.376843751030734,-61.520489,-39.677801,-8.755592891281736
617.0,6.0,-55.14623613485639,-168.834621,-94.337309,-14.52498527510739
617.0,12.0,-57.98071336655593,-166.949618,-90.353888,-17.359462506806935
617.0,13.0,-41.78934412235143,54.554964,38.324748,-1.168093262602433
617.0,17.0,-52.79904021694326,-164.570928,-112.241492,-12.177789357194264
617.0,19.0,-60.411007592024404,-217.925922,-141.786998,-19.789756732275407
617.0,24.0,-65.17009629516618,-174.956679,-119.166751,-24.548845435417178
617.0,28.0,-45.00012704247152,-170.837301,-68.607581,-4.3788761827225215
618.0,2.0,-49.65001759610081,-115.466141,-39.727647,-8.778356825855575
618.0,6.0,-55.18525084162891,-184.027653,-93.900768,-14.313590071383672
618.0,12.0,-58.12626292171525,-155.706045,-89.579041,-17.254602151470017
618.0,13.0,-41.95952501556853,19.445471,37.786013,-1.0878642453232956
618.0,14.0,-40.00994184604274,-74.987461,-36.930198,0.8617189242024921
618.0,17.0,-52.92164899090788,-146.616332,-111.348691,-12.049988220662648
618.0,19.0,-60.23820225827127,-212.856941,-140.747629,-19.366541488026037
618.0,24.0,-65.26746523323241,-181.35793,-118.330583,-24.39580446298718
618.0,28.0,-44.98911530659177,-195.848624,-68.209351,-4.117454536346536
619.0,6.0,-55.98028515999524,-227.975595,-93.469288,-14.344911744827677
619.0,14.0,-40.59029808910317,-90.885862,-36.676802,1.0450753260643921
619.0,15.0,-47.596977834377675,112.405596,17.707903,-5.961604419210111
619.0,17.0,-53.34992630673036,-211.897435,-110.899886,-11.714552891562796
619.0,19.0,-60.81525670248304,-234.958513,-140.19616,-19.179883287315477
619.0,24.0,-66.00949268219453,-223.093288,-117.902006,-24.37411926702697
619.0,28.0,-45.870274746236944,-194.659927,-67.850323,-4.234901331069381
620.0,2.0,-43.722555956628725,-78.329506,-39.358753,-5.6253358569426695
620.0,6.0,-51.62090377838605,-163.642293,-93.159447,-13.523683678699996
620.0,12.0,-55.429642238026055,-144.473782,-89.198846,-17.33242213834
620.0,13.0,-36.39483726364005,42.222934,37.653108,1.7023828360460058
620.0,17.0,-51.793425152028604,-149.295027,-110.562454,-13.696205052342549
620.0,19.0,-58.35180945518282,-184.433591,-139.799329,-20.254589355496762
620.0,24.0,-62.20950342861809,-167.663743,-117.617903,-24.112283328932037
620.0,28.0,-42.840753429320614,-139.969804,-67.566807,-4.743533329634559
621.0,2.0,-46.19595668255904,-7.315365,-39.156182,-8.852964722046558
621.0,6.0,-53.12243332991328,5.375927,-92.786798,-15.779441369400793
621.0,12.0,-57.256696643343616,-33.575413,-89.197437,-19.91370468283113
621.0,17.0,-52.92788343268222,-4.419163,-110.212731,-15.584891472169737
621.0,19.0,-59.692612702401746,-21.984038,-139.42052,-22.34962074188926
621.0,24.0,-63.51717150936947,-22.242984,-117.423383,-26.174179548856984
621.0,28.0,-44.35916843667319,15.275493,-67.188665,-7.016176476160702
622.0,2.0,-52.47208187289509,-8.063928,-38.784822,-9.446362539967694
622.0,6.0,-57.747716450949355,-58.079106,-92.402802,-14.72199711802196
622.0,12.0,-62.63618480752429,-63.470136,-89.516591,-19.610465474596893
622.0,14.0,-43.11740834477185,34.054116,-35.727521,-0.09168901184445843
622.0,17.0,-56.31511335341668,-60.353012,-110.113517,-13.289394020489283
622.0,19.0,-63.54102994584275,-70.564469,-139.318345,-20.515310612915357
622.0,24.0,-68.87401849573563,-70.20784,-117.466583,-25.84829916280823
622.0,28.0,-49.1651846649068,-43.597157,-66.818167,-6.139465331979409
623.0,2.0,-51.13128831054339,-82.230854,-39.256234,-8.117330491255778
623.0,6.0,-56.937583284655915,-85.072603,-92.974626,-13.923625465368303
623.0,12.0,-60.65566568567972,-101.377114,-89.515841,-17.64170786639211
623.0,13.0,-43.62049201105437,146.471123,37.732707,-0.6065341917667553
623.0,15.0,-48.51151743138817,69.276899,17.547513,-5.497559612100559
623.0,17.0,-56.10810798008937,-97.31836,-110.401986,-13.09415016080176
623.0,19.0,-62.68552952713804,-98.724011,-139.713955,-19.671571707850426
623.0,24.0,-66.69404418471531,-100.251781,-117.73416,-23.680086365427698
623.0,28.0,-48.07182193946937,-66.057709,-67.225966,-5.057864120181762
624.0,2.0,-51.76737415302105,-6.284939,-39.930058,-8.14908852104297
624.0,6.0,-57.26953040044234,-8.720498,-92.460544,-13.65124476846426
624.0,12.0,-61.076717308919626,-7.236798,-87.769328,-17.458431676941544
624.0,17.0,-56.79430356687237,-21.753111,-108.410458,-13.17601793489429
624.0,19.0,-63.39368775167674,-15.818758,-137.569291,-19.775402119698654
624.0,24.0,-67.33880281079011,-18.23512,-116.173659,-23.72051717881203
624.0,28.0,-48.790582201177635,16.788458,-66.551811,-5.172296569199553
625.0,2.0,-47.142883641922666,-9.216996,-37.783783,-6.62750852827876
625.0,6.0,-53.25026774413689,-21.12862,-88.074353,-12.734892630492986
625.0,12.0,-57.24270788723976,-0.171527,-85.819439,-16.727332773595855
625.0,13.0,-38.05253863798286,86.569922,34.889276,2.4628364756610424
625.0,15.0,-43.4798961384916,4.347731,15.360576,-2.9645210248476914
625.0,17.0,-54.66170459772149,-30.719681,-103.858187,-14.146329484077583
625.0,19.0,-61.482182648477384,-26.972251,-132.2162,-20.966807534833478
625.0,24.0,-64.19346314410905,-32.050597,-112.529439,-23.67808803046514
625.0,28.0,-44.637259493968294,-7.852337,-62.777263,-4.1218843803243885
626.0,2.0,-48.30657242017836,-7.941615,-35.901305,-8.563633017505829
626.0,6.0,-54.96726300556748,-91.988501,-82.823656,-15.224323602894948
626.0,12.0,-57.64632073530251,-92.150781,-78.780738,-17.903381332629976
626.0,13.0,-38.80490480414974,0.932848,32.149901,0.9380345985227905
626.0,14.0,-39.754339087643785,-11.520642,-32.003596,-0.0113996849712521
626.0,15.0,-44.70499095671882,-19.764882,14.673478,-4.962051554046283
626.0,17.0,-54.723875171441925,-91.972606,-96.927795,-14.980935768769392
626.0,19.0,-61.69773069412959,-87.380771,-123.151873,-21.954791291457056
626.0,24.0,-64.37650582831651,-94.156421,-104.192147,-24.633566425643977
626.0,28.0,-44.5337443127508,-9.801112,-59.418552,-4.790804910078265
627.0,2.0,-50.380529952958,-2.050881,-37.131064,-9.681297453452423
627.0,6.0,-56.35439527793878,-87.139335,-84.68908,-15.655162778433201
627.0,12.0,-58.696688555169224,-64.247864,-84.301011,-17.997456055663648
627.0,14.0,-40.95966051067562,-16.472357,-30.277353,-0.2604280111700419
627.0,15.0,-47.10787952523296,-58.913047,12.891548,-6.408647025727383
627.0,17.0,-54.660409689200335,-86.867052,-98.948635,-13.961177189694759
627.0,19.0,-62.070453631947586,-87.232503,-127.141985,-21.37122113244201
627.0,24.0,-64.9101923513684,-91.190488,-109.927986,-24.210959851862818
627.0,28.0,-46.15727255989036,-23.213249,-59.010146,-5.458040060384782
628.0,2.0,-50.87991536147335,-79.802252,-27.420088,-10.270513585967613
628.0,6.0,-55.527723507998886,-153.381758,-64.197568,-14.918321732493148
628.0,12.0,-57.73700315262702,-117.060733,-71.003355,-17.12760137712128
628.0,14.0,-40.165238425215584,-91.561154,-19.401539,0.44416335029015386
628.0,15.0,-45.15384314675801,-94.452878,8.077798,-4.544441371252269
628.0,17.0,-54.29720090787337,-126.507151,-76.809557,-13.68779913236763
628.0,19.0,-61.80975135174663,-150.207265,-100.096498,-21.20034957624089
628.0,24.0,-64.61305090573096,-154.74124,-89.396357,-24.00364913022522
628.0,28.0,-45.77594240402175,-92.177371,-42.713985,-5.16654062851601
629.0,2.0,-48.73389494071262,-65.199979,-26.09882,-10.08691534537951
629.0,6.0,-53.75300223312952,-126.930903,-65.176197,-15.106022637796414
629.0,12.0,-57.277943350836345,-116.706213,-67.409494,-18.630963755503238
629.0,14.0,-37.71586430014178,-66.388877,-23.583474,0.9311152951913257
629.0,17.0,-52.999706222635915,-105.283333,-79.835384,-14.352726627302808
629.0,19.0,-60.87961787508196,-126.286,-101.190203,-22.232638279748855
629.0,24.0,-63.39091432623857,-133.150339,-86.173203,-24.743934730905465
629.0,28.0,-44.878298704149,-76.715728,-46.534868,-6.231319108815896
630.0,2.0,-48.088563127003326,-59.077698,-8.75293,-9.068170649773819
630.0,6.0,-54.45243152599751,-98.580417,-34.01031,-15.432039048768004
630.0,12.0,-57.679451047756494,-86.983355,-47.359348,-18.659058570526987
630.0,13.0,-37.43903295102042,57.865663,23.613282,1.5813595262090843
630.0,14.0,-38.27859077527571,-37.601314,-8.773013,0.741801701953797
630.0,17.0,-54.26941944663719,-100.451486,-49.74325,-15.24902696940768
630.0,19.0,-60.962917207458865,-105.231097,-62.51128,-21.94252473022936
630.0,24.0,-64.09264868291943,-105.330167,-54.481664,-25.072256205689925
630.0,28.0,-45.68561168049766,-42.591008,-23.860093,-6.665219203268151
631.0,2.0,-52.81532359836454,7.524592,-8.224819,-9.97253087410813
631.0,6.0,-57.40637001630195,-38.665019,-22.743354,-14.563577292045537
631.0,12.0,-62.351199762439606,-48.255728,-40.150122,-19.508407038183194
631.0,15.0,-49.651949533869825,-23.089109,-0.802643,-6.8091568096134125
631.0,17.0,-54.49540300506102,-24.866937,-30.95748,-11.652610280804609
631.0,19.0,-63.106230637373166,-50.043644,-43.276676,-20.263437913116753
631.0,24.0,-67.33667505439561,-44.279306,-44.507081,-24.4938823301392
631.0,28.0,-47.994985689950845,-20.960572,-10.833852,-5.152192965694432
632.0,2.0,-44.79796741578167,-53.471415,-20.950961,-8.101349210661944
632.0,6.0,-51.640543058471906,-93.120622,-38.032026,-14.94392485335218
632.0,12.0,-56.66007799714133,-99.660915,-43.942331,-19.963459792021602
632.0,13.0,-36.32997721607727,37.474661,8.01891,0.3666409890424589
632.0,14.0,-35.93314514080489,15.069557,-7.079416,0.7634730643148373
632.0,15.0,-40.93698294122372,-45.257595,-3.13581,-4.240364736103992
632.0,17.0,-50.645921333491614,-51.877788,-39.215361,-13.949303128371888
632.0,19.0,-59.11028610262153,-97.485152,-55.766057,-22.413667897501803
632.0,24.0,-60.270863864002095,-94.887648,-55.763627,-23.57424565888237
632.0,28.0,-42.335395515417886,-47.027189,-20.641489,-5.63877731029816
633.0,2.0,-52.38618609103596,-69.307423,-17.211025,-9.666355364252773
633.0,6.0,-58.05216388839265,-78.584425,-30.074657,-15.332333161609462
633.0,12.0,-61.23535625748538,-84.404312,-31.220064,-18.51552553070219
633.0,13.0,-45.138719653043665,71.328136,5.144391,-2.418888926260479
633.0,17.0,-55.422474132262074,-33.29367,-29.720348,-12.702643405478888
633.0,19.0,-63.90959932353642,-63.407211,-41.983423,-21.189768596753233
633.0,24.0,-65.3888061496137,-68.952658,-41.138771,-22.668975422830513
633.0,28.0,-49.119440983064855,-40.76721,-17.081996,-6.399610256281669
634.0,2.0,-52.536128283757996,-87.922791,-10.394181,-9.346698814195307
634.0,6.0,-58.242843118909775,-114.867979,-17.679286,-15.053413649347085
634.0,12.0,-61.20728436968666,-66.097943,-32.686322,-18.01785490012397
634.0,13.0,-44.90407366964464,50.517102,3.280172,-1.714644200081949
634.0,17.0,-55.97502942830348,-84.86417,-18.711487,-12.78559995874079
634.0,19.0,-63.77294327472322,-101.616511,-30.594418,-20.58351380516053
634.0,24.0,-67.55137602872769,-127.236187,-36.894445,-24.361946559165
634.0,28.0,-48.40935707028119,-53.366557,-4.511629,-5.219927600718499
635.0,2.0,-52.8814274282673,41.726485,48.88492,-7.927751160140502
635.0,6.0,-56.82802973692789,-53.495502,28.305802,-11.87435346880109
635.0,12.0,-60.036540564903596,-16.866574,-43.725336,-15.082864296776798
635.0,13.0,-44.3813638588187,36.165235,51.35785,0.5723124093080969
635.0,17.0,-56.273321262898854,-69.426288,-25.31274,-11.319644994772055
635.0,19.0,-63.250640088642484,-71.018654,-21.930349,-18.296963820515685
635.0,24.0,-66.7386460278741,-74.649377,-17.465353,-21.784969759747298
635.0,28.0,-49.377478131487166,-45.570486,15.741995,-4.423801863360367
636.0,2.0,-52.540088765898616,70.841362,61.279297,-9.169701359093857
636.0,6.0,-56.106613891948705,-11.719744,45.819601,-12.736226485143945
636.0,12.0,-60.79783948236327,30.559914,-60.378701,-17.427452075558513
636.0,15.0,-50.61195879019212,-18.008201,13.995161,-7.24157138338736
636.0,17.0,-53.90272429134508,-1.023937,-15.20591,-10.532336884540321
636.0,19.0,-62.65180578266989,-16.298919,-14.647462,-19.28141837586513
636.0,24.0,-67.58495131420973,-22.066122,-23.625135,-24.214563907404973
636.0,28.0,-45.642239990681986,96.212183,36.594083,-2.2718525838772266
637.0,2.0,-53.37727714210048,25.827269,2.810631,-10.383679407911572
637.0,6.0,-56.22819796225075,-27.146398,-35.020617,-13.234600228061844
637.0,12.0,-60.28806231397017,3.233572,-55.421815,-17.294464579781263
637.0,13.0,-43.67735338239561,63.990836,43.788664,-0.6837556482066987
637.0,14.0,-42.38951549323066,-22.699357,-13.487361,0.6040822409582489
637.0,15.0,-49.06659009648578,-4.288586,25.187732,-6.072992362296873
637.0,17.0,-54.142069666022266,-44.437826,-68.208112,-11.148471931833356
637.0,19.0,-61.82440434576148,-47.279106,-78.017852,-18.83080661157257
637.0,24.0,-66.61360043367009,-46.405111,-58.852646,-23.620002699481176
637.0,28.0,-47.441266696941035,-10.981283,-31.928696,-4.447668962752125
638.0,2.0,-51.401157381355226,-30.859393,-23.376814,-10.878925082824978
638.0,6.0,-55.29464360294127,-80.588097,-50.18589,-14.772411304411023
638.0,12.0,-59.116064414331895,-23.921713,-41.378529,-18.593832115801646
638.0,13.0,-41.39935304947425,-39.33988,16.750309,-0.8771207509440018
638.0,14.0,-39.75179794259633,-45.024385,-21.804109,0.7704343559339151
638.0,15.0,-47.1059707274992,-78.788494,9.134481,-6.58373842896895
638.0,17.0,-53.088765817469394,-91.044884,-55.714368,-12.566533518939146
638.0,19.0,-61.100702683474324,-69.94312,-70.307128,-20.578470384944076
638.0,24.0,-64.66092840196707,-83.419253,-57.771574,-24.13869610343682
638.0,28.0,-45.678531442977004,-32.762373,-36.903656,-5.156299144446756
639.0,2.0,-51.99237131571165,-89.307099,-41.239329,-8.311404736342062
639.0,6.0,-57.29284286234584,-119.550584,-56.194006,-13.611876282976255
639.0,12.0,-61.34123511293013,-38.024963,-27.773518,-17.66026853356054
639.0,13.0,-44.00320345469605,-90.314347,-6.413006,-0.3222368753264604
639.0,14.0,-43.318584991996985,-22.249712,-24.437217,0.36238158737260306
639.0,15.0,-48.3483618079145,-91.629785,-5.526933,-4.667395228544912
639.0,17.0,-55.06923261381816,-60.322632,-39.550431,-11.38826603444857
639.0,19.0,-62.24726835133076,-102.819832,-56.928762,-18.56630177196117
639.0,24.0,-64.4443200381829,-108.767925,-52.168369,-20.763353458813306
639.0,28.0,-48.182910466037185,-47.876069,-35.594629,-4.501943886667597
640.0,2.0,-50.96351742410874,-19.400305,-55.328115,-9.2420330115974
640.0,6.0,-56.726091049444506,-48.630087,-64.339543,-15.004606636933168
640.0,12.0,-60.778753773538156,-59.567011,-38.008767,-19.05726936102682
640.0,14.0,-42.15799034523106,39.207225,-18.721502,-0.4365059327197258
640.0,17.0,-55.753160990691896,-18.530025,-34.815066,-14.031676578180559
640.0,19.0,-63.20636831879021,-40.470996,-60.40972,-21.484883906278874
640.0,24.0,-63.877460850870655,-31.574562,-67.277237,-22.155976438359318
640.0,28.0,-47.20737625929967,-1.969279,-31.675473,-5.485891846788334
641.0,2.0,-51.90063865925826,-3.547025,-38.351034,-8.420743875194532
641.0,6.0,-57.63873934321808,-30.786306,-55.840275,-14.158844559154346
641.0,12.0,-61.61834861654339,-38.782115,-49.186177,-18.138453832479662
641.0,17.0,-56.73261652648043,-1.261914,-45.343652,-13.252721742416696
641.0,19.0,-63.734046495987144,-18.307038,-68.246545,-20.254151711923413
641.0,24.0,-65.12521230097498,-20.968381,-70.180146,-21.64531751691125
641.0,28.0,-49.10554590027068,3.487662,-29.56496,-5.625651116206946
642.0,2.0,-53.55932512204076,-36.569938,-39.576196,-8.593975614994449
642.0,6.0,-58.71197753796065,-48.13982,-56.516714,-13.746628030914337
642.0,12.0,-62.66865978723556,-38.803001,-48.047888,-17.70331028018925
642.0,17.0,-57.44078692263848,-12.869209,-44.646616,-12.475437415592168
642.0,19.0,-63.98772039991757,-31.794769,-67.623677,-19.02237089287126
642.0,24.0,-67.82513412251016,-53.081218,-69.687754,-22.85978461546385
642.0,28.0,-49.60566370789742,-4.087641,-29.925651,-4.640314200851108
643.0,2.0,-52.82668480699388,-39.715271,-41.094649,-9.15881311983486
643.0,6.0,-57.903133374526206,-42.468421,-57.564278,-14.235261687367185
643.0,12.0,-61.924916491033386,-37.252017,-47.019429,-18.257044803874365
643.0,17.0,-56.55432599291237,-11.853913,-44.174073,-12.886454305753347
643.0,19.0,-62.929265256378514,-35.473253,-67.326171,-19.261393569219493
643.0,24.0,-67.17764303791877,-48.767753,-69.48101,-23.50977135075975
643.0,28.0,-47.90533889451007,-7.60429,-30.531977,-4.237467207351052
644.0,2.0,-52.47998762791238,-19.15586,-38.068712,-8.533554687077796
644.0,6.0,-57.60106801828965,-31.707896,-59.349675,-13.654635077455069
644.0,12.0,-62.11588561888328,-30.303008,-47.826949,-18.1694526780487
644.0,14.0,-42.43596494702103,38.253557,-19.059203,1.5104679938135561
644.0,17.0,-56.6448715109089,-39.422768,-51.38541,-12.698438570074316
644.0,19.0,-62.795289220311545,-25.809833,-73.068505,-18.848856279476962
644.0,24.0,-66.54147092793899,-40.328763,-69.943259,-22.595037987104405
644.0,28.0,-48.77113587280827,0.191442,-35.305516,-4.82470293197369
645.0,2.0,-49.302919866582414,-27.829973,-38.314524,-8.775488487790867
645.0,6.0,-55.00716471024044,-26.611414,-59.28539,-14.479733331448891
645.0,12.0,-59.81315045619901,-27.444449,-46.589889,-19.285719077407464
645.0,14.0,-40.80044058091994,41.440616,-19.511748,-0.2730092021283923
645.0,17.0,-55.24247061241326,-32.928521,-50.79742,-14.71503923362171
645.0,19.0,-62.05970973195346,-22.211071,-72.210033,-21.532278353161914
645.0,24.0,-64.37772968388347,-37.48822,-68.88647,-23.850298305091925
645.0,28.0,-46.332886047809396,9.638869,-35.462388,-5.805454669017848
646.0,2.0,-48.36048215488314,-24.944166,-38.404872,-8.718794120909607
646.0,6.0,-53.870990916258926,-25.114057,-59.692078,-14.229302882285396
646.0,12.0,-59.30026631270259,-25.183787,-46.358214,-19.65857827872906
646.0,14.0,-39.86309952498622,16.198137,-20.078212,-0.2214114910126881
646.0,15.0,-43.92332497204302,6.79425,-4.144181,-4.281636938069489
646.0,17.0,-54.30557163567197,-14.102857,-51.317119,-14.663883601698437
646.0,19.0,-61.290507498196995,-15.862342,-72.619438,-21.648819464223465
646.0,24.0,-63.76683572316614,-35.566217,-68.817905,-24.12514768919261
646.0,28.0,-45.09485478826306,-5.353045,-36.04916,-5.4531667542895335
647.0,2.0,-47.51430339859398,2.233729,-38.653322,-8.533224870002257
647.0,6.0,-53.01524775261474,15.319728,-59.850434,-14.034169224023017
647.0,12.0,-58.398247471209984,-45.386695,-45.938364,-19.41716894261826
647.0,13.0,-37.3703009487846,147.913691,2.606024,1.6107775798071202
647.0,14.0,-39.48265858987463,15.128257,-20.335483,-0.5015800612829082
647.0,15.0,-43.736655880109495,34.22506,-4.147542,-4.755577351517772
647.0,17.0,-53.2613296178325,96.845192,-51.186514,-14.280251089240778
647.0,19.0,-60.87674930182364,-9.518226,-72.437529,-21.895670773231913
647.0,24.0,-63.52038059525618,-12.659654,-68.54947,-24.539302066664455
647.0,28.0,-45.16826602732853,-2.145041,-36.219161,-6.1871874987368045
648.0,2.0,-51.47800078314959,-2.360921,-38.865671,-8.859730573253444
648.0,6.0,-56.127142197480154,4.632016,-60.143736,-13.508871987584008
648.0,12.0,-62.133125515698836,-42.496199,-45.973629,-19.51485530580269
648.0,14.0,-41.57907837879425,17.667054,-20.523591,1.0391918311018955
648.0,15.0,-49.27234104229831,57.010062,-4.110038,-6.654070832402162
648.0,17.0,-54.80680500852489,105.546191,-51.380273,-12.188534798628744
648.0,19.0,-62.64042530071483,-8.968062,-72.682729,-20.022155090818686
648.0,24.0,-67.38507940960739,-17.612305,-68.713333,-24.76680919971124
648.0,28.0,-47.692659398365876,-6.228958,-36.443141,-5.0743891884697305
649.0,2.0,-52.10597939583211,-37.78032,-38.803379,-8.893702991618582
649.0,6.0,-56.814651812583584,-35.445256,-60.140157,-13.602375408370058
649.0,12.0,-62.163882566163835,-29.839502,-46.172613,-18.95160616195031
649.0,14.0,-42.093343574804834,-8.165551,-20.444363,1.118932829408692
649.0,17.0,-56.466291534002295,-41.211392,-51.477921,-13.254015129788769
649.0,19.0,-62.935835853984315,-41.645887,-72.81252,-19.72355944977079
649.0,24.0,-67.3243248293533,-45.645713,-68.860488,-24.112048425139776
649.0,28.0,-48.281604336574446,-0.616088,-36.411045,-5.06932793236092
650.0,2.0,-53.195667067149635,-25.494823,-38.586532,-9.207690344307736
650.0,6.0,-56.969175621700785,-20.559676,-59.980284,-12.981198898858885
650.0,12.0,-62.209467768207176,-25.57508,-46.466428,-18.221491045365276
650.0,14.0,-42.600354974238215,20.997005,-20.226311,1.387621748603685
650.0,17.0,-56.799868613977594,-34.219265,-51.539576,-12.811891891135694
650.0,19.0,-63.04337903201056,-29.411671,-72.894344,-19.055402309168663
650.0,24.0,-67.3899056403423,-35.036118,-69.003782,-23.401928917500406
650.0,28.0,-48.72036951343626,3.399276,-36.249098,-4.732392790594361
