515.0,2.0,-11.61388713,3.901446,48.887622
515.0,6.0,-4.550625229999998,0.675603,14.672069
515.0,12.0,-16.42783419000001,-14.245376,-2.475752
515.0,13.0,-3.331452339999999,5.989189,37.803745
515.0,14.0,-14.593806980000004,5.916146,-7.825549
515.0,15.0,-4.99586568,-0.786217,33.846884
515.0,17.0,10.457045069999998,-6.09413,-14.909345
515.0,19.0,-22.95431475,-8.932877,-11.229287
515.0,24.0,-28.10038658,-11.708181,-14.801848
515.0,28.0,-16.80288733,2.603578,-2.82777
516.0,2.0,-10.720016880000003,-7.220425,37.921806
516.0,6.0,-5.6436117999999995,-9.629785,4.849894
516.0,12.0,-16.072717079999997,-14.598919,5.652976
516.0,13.0,-4.511937659999998,-1.353744,9.747784
516.0,14.0,-13.785369960000002,1.371093,-10.985247
516.0,15.0,-5.977252379999999,-5.56378,64.872997
516.0,17.0,9.107669509999994,-7.85611,3.231098
516.0,19.0,-22.278910350000004,-14.09135,-14.184463
516.0,24.0,-23.515737620000003,-17.906029,-17.452151
516.0,28.0,-18.09768901,-2.535573,-8.296959
517.0,2.0,-10.336231839999996,-14.717398,15.421912
517.0,6.0,-4.930516729999999,-15.770597,-32.673673
517.0,12.0,-14.615653740000003,-19.457663,-37.445631
517.0,13.0,2.40857317,-6.988718,9.431442
517.0,14.0,-14.756086110000002,1.879208,-17.399547
517.0,15.0,-0.15053359999999943,-11.661653,51.738531
517.0,24.0,-30.46026913000001,-25.936721,-33.907879
517.0,28.0,-16.28087813,-3.214302,-29.715554
518.0,2.0,-12.435085119999995,-22.756496,-51.583394
518.0,6.0,-8.422830910000005,-33.297991,-42.433136
518.0,12.0,-14.501327539166667,-29.664626,-52.326267
518.0,13.0,2.4459205300000004,-1.707037,6.038533
518.0,14.0,-14.849247740000004,-8.432951,-17.116773
518.0,15.0,0.4319687400000005,-7.205228,-17.283083
518.0,24.0,-29.318670429999987,-42.826703,-59.585248
518.0,28.0,-16.39673436,-17.982154,-2.894197
519.0,2.0,-13.812589049999994,-20.275438,-54.413315
519.0,6.0,-9.920185180000006,-36.46308,-63.581683
519.0,12.0,-14.67804395916667,-39.055449,-49.445774
519.0,13.0,2.33159921,5.799985,3.466482
519.0,14.0,-15.11574245,-8.955604,-45.949309
519.0,15.0,-0.09121490999999925,-3.53273,-10.104611
519.0,24.0,-29.797119669999994,-51.805854,-66.74391
519.0,28.0,-17.27562727,-21.387635,38.069321
520.0,2.0,-14.338179290000003,-19.570493,-45.877687
520.0,6.0,-9.847123330000008,-35.777594,-49.385101
520.0,12.0,-13.203751927500003,-38.472226,-23.852035
520.0,14.0,-14.320503160000005,-8.934011,-34.64418
520.0,15.0,0.9059514399999992,-3.02303,-1.601067
520.0,24.0,-28.166003038000003,-50.891107,-53.905621
521.0,2.0,-13.543595950000002,-20.724959,-61.696191
521.0,6.0,-9.941645390000009,-36.768054,-55.361714
521.0,12.0,-14.0349105575,-39.752691,-62.519288
521.0,13.0,2.1047417999999993,5.435447,13.09449
521.0,14.0,-14.249709990000007,-8.610965,-36.036346
521.0,15.0,-0.5867550499999992,-4.116033,-18.688108
521.0,19.0,-23.566240620000013,-52.983498,-21.152836
521.0,24.0,-25.579184119999994,-52.610969,-72.90043
521.0,28.0,-17.463753160000003,-21.183362,71.823059
522.0,2.0,-14.793486360000001,-23.135753,17.248682
522.0,6.0,-9.442306190000009,-38.051257,7.261801
522.0,12.0,-24.962572704999985,-36.021728,-15.608759
522.0,14.0,-18.116789730000008,-10.528662,-3.213124
522.0,15.0,-10.165969407692307,-4.694938,2.027857
522.0,19.0,-23.019921880000005,-50.998101,-28.148891
522.0,24.0,-29.740450469999995,-50.213839,-27.022177
523.0,2.0,-15.268011699999997,-22.457653,-35.62797
523.0,6.0,-9.225332720000006,-36.373191,-23.086754
523.0,12.0,-27.070135164999982,-27.917197,-47.30289
523.0,14.0,-18.295976410000012,-13.439673,-26.123007
523.0,15.0,-12.367659967692312,-2.297047,-35.551161
523.0,17.0,5.1277139200000015,-32.875046,-22.55346
523.0,19.0,-23.90830651,-45.53746,-68.052496
523.0,24.0,-31.15628163999999,-42.23868,-57.005621
523.0,28.0,-16.249566910000002,-23.277318,18.002411
524.0,2.0,-12.640130180000002,-27.52361,-36.166978
524.0,6.0,-9.409669450000004,-36.897585,-24.833199
524.0,12.0,-18.88066997071429,-26.338268,-51.001687
524.0,15.0,-11.10691110769231,-8.72297,-38.746408
524.0,17.0,7.5801114999999974,-26.525477,-13.712218
524.0,19.0,-22.977131010000004,-40.935425,-46.834584
524.0,24.0,-25.183796068000003,-42.062033,-30.550464
524.0,28.0,-16.374133020000002,-20.218257,25.679877
525.0,2.0,-12.56253634,-23.869448,-73.559448
525.0,6.0,-9.331625320000002,-34.096236,-34.646658
525.0,12.0,-18.97401656892857,-30.753319,-61.675958
525.0,17.0,7.87668194,-27.484313,-41.196399
525.0,19.0,-22.25127215000001,-42.110918,-76.422043
525.0,24.0,-24.39717200000001,-44.269078,-49.684583
525.0,28.0,-15.8840648,-17.768545,-6.994798
526.0,2.0,-14.027273270000006,-28.613453,-59.417197
526.0,6.0,-9.749938510000003,-32.882251,-48.73321
526.0,12.0,-23.77281380499999,-36.137531,-68.605247
526.0,14.0,-18.11164394000001,-0.033644,23.82222
526.0,17.0,5.55078769,-19.566919,-35.200534
526.0,19.0,-24.71183003000001,-38.318531,-69.652447
526.0,24.0,-28.57124664,-49.652143,-75.266481
526.0,28.0,-16.027944570000002,-10.025786,-11.417822
527.0,2.0,-13.0890588,-21.988496,-15.386893
527.0,6.0,-9.582694640000005,-24.885761,-8.709014
527.0,12.0,-13.156067210714289,-27.92633,-40.037001
527.0,14.0,-13.568598940000005,0.539902,33.332013
527.0,17.0,7.766085359999995,-14.416641,-6.910474
527.0,19.0,-20.549076560000003,-28.944275,-16.10605
527.0,24.0,-22.913730650000012,-38.160208,-20.068772
527.0,28.0,-15.577449350000004,-7.094699,34.221415
528.0,2.0,-14.629550629999997,-19.584986,-26.875524
528.0,6.0,-8.901569490000005,-26.77965,-0.541857
528.0,12.0,-15.856900040714287,-25.350199,-20.633272
528.0,14.0,-14.413203430000003,-4.996691,-3.601754
528.0,17.0,8.229567109999996,-20.569232,-0.082103
528.0,19.0,-23.978207159999993,-32.820571,-10.452338
528.0,24.0,-28.28640575999999,-36.001482,-33.639839
528.0,28.0,-16.366454649999998,-12.804442,40.576411
529.0,2.0,-13.233050649999994,-20.45924,-11.566461
529.0,6.0,-9.087430180000002,-27.612713,-28.819693
529.0,12.0,-14.35843895238095,-23.570078,-34.692525
529.0,14.0,-15.327058810000006,-6.389875,42.156932
529.0,17.0,8.115981959999994,-20.51751,-3.370495
529.0,19.0,-24.04367909,-32.455535,-19.802706
529.0,24.0,-30.837557009999998,-34.87851,-40.668231
529.0,28.0,-16.23163952,-13.879321,-3.481248
530.0,2.0,-12.77836576,-18.916267,-3.515368
530.0,6.0,-10.600846910000005,-28.482941,-40.8668
530.0,12.0,-12.508805075833333,-25.276016,-44.846499
530.0,17.0,7.328796929999995,-24.312973,-10.525446
530.0,19.0,-21.86589565,-35.918782,-38.738263
530.0,24.0,-24.32631549,-36.370747,-51.382635
530.0,28.0,-15.963302889999996,-15.857962,-1.092779
531.0,6.0,-10.480513840000006,-27.912926,-16.234051
531.0,12.0,-23.057776334999986,-24.846508,-23.1489
531.0,13.0,-1.9518732200000009,-0.000986,211.319111
531.0,17.0,4.089678819999997,-24.220746,-18.640438
531.0,19.0,-23.717684799999994,-35.487684,-18.277592
531.0,24.0,-28.349911799999994,-35.646761,-19.700473
531.0,28.0,-16.046157649999998,-15.751561,23.402614
532.0,6.0,-10.661612850000001,-27.048321,10.913747
532.0,12.0,-13.149882190714287,-24.173555,13.686732
532.0,15.0,0.144725032307693,-3.319012,-24.640438
532.0,17.0,5.959245589999995,-24.604486,5.168585
532.0,19.0,-22.121371979999996,-35.17601,8.829406
532.0,24.0,-24.319613776666674,-34.45147,2.489339
532.0,28.0,-16.204528509999996,-15.925316,41.859408
533.0,6.0,-10.434589660000002,-27.031917,9.415396
533.0,12.0,-13.567320374761907,-24.457017,9.356659
533.0,13.0,2.8195084800000005,1.788965,71.362579
533.0,15.0,0.37082683730769234,-2.999211,-1.003473
533.0,17.0,6.511319299999994,-25.016872,-1.060913
533.0,19.0,-21.99562570999999,-35.544097,4.330953
533.0,24.0,-22.299770589999994,-34.631114,3.843898
533.0,28.0,-16.97690919,-16.051121,8.314057
534.0,6.0,-10.197751760000003,-26.892078,6.033916
534.0,12.0,-13.211825474761905,-24.876542,1.627818
534.0,13.0,2.7969160200000003,1.936649,2.564584
534.0,14.0,-14.550880040000006,-7.681409,17.455475
534.0,17.0,6.558560989999995,-25.065786,-5.712418
534.0,19.0,-21.884725869999993,-35.672918,3.069228
534.0,24.0,-23.797555350000003,-34.916667,0.346691
534.0,28.0,-16.6727696,-15.841801,13.674512
535.0,2.0,-13.767907169999996,-16.524819,83.693471
535.0,6.0,-10.641550700000009,-26.854618,3.991765
535.0,12.0,-12.978069554880951,-25.177806,3.127619
535.0,13.0,3.0919905099999987,1.747954,10.040975
535.0,14.0,-15.31233201,-7.387847,-0.232754
535.0,17.0,6.450101139999995,-24.893176,-7.126576
535.0,19.0,-22.52878741999999,-35.649996,-5.031393
535.0,24.0,-24.762234620000005,-35.1897,-1.660073
535.0,28.0,-17.676092100000005,-15.587783,0.185917
536.0,6.0,-9.927896330000008,-26.793595,-9.657876
536.0,12.0,-14.162928164880952,-25.483376,-9.172946
536.0,13.0,2.5827369200000003,1.702521,-2.646272
536.0,14.0,-14.721332470000004,-7.137823,-8.66144
536.0,15.0,0.4235648023076922,-3.588323,100.623965
536.0,17.0,6.465973299999994,-24.825862,-14.917725
536.0,19.0,-23.594555819999993,-35.689905,-10.703403
536.0,24.0,-27.187276799999996,-35.436312,-15.950128
536.0,28.0,-17.526131780000004,-15.387616,-2.797628
537.0,2.0,-13.156963230000006,-16.809318,-20.386484
537.0,6.0,-10.738704130000007,-26.9996,-34.540535
537.0,12.0,-13.424586154880949,-25.506121,-34.913913
537.0,13.0,2.9166286499999994,1.467244,90.239104
537.0,14.0,-15.004227580000004,-7.173354,-36.223812
537.0,15.0,0.5259570023076924,-3.774216,101.030595
537.0,17.0,7.226334019999993,-24.775813,-40.816832
537.0,19.0,-22.495842449999987,-35.739465,-38.655924
537.0,24.0,-23.718543039999997,-35.582256,-44.759934
537.0,28.0,-16.9318491,-15.429626,-31.77848
538.0,2.0,-15.31512012000001,-17.478463,31.943322
538.0,6.0,-17.02654318000001,-27.553738,-7.653447
538.0,12.0,-13.196573644464287,-25.084269,-8.337547
538.0,13.0,2.9125070699999984,0.954382,18.001619
538.0,14.0,-15.162647400000004,-7.611405,-2.440314
538.0,17.0,6.135965829999993,-24.715275,-8.576227
538.0,19.0,-23.036017490000003,-35.7524,-11.125278
538.0,24.0,-24.317559030000005,-35.533113,-16.189889
538.0,28.0,-17.270345070000005,-15.79983,-16.282527
539.0,2.0,-15.136534100000004,-18.840855,27.380189
539.0,6.0,-17.501461150000015,-28.030866,-28.690562
539.0,12.0,-13.845501404880949,-24.096304,-17.91238
539.0,14.0,-14.917981610000004,-7.768758,-21.862646
539.0,17.0,6.242868119999993,-23.496803,1.326864
539.0,19.0,-24.50391307,-34.762362,-33.576952
539.0,24.0,-26.39198325,-35.102192,-33.654904
539.0,28.0,-17.369777969999994,-15.66475,-21.822566
540.0,2.0,-16.792213559999997,-17.474462,-19.108976
540.0,6.0,-19.814423720000008,-29.376499,-50.696987
540.0,12.0,-14.26833323613095,-25.953327,-51.958153
540.0,13.0,2.5296049400000005,2.876325,-32.533363
540.0,14.0,-15.618786300000005,-9.39042,-15.253937
540.0,15.0,0.2040245723076927,-2.094024,-0.804696
540.0,17.0,6.109345019999993,-27.852968,-52.013138
540.0,19.0,-25.65692928,-38.829537,-54.383521
540.0,24.0,-26.826876629999987,-36.916927,-49.433778
540.0,28.0,-17.95167762,-18.115504,-25.427028
541.0,2.0,-17.556830629999993,-19.048394,-50.205222
541.0,6.0,-18.374949309999998,-27.785084,-69.027934
541.0,12.0,-23.214787284999996,-27.017772,-61.282436
541.0,13.0,-1.7871935200000002,-1.242667,29.057796
541.0,14.0,-19.359934840000015,-5.674864,-28.286024
541.0,15.0,-4.625094767692306,-6.834053,-13.428458
541.0,17.0,3.8073347199999996,-23.158449,-44.126129
541.0,19.0,-24.67009908,-35.489481,-77.686192
541.0,24.0,-27.66049534,-37.65983,-73.971529
541.0,28.0,-17.25030353,-14.089986,-34.586306
542.0,2.0,-15.028902939999998,-22.267322,-22.963882
542.0,6.0,-17.05875835,-26.818407,-51.376311
542.0,12.0,-13.180461501428573,-22.837888,-41.34604
542.0,13.0,2.93136953,-7.54072,27.196639
542.0,14.0,-14.900282720000002,-4.480953,0.506127
542.0,15.0,0.7367044923076925,-11.176284,7.136555
542.0,17.0,6.516889639999997,-16.575732,-47.637515
542.0,19.0,-22.529576309999992,-29.243374,-46.927268
542.0,24.0,-22.55956740666666,-34.295866,-53.205309
542.0,28.0,-16.536389559999996,-11.416465,-26.773986
543.0,2.0,-15.591519510000003,-19.205713,-17.688718
543.0,6.0,-18.752623650000007,-27.260994,-28.980869
543.0,12.0,-13.146533358214285,-27.083543,-30.552492
543.0,13.0,2.89313514,-2.0129,3.941637
543.0,15.0,0.45915899230769175,-7.712346,14.639138
543.0,17.0,5.953344849999994,-22.072489,-42.702056
543.0,19.0,-24.43977597999999,-34.589764,-47.824935
543.0,24.0,-27.11301952,-37.564943,-43.206084
543.0,28.0,-17.945894029999998,-13.170714,-2.189376
544.0,2.0,-15.90966072,-14.299183,-14.950769
544.0,6.0,-20.356424290000007,-29.260865,-49.095384
544.0,12.0,-13.528096524047617,-35.678381,-42.843648
544.0,13.0,2.4900430300000007,8.227912,31.282946
544.0,14.0,-14.908133410000003,-6.087162,25.189963
544.0,15.0,0.30845953230769213,-1.349301,-28.872594
544.0,17.0,5.3713138599999946,-33.246932,-27.944253
544.0,19.0,-23.149567369999996,-45.857697,-56.285807
544.0,24.0,-23.441277326666658,-44.834843,-47.022149
544.0,28.0,-17.148110749999997,-17.201739,7.660122
545.0,2.0,-16.08531291,-6.748909,-32.542369
545.0,6.0,-23.500140550000005,-20.904839,-64.719464
545.0,12.0,-13.137271874761902,-32.018212,-69.410492
545.0,13.0,2.95030179,11.682029,57.443567
545.0,14.0,-15.002646460000003,-3.195407,-7.437753
545.0,15.0,0.7737322223076917,1.650598,-10.729498
545.0,17.0,6.537518169999996,-29.354154,-70.667624
545.0,19.0,-24.004405259999995,-38.831894,-70.377765
545.0,24.0,-23.32606714666667,-37.090945,-68.292034
545.0,28.0,-17.039438069999996,-12.936351,-24.832754
546.0,2.0,-20.304801319999996,-17.543434,-43.736222
546.0,6.0,-30.346358699999985,-28.342148,-43.772455
546.0,12.0,-13.973050101428571,-30.415898,-50.952978
546.0,13.0,2.6848880700000013,1.910675,60.838329
546.0,17.0,4.993785839999996,-26.572851,-50.997228
546.0,19.0,-25.010873870000005,-39.177981,-48.487726
546.0,24.0,-26.263984469999997,-40.52415,-51.083221
546.0,28.0,-17.61177568,-14.958684,-56.491843
547.0,2.0,-17.613836189999997,-20.062996,-9.983175
547.0,6.0,-29.693712769999987,-28.416604,-13.499167
547.0,12.0,-13.77221574142857,-27.574042,-17.295837
547.0,13.0,2.5929995300000006,-2.152178,58.568484
547.0,15.0,0.12799868064102568,-7.797761,-10.72333
547.0,17.0,5.072504009999997,-22.856344,-26.809525
547.0,19.0,-24.701902170000004,-35.709462,-20.008853
547.0,24.0,-25.23522024,-38.56085,-22.413638
548.0,2.0,-20.986105070000004,-20.922666,6.818075
548.0,6.0,-35.50312486999998,-32.977088,-2.794728
548.0,12.0,-13.361951833214286,-36.196284,-3.685077
548.0,13.0,3.108038569999999,1.452994,17.858808
548.0,15.0,0.3212809223076923,-7.15961,-8.87786
548.0,19.0,-25.697646010000003,-45.459376,-9.457826
548.0,24.0,-25.980605999999998,-47.96737,-9.87333
548.0,28.0,-17.84591943,-16.67155,14.838284
549.0,2.0,-27.30597207999999,-22.401661,-7.875906
549.0,6.0,-41.49105550999997,-34.352662,-13.959872
549.0,12.0,-14.921494270714284,-37.387655,-14.677112
549.0,13.0,2.9591176499999996,0.539626,-6.626648
549.0,15.0,0.17649952230769195,-8.240913,-6.455661
549.0,19.0,-29.493959310000005,-46.651126,-13.844224
549.0,24.0,-35.465158519999996,-49.810119,-19.026784
550.0,2.0,-27.68546364999999,-25.539533,-42.760257
550.0,6.0,-42.99743847999997,-37.620435,-52.896861
550.0,12.0,-14.907923423214283,-40.230664,-55.512125
550.0,14.0,-15.854392999999998,-5.788774,97.602966
550.0,19.0,-29.60136869,-49.840824,-58.124787
550.0,24.0,-33.85051739,-54.126194,-61.32431
550.0,28.0,-17.580145409999997,-17.956453,-31.090811
551.0,2.0,-26.24884070999999,-32.781329,-16.094849
551.0,6.0,-43.26259858999998,-44.708142,-21.365973
551.0,12.0,-13.12362246613095,-47.189783,-21.440995
551.0,19.0,-27.327303439999994,-56.712027,-23.139485
551.0,24.0,-31.337418800000002,-64.297591,-29.887166
552.0,2.0,-23.337577500000016,-36.973643,5.323325
552.0,6.0,-40.937220519999975,-48.86984,-6.691642
552.0,12.0,-12.980002228214287,-52.296059,-13.623675
552.0,13.0,2.9569545599999993,-7.42423,-1.669364
552.0,19.0,-24.859990639999996,-61.2468,-15.359217
552.0,24.0,-24.695623290000004,-71.161995,-15.514068
553.0,2.0,-28.207958609999995,-37.988437,8.676639
553.0,6.0,-43.26312033999998,-50.84643,0.194135
553.0,12.0,-13.94679608196428,-53.484081,-5.422475
553.0,13.0,2.917906410000001,-6.966367,-3.33791
553.0,17.0,2.442282359999999,-38.486411,-11.552384
553.0,19.0,-29.083427890000003,-63.750785,-11.456336
553.0,24.0,-31.560888790000007,-73.099901,-5.610156
553.0,28.0,-17.74049071,-21.599028,57.054363
554.0,2.0,-63.71258920999997,-40.071066,7.783137
554.0,6.0,-66.86589260999996,-52.655023,-22.50689
554.0,12.0,-18.7076449125,-52.311153,-25.852808
554.0,17.0,-24.390831069999994,-38.461719,-36.609911
554.0,19.0,-52.38516159000002,-63.983704,-35.714992
554.0,24.0,-48.68156312999999,-73.114431,-42.092469
554.0,28.0,-12.33152482,-22.834309,30.122485
555.0,2.0,-66.48996964999999,-42.523678,-60.555598
555.0,6.0,-68.80589103999996,-55.179342,-86.623949
555.0,12.0,-17.744926098214282,-54.262344,-86.579021
555.0,13.0,-1.8418538099999997,-9.744228,-10.380389
555.0,17.0,-24.30884714,-39.497104,-35.009045
555.0,19.0,-51.47132335000003,-66.308675,-82.589517
555.0,24.0,-46.04155889999996,-76.233491,-89.534411
555.0,28.0,-10.458185870000001,-23.668184,22.652437
556.0,2.0,-65.94202314,-43.011254,-29.932583
556.0,6.0,-69.09237290999995,-55.6193,-66.659821
556.0,12.0,-19.45869426821429,-53.260289,-49.095754
556.0,13.0,-2.38491008,-10.093585,-59.972495
556.0,17.0,-25.506983369999997,-39.426191,-32.812106
556.0,19.0,-49.16238869000003,-66.061712,-65.237173
556.0,24.0,-44.18638182999997,-75.588685,-74.188597
556.0,28.0,-10.184976819999997,-24.237783,37.695508
557.0,2.0,-64.35694516000001,-44.078321,-51.019651
557.0,6.0,-65.45234024,-56.493498,-52.015432
557.0,12.0,-18.866287208214292,-53.808116,-54.363969
557.0,13.0,-1.0749581399999995,-10.873349,-36.585094
557.0,14.0,-9.755532139999996,-8.235879,78.968922
557.0,17.0,-26.15970779999999,-39.464787,15.506336
557.0,19.0,-47.054370230000025,-66.604796,-53.999273
557.0,24.0,-44.20533640999997,-76.598218,-57.674115
557.0,28.0,-9.391887549999996,-24.383236,68.084274
558.0,2.0,-64.57050627,-45.240176,-30.017589
558.0,6.0,-65.00270409999997,-57.730784,-41.173514
558.0,12.0,-19.590102278214285,-54.064931,-34.14594
558.0,13.0,-1.7972764399999996,-11.442019,-12.326849
558.0,17.0,-25.470989280000005,-39.939975,4.094933
558.0,19.0,-44.7619563,-67.469474,-35.224752
558.0,24.0,-43.082302559999974,-77.491133,-46.83954
559.0,2.0,-65.73234306000003,-45.703497,-18.067847
559.0,6.0,-66.14719586999998,-58.017509,-28.446989
559.0,12.0,-20.273038839999998,-54.51583,-31.911156
559.0,13.0,-2.4748911899999992,-11.857636,-30.610046
559.0,19.0,-45.66776052000002,-67.656953,-37.420318
559.0,24.0,-43.717462319999996,-78.083765,-48.639167
560.0,2.0,-66.60124796000001,-45.861443,-7.361988
560.0,6.0,-68.98773442999996,-58.041838,-19.702331
560.0,12.0,-18.164457048214285,-54.758915,-22.449364
560.0,13.0,3.2813179100000003,-12.059332,-25.128867
560.0,17.0,-23.454052160000014,-39.672436,-45.439105
560.0,19.0,-50.75292981,-67.646245,-28.577787
560.0,24.0,-44.82755516999999,-78.335741,-38.261906
561.0,2.0,-66.99141613,-45.906492,10.830861
561.0,6.0,-72.66685228999997,-58.043488,-16.713315
561.0,12.0,-21.219192498214284,-54.738377,-17.155552
561.0,13.0,-3.3154690199999983,-12.112251,-24.667152
561.0,17.0,-23.88885752,-39.605502,-46.32695
561.0,19.0,-54.06172474,-67.59014,-28.429144
561.0,24.0,-45.69983925,-78.320298,-36.921236
562.0,2.0,-68.05369936,-45.91456,-18.027102
562.0,6.0,-74.84809095999998,-58.034094,-34.435499
562.0,12.0,-21.200406448214288,-54.70814,-27.969984
562.0,13.0,-2.4703608399999992,-12.117408,-28.866754
562.0,17.0,-24.247293309999996,-39.570192,-45.330617
562.0,19.0,-56.17492743000003,-67.547507,-48.070604
562.0,24.0,-47.76238632999997,-78.28428,-50.307728
563.0,2.0,-65.53528069,-45.862517,-20.416587
563.0,6.0,-68.48205247999995,-57.972222,-24.849514
563.0,12.0,-19.794293538214287,-54.674305,-26.05991
563.0,13.0,-1.86165751,-12.080043,-54.129063
563.0,17.0,-23.928627669999997,-39.53039,-52.902416
563.0,19.0,-47.731765519999996,-67.481058,-34.336258
563.0,24.0,-42.94061954999998,-78.214122,-44.780495
563.0,28.0,-10.547965909999999,-24.649776,50.658668
564.0,2.0,-65.92301537000002,-45.795968,-19.329321
564.0,6.0,-71.21948104999996,-57.886066,-38.824949
564.0,12.0,-19.240406308214286,-54.62642,-40.114131
564.0,17.0,-23.748213059999998,-39.468604,-62.928599
564.0,19.0,-50.92729410000002,-67.385911,-47.709691
564.0,24.0,-45.13980202999997,-78.120145,-57.109554
565.0,2.0,-63.282846150000005,-45.716214,-36.1245
565.0,6.0,-63.25641444000001,-57.785721,-62.599113
565.0,12.0,-19.01755776821429,-54.578015,-64.174949
565.0,13.0,-1.071590189999999,-12.003206,-99.165072
565.0,14.0,-9.765100959999998,-8.198486,136.615856
565.0,17.0,-26.52335524999999,-39.401454,-98.860226
565.0,19.0,-45.60050451000002,-67.281734,-63.347713
565.0,24.0,-44.05661599999997,-78.018035,-78.644825
565.0,28.0,-9.254798799999996,-24.531994,60.715371
566.0,2.0,-64.47883768000001,-45.629653,-30.744219
566.0,6.0,-65.55658636999999,-57.681323,-40.604547
566.0,12.0,-19.144018478214292,-54.540119,-42.933953
566.0,17.0,-26.73002370999999,-39.33826,-29.25662
566.0,19.0,-47.103071800000016,-67.182459,-35.858306
566.0,24.0,-45.20860683999997,-77.922404,-54.708711
566.0,28.0,-9.338730269999996,-24.464832,53.242942
567.0,2.0,-64.55856093999999,-45.535599,-42.182202
567.0,6.0,-68.40579490999997,-57.570528,-34.247278
567.0,12.0,-19.87972977821429,-54.507733,-33.072539
567.0,17.0,-25.55707673999999,-39.27547,-50.756936
567.0,19.0,-48.73834339000001,-67.083056,-29.664102
567.0,24.0,-44.24418797999997,-77.827867,-39.517705
567.0,28.0,-10.065455409999998,-24.392875,74.864622
568.0,2.0,-63.07059153000001,-45.432922,-63.013936
568.0,6.0,-63.55849836,-57.472353,-58.308395
568.0,12.0,-19.09947126821429,-54.518299,-64.899453
568.0,13.0,-1.3080104899999991,-11.817068,239.259713
568.0,17.0,-25.93305351999999,-39.250753,-42.297803
568.0,19.0,-45.65285019000001,-67.029082,-46.058106
568.0,24.0,-43.57257132999998,-77.773735,-61.045387
568.0,28.0,-9.573967409999996,-24.330975,62.270519
569.0,2.0,-64.98346454000004,-45.287057,-47.806843
569.0,6.0,-71.77923697999996,-57.343251,-50.308529
569.0,12.0,-20.988706200000006,-54.596176,-50.156576
569.0,13.0,-5.146147800000001,-11.694065,-58.004134
569.0,17.0,-26.382337579999994,-39.242478,-30.742005
569.0,19.0,-50.46981570000002,-66.998637,-43.204733
569.0,24.0,-44.13088858000001,-77.759396,-46.604354
569.0,28.0,-9.234790679999996,-24.237186,63.565728
570.0,6.0,-69.84592159999995,-57.097546,-23.660947
570.0,12.0,-19.277675318214282,-54.736024,-40.982693
570.0,13.0,-1.7530335600000004,-11.52917,-19.090697
570.0,17.0,-24.509843939999993,-39.185228,-2.257607
570.0,19.0,-51.602225180000026,-66.914378,-20.190023
570.0,24.0,-46.83583513999997,-77.739043,-19.519763
570.0,28.0,-10.659211120000002,-24.038009,92.262199
571.0,2.0,-65.36912299000001,-44.727669,-34.415925
571.0,6.0,-62.493092869999984,-56.788227,-55.032151
571.0,12.0,-18.953999228214286,-54.88871,-53.67069
571.0,13.0,2.655147020000001,-11.318315,-32.356342
571.0,14.0,-10.54074724,-7.471332,84.511544
571.0,17.0,-26.39123176,-39.119245,-14.602215
571.0,19.0,-43.8451410875,-66.805242,-51.516634
571.0,24.0,-43.61137684999998,-77.693336,-57.616102
571.0,28.0,-10.475266439999999,-23.801467,37.534993
572.0,2.0,-62.96013630999999,-43.350103,-69.573529
572.0,6.0,-58.86613137000002,-55.690515,-86.045729
572.0,12.0,-21.037515668214287,-54.345911,-96.56645
572.0,14.0,-10.902709479999997,-7.398743,8.247001
572.0,17.0,-26.105830920000002,-39.12952,-59.838868
572.0,19.0,-43.857561927499994,-66.204895,-91.887171
572.0,24.0,-44.15196532999996,-76.526938,-92.772424
572.0,28.0,-11.077284909999994,-23.587097,25.271804
573.0,2.0,-64.11392053,-45.264332,-75.941915
573.0,6.0,-62.92440788000005,-57.916347,-98.976315
573.0,12.0,-18.980653598214296,-53.011957,-97.859432
573.0,13.0,-4.126603939999997,-11.053261,-1.274363
573.0,14.0,-10.900758749999998,-9.535591,56.699459
573.0,17.0,-26.23727829,-40.015658,-61.401014
573.0,19.0,-47.05607396000002,-67.141006,-97.46626
573.0,24.0,-43.83763485999998,-76.503263,-108.367389
573.0,28.0,-10.706760139999997,-25.6326,21.90619
574.0,2.0,-64.39427638000001,-49.461272,-41.28169
574.0,6.0,-63.463909210000004,-58.167037,-47.696626
574.0,12.0,-18.547129078214287,-58.89964,-50.129186
574.0,17.0,-26.500524879999993,-35.335783,37.06353
574.0,19.0,-45.340499340000015,-66.218921,-43.404709
574.0,24.0,-43.985548779999974,-82.772953,-50.938518
574.0,28.0,-10.213857149999999,-20.297035,44.472501
575.0,2.0,-62.50551610999999,-49.875742,-132.105654
575.0,6.0,-58.11986697000003,-58.175624,-123.29331
575.0,12.0,-20.91288952821429,-59.424546,-130.35992
575.0,13.0,-5.73290094,-17.922102,28.70345
575.0,19.0,-45.341436520000016,-66.071632,-126.123652
575.0,24.0,-44.02048329999996,-83.330592,-126.53449
575.0,28.0,-11.305127769999991,-19.763402,-19.213201
576.0,2.0,-60.82392538999999,-46.148569,-121.777249
576.0,6.0,-48.137201959999985,-55.599663,-127.946873
576.0,12.0,-18.74248405821429,-57.469054,-131.11409
576.0,19.0,-45.56136441,-64.830599,-128.980968
576.0,24.0,-44.681561401428546,-79.884574,-133.977821
576.0,28.0,-10.745078049999993,-19.932109,-28.873054
577.0,2.0,-62.698498230000006,-48.566553,-115.226311
577.0,6.0,-54.65514393,-68.400507,-116.861399
577.0,12.0,-19.88362921821429,-63.355421,-120.336665
577.0,17.0,-26.79916943000001,-54.084423,-57.956332
577.0,19.0,-44.270260667499976,-84.084029,-119.277718
577.0,24.0,-44.113445853999984,-89.849003,-120.257919
577.0,28.0,-11.236160729999995,-34.141454,-34.147346
578.0,2.0,-64.31182403,-39.697631,-80.0239
578.0,6.0,-59.14220987999999,-71.942419,-76.335966
578.0,12.0,-20.16481564,-75.823212,-87.102772
578.0,13.0,-4.293668879999999,13.37618,171.811595
578.0,14.0,-12.073391319999992,-18.022932,7.262692
578.0,17.0,-27.333817200000013,-73.704032,-36.522963
578.0,19.0,-44.66143125750002,-102.914083,-82.607317
578.0,24.0,-43.46330148999998,-100.015704,-87.017803
578.0,28.0,-11.975050159999991,-42.263273,-75.475906
579.0,2.0,-63.28687678999997,-40.767601,-40.61161
579.0,6.0,-61.37139265999996,-87.857917,-39.705022
579.0,12.0,-22.899255169999996,-84.728082,-37.058721
579.0,14.0,-11.702854999999998,-31.956159,44.346248
579.0,17.0,-28.597897779999997,-99.711056,-36.408281
579.0,19.0,-47.560862337500005,-129.321078,-43.01944
579.0,24.0,-47.91458730999998,-113.345415,-48.537583
579.0,28.0,-11.660967389999996,-60.993113,-9.049881
580.0,2.0,-65.87246295999998,-40.080358,-53.999081
580.0,6.0,-62.35928667999999,-90.368025,-83.127583
580.0,12.0,-24.45197094999999,-87.978821,-92.468743
580.0,13.0,-7.236381460000001,32.325101,110.144734
580.0,14.0,-12.671761919999996,-33.712803,-2.180436
580.0,15.0,-7.608933190000004,12.346286,74.274737
580.0,17.0,-28.470861030000002,-105.20693,-98.774804
580.0,19.0,-47.146176537500004,-135.067383,-87.712222
580.0,24.0,-53.15881554999999,-116.866352,-92.988674
580.0,28.0,-12.455710909999995,-63.995066,-29.839953
581.0,2.0,-62.40122494,-39.441965,-107.595234
581.0,6.0,-62.5561575,-92.722963,-97.452778
581.0,12.0,-21.32188361,-90.701161,-104.869516
581.0,13.0,-6.0517555000000005,35.924209,97.587735
581.0,17.0,-28.98842431999999,-110.313569,-110.50136
581.0,19.0,-45.32065387000001,-140.3076,-104.790552
581.0,24.0,-49.163051699999976,-119.875979,-106.554582
581.0,28.0,-12.004993999999993,-66.921651,-53.190254
582.0,2.0,-62.97054191999995,-38.898484,-36.916377
582.0,6.0,-52.551116809999996,-92.962497,-46.200309
582.0,12.0,-22.12480021,-91.11022,-59.606585
582.0,14.0,-11.646609489999994,-35.97964,113.285409
582.0,15.0,-9.760480920000006,16.090444,35.797073
582.0,17.0,-27.95842924,-111.499905,-54.25939
582.0,19.0,-48.05702671749999,-141.324855,-56.400461
582.0,24.0,-52.92171328999998,-120.163651,-62.109548
582.0,28.0,-11.909269949999992,-67.563812,-22.332693
583.0,2.0,-64.27608579999996,-39.165526,-93.100724
583.0,6.0,-62.645276409999994,-93.128414,-112.39405
583.0,12.0,-21.37199203999999,-90.283364,-116.599875
583.0,13.0,-6.094812960000001,36.833876,109.647396
583.0,17.0,-28.31103697,-111.297239,-104.591866
583.0,19.0,-50.69213132750002,-140.948412,-112.830516
583.0,24.0,-49.81187254999998,-119.518851,-122.352616
583.0,28.0,-11.836916919999995,-67.858749,-61.226467
584.0,2.0,-64.64051701999995,-39.717225,-133.044443
584.0,6.0,-65.25602588,-93.73284,-149.946027
584.0,12.0,-21.40156379999999,-89.876362,-142.182775
584.0,14.0,-12.439493839999994,-37.019064,-14.395431
584.0,15.0,-6.960982140000003,16.337164,61.727585
584.0,17.0,-28.683892099999998,-111.479754,-139.993836
584.0,19.0,-50.234529997500005,-141.141319,-149.644802
584.0,24.0,-49.24879216999998,-119.45573,-162.004577
584.0,28.0,-12.224025779999995,-68.390322,-111.021336
585.0,2.0,-64.07576294999996,-39.757319,-202.947301
585.0,6.0,-64.28545428,-93.807554,-169.355733
585.0,12.0,-20.449854919999993,-89.904583,-161.301571
585.0,13.0,-6.013920030000001,36.630592,28.649316
585.0,14.0,-12.456470709999994,-37.053576,-61.582599
585.0,15.0,-7.051031990000004,16.387962,55.432123
585.0,17.0,-28.361953200000002,-111.541113,-163.815508
585.0,19.0,-48.23111423749999,-141.21224,-175.867018
585.0,24.0,-48.76210181999998,-119.487461,-186.997968
585.0,28.0,-12.269840929999994,-68.43802,-133.905386
586.0,2.0,-63.718762959999964,-39.752332,-174.203518
586.0,6.0,-64.55718494,-93.809723,-180.974737
586.0,12.0,-20.406921599999993,-89.960213,-175.537738
586.0,13.0,-6.180266529999998,36.674336,40.430853
586.0,14.0,-11.856860019999992,-37.014882,-68.492779
586.0,15.0,-6.809816110000002,16.408764,30.635495
586.0,17.0,-28.361953200000002,-111.547527,-157.866136
586.0,19.0,-48.23493435750001,-141.229417,-186.434588
586.0,24.0,-48.69904767999999,-119.509423,-185.602552
586.0,28.0,-12.184420189999992,-68.40986,-136.034695
587.0,6.0,-64.57494924999999,-93.818275,-197.609969
587.0,12.0,-20.982188489999995,-90.035043,-184.20134
587.0,13.0,-7.098047940000002,36.736523,30.479225
587.0,14.0,-11.851605379999992,-36.978125,-71.359635
587.0,15.0,-7.487716910000004,16.440049,44.344278
587.0,17.0,-28.30128283,-111.576283,-155.632365
587.0,19.0,-48.11914536749999,-141.270694,-188.185829
587.0,24.0,-47.347168300000014,-119.548847,-187.136745
587.0,28.0,-12.027531619999992,-68.389711,-153.287753
588.0,2.0,-65.74727414999995,-39.71387,-262.768333
588.0,6.0,-65.23318723,-93.863289,-184.653288
588.0,12.0,-22.307447839999995,-90.10124,-184.469894
588.0,13.0,-6.752289080000002,36.85986,32.902275
588.0,15.0,-7.1476561000000025,16.541669,72.797802
588.0,17.0,-28.195383960000004,-111.684915,-147.993854
588.0,19.0,-49.33514,-141.375602,-202.577845
588.0,24.0,-50.902001529999986,-119.588881,-172.564658
588.0,28.0,-11.755129709999997,-68.437515,-121.070064
589.0,6.0,-64.57769358,-93.80231,-156.549464
589.0,12.0,-20.71544284,-90.093793,-150.310368
589.0,13.0,-7.1013974300000005,36.929225,44.567277
589.0,15.0,-7.618328109999998,16.600402,44.236564
589.0,17.0,-28.27725757999999,-111.659173,-122.717879
589.0,19.0,-48.24768158,-141.325401,-163.696702
589.0,24.0,-47.61552533,-119.52073,-150.345477
589.0,28.0,-10.193713999999995,-68.39072,-114.402343
590.0,6.0,-58.20469692999999,-93.73969,-21.151541
590.0,12.0,-21.585774349999994,-90.102139,-28.827386
590.0,17.0,-29.076978750000002,-111.633539,5.152513
590.0,19.0,-47.439486457499996,-141.280307,-30.368867
590.0,24.0,-51.58763744142854,-119.465882,-14.236815
590.0,28.0,-11.694370669999998,-68.336422,13.447795
591.0,2.0,-61.59123676999999,-39.608315,106.818639
591.0,6.0,-58.41720518000002,-93.737437,-115.076194
591.0,12.0,-20.199680889999996,-90.048895,-128.48734
591.0,14.0,-11.433384019999998,-36.910318,-16.350165
591.0,15.0,-6.462006280000001,16.671076,30.64851
591.0,17.0,-28.706365969999993,-111.583426,-85.103381
591.0,19.0,-46.16869905000001,-141.219345,-141.582802
591.0,24.0,-49.26174553142855,-119.395963,-119.439443
591.0,28.0,-11.562866649999998,-68.319057,-87.374675
592.0,2.0,-62.07763091999996,-39.612055,93.95149
592.0,6.0,-52.01195688999997,-93.753311,-102.655763
592.0,12.0,-21.454747629999996,-90.059311,-127.04589
592.0,13.0,-10.41858077,37.03306,78.761688
592.0,14.0,-12.011711849999998,-36.907882,11.248409
592.0,15.0,-11.3270592,16.713462,-5.477276
592.0,17.0,-28.222048849999997,-111.595162,-80.574287
592.0,19.0,-45.595088427499995,-141.229013,-108.347891
592.0,24.0,-52.65582280142857,-119.384184,-109.293354
592.0,28.0,-11.762994349999996,-68.319483,-61.902581
593.0,2.0,-62.84910181999998,-39.615076,56.556157
593.0,6.0,-52.31052249999997,-93.792237,-111.792038
593.0,12.0,-22.451916890000007,-90.09906,-132.108401
593.0,13.0,-10.128042940000002,37.10134,81.349537
593.0,14.0,-12.182030769999999,-36.917896,-1.895415
593.0,15.0,-11.406679529999996,16.773087,-21.92674
593.0,17.0,-28.191454049999997,-111.649619,-93.334416
593.0,19.0,-45.815684187500004,-141.286144,-110.719619
593.0,24.0,-55.569924261428575,-119.405627,-121.332835
593.0,28.0,-12.326147019999997,-68.342943,-80.425519
594.0,2.0,-62.80665324999998,-39.632372,12.621159
594.0,6.0,-51.96051315999998,-93.808415,-108.655301
594.0,12.0,-22.23014918000001,-90.091536,-128.66046
594.0,13.0,-9.7585088,37.121116,66.456646
594.0,14.0,-12.170639859999996,-36.916325,8.754728
594.0,17.0,-27.33612535000001,-111.641032,-102.090223
594.0,19.0,-45.4720485475,-141.275989,-119.354987
594.0,24.0,-54.558448553999995,-119.381225,-128.271989
594.0,28.0,-12.009112589999996,-68.338835,-87.746984
595.0,2.0,-62.90398377999998,-39.655347,25.547347
595.0,6.0,-52.15810583999997,-93.845324,-98.733823
595.0,12.0,-21.922430259999995,-90.099262,-121.955821
595.0,13.0,-6.101459130000002,37.153858,70.7562
595.0,14.0,-12.177022499999998,-36.927749,17.570301
595.0,17.0,-27.389797079999997,-111.660823,-93.175327
595.0,19.0,-45.85413038749999,-141.297861,-107.668324
595.0,24.0,-54.456075261428566,-119.378336,-112.844006
595.0,28.0,-11.919458269999998,-68.354132,-96.623236
596.0,2.0,-63.581595280000045,-39.688708,39.224489
596.0,6.0,-53.723888849999994,-93.911842,-99.814898
596.0,12.0,-23.16772358,-90.12414,-119.247048
596.0,13.0,-9.217980659999997,37.201286,64.749441
596.0,14.0,-11.168421479999996,-36.958722,17.555186
596.0,15.0,-9.565590310000001,16.894635,47.575609
596.0,17.0,-27.840165449999986,-111.717451,-107.763262
596.0,19.0,-49.348679520000005,-141.361358,-98.228008
596.0,24.0,-56.06156854999998,-119.40259,-116.812773
596.0,28.0,-10.906087349999996,-68.39689,-84.344019
597.0,2.0,-63.33450868000002,-39.719489,-5.877938
597.0,6.0,-66.20986805999998,-93.980657,-71.601279
597.0,12.0,-22.034734829999998,-90.149438,-90.416914
597.0,13.0,-7.75905354,37.255287,92.457839
597.0,17.0,-28.39392421999998,-111.781499,-87.524364
597.0,19.0,-51.409002120000004,-141.43079,-66.041092
597.0,24.0,-52.79264025999997,-119.427304,-86.67122
597.0,28.0,-11.274846609999997,-68.444963,-54.036202
598.0,2.0,-64.95068648000004,-39.724665,-4.150522
598.0,6.0,-64.91530703999999,-94.005857,-27.749434
598.0,12.0,-21.56560899,-90.162188,-54.877146
598.0,13.0,-7.623793250000001,37.3048,94.475439
598.0,17.0,-28.277975269999985,-111.807008,-54.58665
598.0,19.0,-54.594334479999986,-141.453909,-37.048412
598.0,24.0,-53.20228160999998,-119.420806,-48.413133
598.0,28.0,-11.065984189999996,-68.456675,-20.904305
599.0,2.0,-65.02907114000003,-39.724812,17.2498
599.0,6.0,-62.40082022999998,-93.998834,-20.948246
599.0,12.0,-22.817240649999984,-90.146944,-53.88131
599.0,15.0,-9.1944703,17.035067,187.662773
599.0,17.0,-28.197949519999995,-111.78269,-47.7804
599.0,19.0,-50.868481540000005,-141.421921,-42.68462
599.0,24.0,-53.98384024999999,-119.377999,-47.20625
599.0,28.0,-11.027318369999996,-68.436605,-21.752853
600.0,2.0,-62.228491109999965,-39.726691,10.848249
600.0,6.0,-50.99386190999998,-94.015817,-60.568488
600.0,12.0,-20.7146082,-90.149644,-87.500124
600.0,14.0,-11.393973009999995,-36.991776,126.158768
600.0,17.0,-27.37475172,-111.797934,-80.113888
600.0,19.0,-45.6304735075,-141.431576,-75.795809
600.0,24.0,-52.510768624,-119.359159,-78.635673
600.0,28.0,-12.110552389999993,-68.442971,-61.139193
601.0,2.0,-65.17706648999997,-39.727641,-5.627869
601.0,6.0,-62.976699559999986,-94.048392,-107.645381
601.0,12.0,-22.902389479999997,-90.165661,-123.348911
601.0,13.0,-6.151629379999999,37.437795,95.216753
601.0,14.0,-12.749442509999993,-37.008785,75.552335
601.0,17.0,-28.021967569999987,-111.841902,-120.370948
601.0,19.0,-48.15654491749999,-141.470882,-104.606598
601.0,24.0,-53.81592613000001,-119.356837,-113.299365
601.0,28.0,-12.554757779999994,-68.467628,-106.95759
602.0,2.0,-65.62876557999998,-39.707873,-53.254477
602.0,6.0,-64.20778744,-94.11606,-138.84031
602.0,12.0,-22.601502729999982,-90.252347,-149.82429
602.0,13.0,-7.337740910000001,37.574718,72.104325
602.0,14.0,-11.864281869999996,-37.043842,32.809217
602.0,15.0,-8.330458970000004,17.260371,-94.848938
602.0,17.0,-27.75243736999999,-111.980955,-136.562591
602.0,19.0,-48.848142347499994,-141.611693,-131.900995
602.0,24.0,-52.77894781,-119.423232,-137.787923
602.0,28.0,-12.259946479999991,-68.53433,-117.327366
603.0,2.0,-66.14597154999997,-39.700734,-75.045265
603.0,6.0,-65.15986341999998,-94.20446,-129.865882
603.0,12.0,-21.704261839999994,-90.358506,-151.318038
603.0,13.0,-3.744483629999998,37.713702,83.592626
603.0,14.0,-11.844098219999992,-37.084485,6.358783
603.0,15.0,-4.796936549999998,17.36922,-70.824972
603.0,17.0,-27.394651009999993,-112.139247,-160.43797
603.0,19.0,-48.2106864875,-141.779925,-130.354998
603.0,24.0,-50.77099385,-119.516417,-135.300108
603.0,28.0,-11.754025609999996,-68.612947,-133.911328
604.0,2.0,-65.75326163999996,-39.757217,-52.471717
604.0,6.0,-63.78035320999999,-94.269988,-142.498185
604.0,12.0,-23.232704679999994,-90.360553,-152.73647
604.0,13.0,-1.69915801,37.722039,76.855205
604.0,14.0,-12.06443278999999,-37.110688,-21.256702
604.0,17.0,-27.720465679999993,-112.159643,-165.66827
604.0,19.0,-47.711620547500004,-141.810753,-138.989454
604.0,24.0,-52.06706142000003,-119.525461,-143.042083
604.0,28.0,-11.94525039999999,-68.643007,-131.550679
605.0,2.0,-66.33016716000004,-39.817511,-16.71171
605.0,6.0,-67.32870994999996,-94.33296,-124.331046
605.0,12.0,-21.878616729999994,-90.342557,-162.516711
605.0,13.0,-5.775825910000001,37.720724,98.683495
605.0,14.0,-11.00691416,-37.142412,-24.563152
605.0,15.0,-6.584476970000002,17.419291,-7.62886
605.0,17.0,-27.916788289999985,-112.168211,-150.46729
605.0,19.0,-51.47393184000002,-141.825613,-128.746753
605.0,24.0,-51.89317855,-119.516871,-129.861975
605.0,28.0,-11.277810129999999,-68.673514,-123.46484
606.0,2.0,-65.76242821000004,-39.864768,34.176945
606.0,6.0,-67.3138536,-94.411968,-56.894538
606.0,12.0,-23.61818404999999,-90.368787,-99.862438
606.0,14.0,-11.155193899999997,-37.178131,28.055564
606.0,15.0,-8.750885640000002,17.465618,24.154736
606.0,17.0,-28.304027239999982,-112.226536,-97.624768
606.0,19.0,-51.89442608,-141.895298,-49.728899
606.0,24.0,-53.22688423,-119.549341,-66.819833
606.0,28.0,-10.779367619999995,-68.721877,-58.24267
607.0,2.0,-62.817470810000025,-39.91225,55.182702
607.0,6.0,-64.25721838000001,-94.503262,-51.750576
607.0,12.0,-21.68411479999999,-90.434437,-86.816402
607.0,14.0,-6.534325720000003,-37.206491,-0.148473
607.0,17.0,-26.895282589999983,-112.309525,-103.0562
607.0,19.0,-48.19333601,-141.999991,-50.614011
607.0,24.0,-50.87701037000001,-119.620612,-65.774088
607.0,28.0,-6.2712898100000025,-68.773256,-51.643965
608.0,2.0,-65.10718654999998,-39.95561,-36.979456
608.0,6.0,-66.10130183999999,-94.60508,-85.196818
608.0,12.0,-20.066611819999995,-90.530726,-55.574908
608.0,13.0,-3.7432513599999986,37.882793,119.419912
608.0,14.0,-11.255626349999995,-37.233369,-47.01755
608.0,15.0,-4.762358129999999,17.562733,-17.256617
608.0,17.0,-27.436473789999987,-112.419216,-119.984079
608.0,19.0,-48.890372320000004,-142.137261,-77.163372
608.0,24.0,-47.47020203000001,-119.721271,-89.51593
608.0,28.0,-10.966542509999996,-68.83198,-79.913523
609.0,2.0,-63.89401494999999,-39.962335,-42.398844
609.0,6.0,-64.60043355999997,-94.750042,-101.788381
609.0,12.0,-21.976927389999986,-90.742952,-96.412205
609.0,13.0,-2.53570883,38.063176,95.461529
609.0,14.0,-12.655332009999997,-37.273677,-71.802958
609.0,17.0,-27.251876719999988,-112.664467,-149.630398
609.0,19.0,-46.80156345999999,-142.422047,-112.287349
609.0,24.0,-48.18596105000002,-119.929128,-114.39484
609.0,28.0,-12.654645169999995,-68.940995,-119.42711
610.0,2.0,-65.90329546999996,-39.884529,-40.709682
610.0,6.0,-63.98715062999999,-94.783611,-83.449392
610.0,12.0,-22.608806719999993,-90.9172,-104.295034
610.0,13.0,-4.630954959999998,38.262414,103.54406
610.0,14.0,-12.066830659999999,-37.257667,-69.982958
610.0,17.0,-27.77484926999999,-112.836968,-137.334383
610.0,19.0,-47.42843754,-142.603592,-99.239601
610.0,24.0,-51.81316689000001,-120.047486,-110.643237
610.0,28.0,-12.349603319999995,-68.975389,-106.820885
611.0,2.0,-64.04693141000003,-39.914494,-46.672514
611.0,6.0,-68.09663261999998,-94.890199,-130.651605
611.0,12.0,-21.597116609999993,-90.987977,-136.289081
611.0,13.0,-5.354835670000003,38.359388,82.128259
611.0,14.0,-7.1812660100000025,-37.314306,-96.766637
611.0,17.0,-27.489813139999978,-112.969995,-153.943363
611.0,19.0,-48.33678034,-142.749033,-165.783779
611.0,24.0,-48.9607866,-120.123537,-153.255559
611.0,28.0,-7.669669,-69.061406,-146.205302
612.0,2.0,-62.351304349999985,-40.09043,13.165179
612.0,6.0,-65.30528479,-95.163582,-65.935159
612.0,12.0,-18.77051127,-91.043805,-91.004191
612.0,14.0,-7.418027100000002,-37.482218,-24.398151
612.0,17.0,-27.45049085999998,-113.176788,-74.3998
612.0,19.0,-47.779078779999985,-143.000003,-65.794509
612.0,24.0,-47.831785169999975,-120.274512,-77.057049
612.0,28.0,-7.86695427,-69.268938,-69.655577
613.0,2.0,-63.65769906999997,-40.148867,15.407013
613.0,6.0,-64.9095226,-95.184371,-113.444712
613.0,12.0,-20.631168470000002,-91.018182,-107.209967
613.0,14.0,-11.36834922,-37.4674,-29.458341
613.0,17.0,-27.64338235999999,-113.117022,-118.364931
613.0,19.0,-48.405659419999985,-142.950967,-107.64627
613.0,24.0,-49.980977649999986,-120.245213,-119.052943
613.0,28.0,-11.640868399999997,-69.243318,-111.265673
614.0,2.0,-66.76055958000006,-40.089124,-55.851149
614.0,6.0,-67.60832120999996,-95.001887,-186.810888
614.0,13.0,-6.575362579999998,38.28433,38.33792
614.0,14.0,-11.448756709999996,-37.337634,-112.983368
614.0,17.0,-28.37383033999999,-112.872218,-162.913066
614.0,19.0,-50.91099050999999,-142.670569,-148.3644
614.0,24.0,-51.872069730000014,-120.041322,-188.424057
614.0,28.0,-10.859992549999994,-69.059864,-190.610209
615.0,2.0,-66.31527170999996,-40.021502,-12.008279
615.0,6.0,-67.64202245999998,-94.854374,-148.146443
615.0,12.0,-19.947305259999997,-90.785911,-138.877297
615.0,14.0,-10.81335971,-37.25446,-81.939647
615.0,17.0,-27.394477599999988,-112.696794,-135.474676
615.0,19.0,-49.62617617,-142.450751,-151.306728
615.0,24.0,-50.677118319999984,-119.850069,-163.459689
615.0,28.0,-11.21688841,-68.931729,-162.920144
616.0,2.0,-63.95272864999997,-39.911571,-66.252722
616.0,6.0,-66.13610147999997,-94.743587,-170.432017
616.0,12.0,-18.96337580999999,-90.695418,-157.104879
616.0,13.0,-3.4834261699999995,38.355087,53.516943
616.0,14.0,-7.3525381700000025,-37.233203,-76.457511
616.0,17.0,-27.24479850999998,-112.643385,-151.52397
616.0,19.0,-46.15796871999999,-142.334207,-185.797611
616.0,24.0,-47.63235788999999,-119.680851,-173.933599
616.0,28.0,-7.75664119,-68.883154,-188.007509
617.0,2.0,-63.26914880999997,-39.677801,-61.520489
617.0,6.0,-67.59721028999998,-94.337309,-168.834621
617.0,12.0,-19.61807219,-90.353888,-166.949618
617.0,13.0,-2.2194563399999994,38.324748,54.554964
617.0,17.0,-27.190173049999995,-112.241492,-164.570928
617.0,19.0,-49.347730189999986,-141.786998,-217.925922
617.0,24.0,-49.809191089999985,-119.166751,-174.956679
617.0,28.0,-9.954094749999994,-68.607581,-170.837301
618.0,2.0,-63.33961475999996,-39.727647,-115.466141
618.0,6.0,-67.26209108999996,-93.900768,-184.027653
618.0,12.0,-18.78940927,-89.579041,-155.706045
618.0,13.0,-2.8353102699999995,37.786013,19.445471
618.0,14.0,-9.744889659999997,-36.930198,-74.987461
618.0,17.0,-27.833302769999992,-111.348691,-146.616332
618.0,19.0,-49.83734660999998,-140.747629,-212.856941
618.0,24.0,-47.978030749999995,-118.330583,-181.35793
618.0,28.0,-9.491815259999996,-68.209351,-195.848624
619.0,6.0,-69.74393634999996,-93.469288,-227.975595
619.0,14.0,-9.515893639999994,-36.676802,-90.885862
619.0,15.0,-3.1242646599999984,17.707903,112.405596
619.0,17.0,-26.547440039999987,-110.899886,-211.897435
619.0,19.0,-49.31836845999998,-140.19616,-234.958513
619.0,24.0,-45.38354503000001,-117.902006,-223.093288
619.0,28.0,-9.595934809999994,-67.850323,-194.659927
620.0,2.0,-64.49887569000002,-39.358753,-78.329506
620.0,6.0,-68.78654765999995,-93.159447,-163.642293
620.0,12.0,-20.53158865,-89.198846,-144.473782
620.0,13.0,-5.259303719999999,37.653108,42.222934
620.0,17.0,-27.826720409999986,-110.562454,-149.295027
620.0,19.0,-51.24559361000001,-139.799329,-184.433591
620.0,24.0,-49.323712109999995,-117.617903,-167.663743
620.0,28.0,-9.842995179999996,-67.566807,-139.969804
621.0,2.0,-62.494502390000015,-39.156182,-7.315365
621.0,6.0,-52.67738991000001,-92.786798,5.375927
621.0,12.0,-20.443334840000006,-89.197437,-33.575413
621.0,17.0,-28.483897959999986,-110.212731,-4.419163
621.0,19.0,-47.63270377999999,-139.42052,-21.984038
621.0,24.0,-53.67167395999995,-117.423383,-22.242984
621.0,28.0,-10.751083389999996,-67.188665,15.275493
622.0,2.0,-64.00326016999996,-38.784822,-8.063928
622.0,6.0,-61.09097877999999,-92.402802,-58.079106
622.0,12.0,-22.04696862999999,-89.516591,-63.470136
622.0,14.0,-12.202420549999992,-35.727521,34.054116
622.0,17.0,-28.353235559999998,-110.113517,-60.353012
622.0,19.0,-48.86249644,-139.318345,-70.564469
622.0,24.0,-50.88373916142857,-117.466583,-70.20784
622.0,28.0,-12.42845853999999,-66.818167,-43.597157
623.0,2.0,-62.79976857999997,-39.256234,-82.230854
623.0,6.0,-61.417440209999995,-92.974626,-85.072603
623.0,12.0,-20.869877409999994,-89.515841,-101.377114
623.0,13.0,-6.472285609999997,37.732707,146.471123
623.0,15.0,-7.385696660000001,17.547513,69.276899
623.0,17.0,-29.326074099999982,-110.401986,-97.31836
623.0,19.0,-45.52725147000001,-139.713955,-98.724011
623.0,24.0,-49.15810180999996,-117.73416,-100.251781
623.0,28.0,-11.498317949999999,-67.225966,-66.057709
624.0,2.0,-63.04756162,-39.930058,-6.284939
624.0,6.0,-60.39135596,-92.460544,-8.720498
624.0,12.0,-21.650773159999993,-87.769328,-7.236798
624.0,17.0,-29.33551534999999,-108.410458,-21.753111
624.0,19.0,-46.70503329,-137.569291,-15.818758
624.0,24.0,-50.61947339999997,-116.173659,-18.23512
624.0,28.0,-12.398540339999995,-66.551811,16.788458
625.0,2.0,-63.40862275000002,-37.783783,-9.216996
625.0,6.0,-52.32628153,-88.074353,-21.12862
625.0,12.0,-21.37304199,-85.819439,-0.171527
625.0,13.0,-8.671967500000003,34.889276,86.569922
625.0,15.0,-9.53151317,15.360576,4.347731
625.0,17.0,-29.196755019999987,-103.858187,-30.719681
625.0,19.0,-49.42798749000001,-132.2162,-26.972251
625.0,24.0,-54.27924818999996,-112.529439,-32.050597
625.0,28.0,-10.779334219999999,-62.777263,-7.852337
626.0,2.0,-62.895347660000034,-35.901305,-7.941615
626.0,6.0,-55.801990279999984,-82.823656,-91.988501
626.0,12.0,-22.01679207,-78.780738,-92.150781
626.0,13.0,-9.36929077,32.149901,0.932848
626.0,14.0,-11.185624029999996,-32.003596,-11.520642
626.0,15.0,-9.70291788,14.673478,-19.764882
626.0,17.0,-28.600262279999992,-96.927795,-91.972606
626.0,19.0,-49.284257579999995,-123.151873,-87.380771
626.0,24.0,-54.262858429999966,-104.192147,-94.156421
626.0,28.0,-10.47131789,-59.418552,-9.801112
627.0,2.0,-64.53255768000004,-37.131064,-2.050881
627.0,6.0,-54.39859208,-84.68908,-87.139335
627.0,12.0,-22.655685039999998,-84.301011,-64.247864
627.0,14.0,-11.075681679999994,-30.277353,-16.472357
627.0,15.0,-12.834743770000005,12.891548,-58.913047
627.0,17.0,-28.03931095,-98.948635,-86.867052
627.0,19.0,-48.88927650999999,-127.141985,-87.232503
627.0,24.0,-57.92016526,-109.927986,-91.190488
627.0,28.0,-10.85198863,-59.010146,-23.213249
628.0,2.0,-64.68893903,-27.420088,-79.802252
628.0,6.0,-54.36818837000001,-64.197568,-153.381758
628.0,12.0,-22.272149250000002,-71.003355,-117.060733
628.0,14.0,-10.949076369999998,-19.401539,-91.561154
628.0,15.0,-12.715467260000002,8.077798,-94.452878
628.0,17.0,-28.014554209999993,-76.809557,-126.507151
628.0,19.0,-49.24456485000002,-100.096498,-150.207265
628.0,24.0,-57.03502309999998,-89.396357,-154.74124
628.0,28.0,-11.267495989999995,-42.713985,-92.177371
629.0,2.0,-64.10077700000001,-26.09882,-65.199979
629.0,6.0,-52.044383210000014,-65.176197,-126.930903
629.0,12.0,-21.120525720000003,-67.409494,-116.706213
629.0,14.0,-10.243231990000002,-23.583474,-66.388877
629.0,17.0,-27.62954714999999,-79.835384,-105.283333
629.0,19.0,-48.77508575000001,-101.190203,-126.286
629.0,24.0,-56.87157503999998,-86.173203,-133.150339
629.0,28.0,-10.476011819999997,-46.534868,-76.715728
630.0,2.0,-64.25649527000004,-8.75293,-59.077698
630.0,6.0,-52.170038440000006,-34.01031,-98.580417
630.0,12.0,-21.755063529999997,-47.359348,-86.983355
630.0,13.0,-11.528051349999997,23.613282,57.865663
630.0,14.0,-10.233093230000001,-8.773013,-37.601314
630.0,17.0,-28.238147979999994,-49.74325,-100.451486
630.0,19.0,-48.46545967,-62.51128,-105.231097
630.0,24.0,-57.05420154999998,-54.481664,-105.330167
630.0,28.0,-10.544107879999991,-23.860093,-42.591008
631.0,2.0,-64.00954788999996,-8.224819,7.524592
631.0,6.0,-49.006621069999994,-22.743354,-38.665019
631.0,12.0,-23.240464430000003,-40.150122,-48.255728
631.0,15.0,-14.01990399000001,-0.802643,-23.089109
631.0,17.0,-26.496442999999996,-30.95748,-24.866937
631.0,19.0,-46.59474544,-43.276676,-50.043644
631.0,24.0,-55.144622709999986,-44.507081,-44.279306
631.0,28.0,-10.506727569999995,-10.833852,-20.960572
632.0,2.0,-60.16473610999999,-20.950961,-53.471415
632.0,6.0,-44.703437144750005,-38.032026,-93.120622
632.0,12.0,-21.861124410000002,-43.942331,-99.660915
632.0,13.0,-13.45936471,8.01891,37.474661
632.0,14.0,-8.605817980000001,-7.079416,15.069557
632.0,15.0,-13.633021000000003,-3.13581,-45.257595
632.0,17.0,-27.05422856,-39.215361,-51.877788
632.0,19.0,-46.086652859999994,-55.766057,-97.485152
632.0,24.0,-53.580220815000004,-55.763627,-94.887648
632.0,28.0,-8.558096999999998,-20.641489,-47.027189
633.0,2.0,-61.13846479999996,-17.211025,-69.307423
633.0,6.0,-49.12742382,-30.074657,-78.584425
633.0,12.0,-22.870673219999993,-31.220064,-84.404312
633.0,13.0,-14.976870450000002,5.144391,71.328136
633.0,17.0,-27.81098997999999,-29.720348,-33.29367
633.0,19.0,-46.877802720000005,-41.983423,-63.407211
633.0,24.0,-52.800914754999994,-41.138771,-68.952658
633.0,28.0,-10.851180019999997,-17.081996,-40.76721
634.0,2.0,-61.920360550000005,-10.394181,-87.922791
634.0,6.0,-44.568248236,-17.679286,-114.867979
634.0,12.0,-22.232055919999997,-32.686322,-66.097943
634.0,13.0,-15.241628210000005,3.280172,50.517102
634.0,17.0,-27.07539762000001,-18.711487,-84.86417
634.0,19.0,-48.002347740000005,-30.594418,-101.616511
634.0,24.0,-55.19938460399998,-36.894445,-127.236187
634.0,28.0,-9.929160699999995,-4.511629,-53.366557
635.0,2.0,-60.600411510000015,48.88492,41.726485
635.0,6.0,-43.977304317666686,28.305802,-53.495502
635.0,12.0,-20.963236690000002,-43.725336,-16.866574
635.0,13.0,-15.9423527,51.35785,36.165235
635.0,17.0,-27.72019691,-25.31274,-69.426288
635.0,19.0,-47.64747218,-21.930349,-71.018654
635.0,24.0,-48.376575051428524,-17.465353,-74.649377
635.0,28.0,-9.61111804999999,15.741995,-45.570486
636.0,2.0,-59.10422989999999,61.279297,70.841362
636.0,6.0,-40.08431213028573,45.819601,-11.719744
636.0,12.0,-21.193149410000004,-60.378701,30.559914
636.0,15.0,-14.801629310000003,13.995161,-18.008201
636.0,17.0,-25.341846349999987,-15.20591,-1.023937
636.0,19.0,-42.10096842999999,-14.647462,-16.298919
636.0,24.0,-46.616177712142836,-23.625135,-22.066122
636.0,28.0,-5.175212120000003,36.594083,96.212183
637.0,2.0,-58.566651969999995,2.810631,25.827269
637.0,6.0,-40.4719794702857,-35.020617,-27.146398
637.0,12.0,-20.108821329999998,-55.421815,3.233572
637.0,13.0,-13.722002949999998,43.788664,63.990836
637.0,14.0,-9.090045429999993,-13.487361,-22.699357
637.0,15.0,-13.20868864,25.187732,-4.288586
637.0,17.0,-25.61782212,-68.208112,-44.437826
637.0,19.0,-43.619000729999996,-78.017852,-47.279106
637.0,24.0,-47.81137715142856,-58.852646,-46.405111
637.0,28.0,-8.691073179999995,-31.928696,-10.981283
638.0,2.0,-59.25112826,-23.376814,-30.859393
638.0,6.0,-40.70898718028571,-50.18589,-80.588097
638.0,12.0,-21.19942827,-41.378529,-23.921713
638.0,13.0,-13.297479029999998,16.750309,-39.33988
638.0,14.0,-7.787437539999998,-21.804109,-45.024385
638.0,15.0,-12.796044349999999,9.134481,-78.788494
638.0,17.0,-26.52862826,-55.714368,-91.044884
638.0,19.0,-43.620966919999994,-70.307128,-69.94312
638.0,24.0,-51.175818411428565,-57.771574,-83.419253
638.0,28.0,-7.588973709999999,-36.903656,-32.762373
639.0,2.0,-64.82059137000005,-41.239329,-89.307099
639.0,6.0,-43.638919496666674,-56.194006,-119.550584
639.0,12.0,-24.288292520000006,-27.773518,-38.024963
639.0,13.0,-15.840220920000004,-6.413006,-90.314347
639.0,14.0,-9.981484290000003,-24.437217,-22.249712
639.0,15.0,-15.375216470000005,-5.526933,-91.629785
639.0,17.0,-27.550790890000012,-39.550431,-60.322632
639.0,19.0,-48.38074304000003,-56.928762,-102.819832
639.0,24.0,-55.90213651500001,-52.168369,-108.767925
639.0,28.0,-9.713489500000001,-35.594629,-47.876069
640.0,2.0,-60.90200310000004,-55.328115,-19.400305
640.0,6.0,-40.77154538266667,-64.339543,-48.630087
640.0,12.0,-23.424117650000014,-38.008767,-59.567011
640.0,14.0,-9.603788889999995,-18.721502,39.207225
640.0,17.0,-27.66034767000001,-34.815066,-18.530025
640.0,19.0,-43.965340069999996,-60.40972,-40.470996
640.0,24.0,-51.68992726499998,-67.277237,-31.574562
640.0,28.0,-9.100647629999996,-31.675473,-1.969279
641.0,2.0,-60.751414180000026,-38.351034,-3.547025
641.0,6.0,-40.877009252666696,-55.840275,-30.786306
641.0,12.0,-23.404942030000008,-49.186177,-38.782115
641.0,17.0,-27.741430370000007,-45.343652,-1.261914
641.0,19.0,-44.279867579999994,-68.246545,-18.307038
641.0,24.0,-51.50408922642855,-70.180146,-20.968381
641.0,28.0,-9.588182209999992,-29.56496,3.487662
642.0,2.0,-60.02794629000001,-39.576196,-36.569938
642.0,6.0,-39.90769654100002,-56.516714,-48.13982
642.0,12.0,-23.379844067500002,-48.047888,-38.803001
642.0,17.0,-27.176385680000013,-44.646616,-12.869209
642.0,19.0,-43.78415401000001,-67.623677,-31.794769
642.0,24.0,-49.471178291428544,-69.687754,-53.081218
642.0,28.0,-10.312510109999995,-29.925651,-4.087641
643.0,2.0,-59.579725560000014,-41.094649,-39.715271
643.0,6.0,-40.291950686000014,-57.564278,-42.468421
643.0,12.0,-23.108246067499998,-47.019429,-37.252017
643.0,17.0,-26.813933470000016,-44.174073,-11.853913
643.0,19.0,-43.51175489,-67.326171,-35.473253
643.0,24.0,-45.94656864471426,-69.48101,-48.767753
643.0,28.0,-10.250976229999992,-30.531977,-7.60429
644.0,2.0,-59.53511591,-38.068712,-19.15586
644.0,6.0,-41.058232099999984,-59.349675,-31.707896
644.0,12.0,-23.364404740000005,-47.826949,-30.303008
644.0,14.0,-10.307381209999996,-19.059203,38.253557
644.0,17.0,-26.940932890000013,-51.38541,-39.422768
644.0,19.0,-42.700179780000006,-73.068505,-25.809833
644.0,24.0,-46.23056442214284,-69.943259,-40.328763
644.0,28.0,-10.483293529999994,-35.305516,0.191442
645.0,2.0,-60.36177789000003,-38.314524,-27.829973
645.0,6.0,-41.610010604999985,-59.28539,-26.611414
645.0,12.0,-23.586548460000014,-46.589889,-27.444449
645.0,14.0,-10.105971579999997,-19.511748,41.440616
645.0,17.0,-27.386208490000012,-50.79742,-32.928521
645.0,19.0,-42.28171681999999,-72.210033,-22.211071
645.0,24.0,-47.83969605071427,-68.88647,-37.48822
645.0,28.0,-9.530201719999996,-35.462388,9.638869
646.0,2.0,-59.91422439000003,-38.404872,-24.944166
646.0,6.0,-41.159948985999996,-59.692078,-25.114057
646.0,12.0,-22.707355500000016,-46.358214,-25.183787
646.0,14.0,-9.597538139999997,-20.078212,16.198137
646.0,15.0,-16.081625250000002,-4.144181,6.79425
646.0,17.0,-27.056319000000013,-51.317119,-14.102857
646.0,19.0,-42.51538674333333,-72.619438,-15.862342
646.0,24.0,-47.36020471071427,-68.817905,-35.566217
646.0,28.0,-9.132179279999999,-36.04916,-5.353045
647.0,2.0,-59.93956314000004,-38.653322,2.233729
647.0,6.0,-41.68306690999999,-59.850434,15.319728
647.0,12.0,-22.68635435750002,-45.938364,-45.386695
647.0,13.0,-16.05326486,2.606024,147.913691
647.0,14.0,-9.579058909999997,-20.335483,15.128257
647.0,15.0,-15.975945959999992,-4.147542,34.22506
647.0,17.0,-26.70983576000001,-51.186514,96.845192
647.0,19.0,-41.71986505999999,-72.437529,-9.518226
647.0,24.0,-47.231267340714254,-68.54947,-12.659654
647.0,28.0,-9.373674309999995,-36.219161,-2.145041
648.0,2.0,-58.535100519999986,-38.865671,-2.360921
648.0,6.0,-39.894705095999996,-60.143736,4.632016
648.0,12.0,-22.644525417499995,-45.973629,-42.496199
648.0,14.0,-11.090086319999989,-20.523591,17.667054
648.0,15.0,-15.494823430000002,-4.110038,57.010062
648.0,17.0,-25.430269040000002,-51.380273,105.546191
648.0,19.0,-42.535480390000004,-72.682729,-8.968062
648.0,24.0,-44.40880318214285,-68.713333,-17.612305
648.0,28.0,-11.08676030999999,-36.443141,-6.228958
649.0,2.0,-59.060665349999994,-38.803379,-37.78032
649.0,6.0,-40.862080609999985,-60.140157,-35.445256
649.0,12.0,-23.019075590000003,-46.172613,-29.839502
649.0,14.0,-10.90483306999999,-20.444363,-8.165551
649.0,17.0,-26.529588360000016,-51.477921,-41.211392
649.0,19.0,-42.35510765,-72.81252,-41.645887
649.0,24.0,-45.77801810471426,-68.860488,-45.645713
649.0,28.0,-10.68630787999999,-36.411045,-0.616088
650.0,2.0,-59.56382021000001,-38.586532,-25.494823
650.0,6.0,-41.45305673999999,-59.980284,-20.559676
650.0,12.0,-23.11878618,-46.466428,-25.57508
650.0,14.0,-10.854336339999993,-20.226311,20.997005
650.0,17.0,-26.874950490000018,-51.539576,-34.219265
650.0,19.0,-42.383294310000004,-72.894344,-29.411671
650.0,24.0,-45.89793125471426,-69.003782,-35.036118
650.0,28.0,-10.557757409999992,-36.249098,3.399276
