515.0,2.0,-70.50498605977775,48.887622,3.901446,-15.001845694275126
515.0,6.0,-79.46425973813854,14.672069,0.675603,-23.961119372635913
515.0,12.0,-91.02233472801522,-2.475752,-14.245376,-35.5191943625126
515.0,13.0,-66.20010664330927,37.803745,5.989189,-10.696966277806645
515.0,14.0,-52.16504420254485,-7.825549,5.916146,3.3380961629577754
515.0,15.0,-68.3385666794739,33.846884,-0.786217,-12.835426313971276
515.0,17.0,-66.17346400046085,-14.909345,-6.09413,-10.67032363495823
515.0,19.0,-84.75508798323817,-11.229287,-8.932877,-29.251947617735546
515.0,24.0,-96.03004584170681,-14.801848,-11.708181,-40.526905476204185
515.0,28.0,-63.48231135966902,-2.82777,2.603578,-7.979170994166395
516.0,2.0,-79.8643503942196,37.921806,-7.220425,-1.2902866034066562
516.0,6.0,-84.60894591623499,4.849894,-9.629785,-6.034882125422044
516.0,12.0,-95.48030704076457,5.652976,-14.598919,-16.90624324995163
516.0,13.0,-76.40778420290724,9.747784,-1.353744,2.1662795879057057
516.0,14.0,-76.3928397515555,-10.985247,1.371093,2.181224039257444
516.0,15.0,-80.40457516566093,64.872997,-5.56378,-1.8305113748479869
516.0,17.0,-82.2941560069698,3.231098,-7.85611,-3.720092216156857
516.0,19.0,-94.86205244636379,-14.184463,-14.09135,-16.287988655550848
516.0,24.0,-96.12142653050331,-17.452151,-17.906029,-17.54736273969037
516.0,28.0,-81.90795076896528,-8.296959,-2.535573,-3.3338869781523357
517.0,2.0,-119.66940494217691,15.421912,-14.717398,-4.8438948678978875
517.0,6.0,-123.6905080755436,-32.673673,-15.770597,-8.864998001264581
517.0,12.0,-135.4096521943763,-37.445631,-19.457663,-20.58414212009727
517.0,13.0,-116.73711122406401,9.431442,-6.988718,-1.9116011497849854
517.0,14.0,-112.58617099900638,-17.399547,1.879208,2.239339075272639
517.0,15.0,-115.72063444019328,51.738531,-11.661653,-0.8951243659142563
517.0,24.0,-139.50154398871993,-33.907879,-25.936721,-24.676033914440907
517.0,28.0,-126.70190151619006,-29.715554,-3.214302,-11.87639144191104
518.0,2.0,-124.06416888541295,-51.583394,-22.756496,-5.1888839351403675
518.0,6.0,-124.41250350148364,-42.433136,-33.297991,-5.537218551211055
518.0,12.0,-138.34688959352545,-52.326267,-29.664626,-19.47160464325286
518.0,13.0,-115.57540421087698,6.038533,-1.707037,3.2998807393956042
518.0,14.0,-117.94686598231804,-17.116773,-8.432951,0.928418967954542
518.0,15.0,-119.39642507652468,-17.283083,-7.205228,-0.5211401262520923
518.0,24.0,-142.15568247215543,-59.585248,-42.826703,-23.280397521882847
518.0,28.0,-131.27748973506166,-2.894197,-17.982154,-12.402204784789078
519.0,2.0,-117.66507759662338,-54.413315,-20.275438,-0.04636110853230946
519.0,6.0,-117.5715142919132,-63.581683,-36.46308,0.0472021961778637
519.0,12.0,-134.0506183893003,-49.445774,-39.055449,-16.43190190120923
519.0,13.0,-113.2728996471513,3.466482,5.799985,4.3458168409397615
519.0,14.0,-112.38080948644141,-45.949309,-8.955604,5.23790700164966
519.0,15.0,-115.58548737672392,-10.104611,-3.53273,2.033229111367149
519.0,24.0,-132.27766807791573,-66.74391,-51.805854,-14.658951589824667
519.0,28.0,-124.10952286479517,38.069321,-21.387635,-6.4908063767041
520.0,2.0,-99.54707935074788,-45.877687,-19.570493,-0.9254139927058134
520.0,6.0,-102.16211238519094,-49.385101,-35.777594,-3.540447027148872
520.0,12.0,-115.55870036463776,-23.852035,-38.472226,-16.937035006595693
520.0,14.0,-96.83376741813193,-34.64418,-8.934011,1.7878979399101382
520.0,15.0,-98.15355028814855,-1.601067,-3.02303,0.46811506989351415
520.0,24.0,-114.1091501632402,-53.905621,-50.891107,-15.487484805198136
521.0,2.0,-107.12934904223063,-61.696191,-20.724959,1.6106868852802592
521.0,6.0,-109.66492003113468,-55.361714,-36.768054,-0.9248841036237962
521.0,12.0,-123.97537816368819,-62.519288,-39.752691,-15.235342236177303
521.0,13.0,-101.91039833982381,13.09449,5.435447,6.829637587687074
521.0,14.0,-105.99483398647358,-36.036346,-8.610965,2.7452019410373083
521.0,15.0,-106.50994406519557,-18.688108,-4.116033,2.2300918623153194
521.0,19.0,-121.30247561164312,-21.152836,-52.983498,-12.56243968413223
521.0,24.0,-121.47920827167715,-72.90043,-52.610969,-12.739172344166263
521.0,28.0,-112.51821951566622,71.823059,-21.183362,-3.778183588155329
522.0,2.0,-56.708059197013185,17.248682,-23.135753,5.272731239072755
522.0,6.0,-50.119130387103716,7.261801,-38.051257,11.861660048982223
522.0,12.0,-77.1538856020019,-15.608759,-36.021728,-15.173095165915967
522.0,14.0,-39.94392404826245,-3.213124,-10.528662,22.036866387823487
522.0,15.0,-87.54016285617605,2.027857,-4.694938,-25.559372420090114
522.0,19.0,-68.6606232484086,-28.148891,-50.998101,-6.679832812322658
522.0,24.0,-82.94695349779656,-27.022177,-50.213839,-20.966163061710617
523.0,2.0,-47.79657270823097,-35.62797,-22.457653,-0.8259457769511656
523.0,6.0,-42.21163702571425,-23.086754,-36.373191,4.758989905565549
523.0,12.0,-59.77160731431274,-47.30289,-27.917197,-12.800980383032936
523.0,14.0,-28.659389660286877,-26.123007,-13.439673,18.311237270992926
523.0,15.0,-68.59500161177404,-35.551161,-2.297047,-21.624374680494235
523.0,17.0,-44.095372439012586,-22.55346,-32.875046,2.875254492267217
523.0,19.0,-53.40172051374123,-68.052496,-45.53746,-6.431093582461429
523.0,24.0,-64.50173336438061,-57.005621,-42.23868,-17.53110643310081
523.0,28.0,-38.63692968037634,18.002411,-23.277318,8.333697250903462
524.0,2.0,-69.54604461664785,-36.166978,-27.52361,-5.1281995052887055
524.0,6.0,-74.88264520075474,-24.833199,-36.897585,-10.464800089395595
524.0,12.0,-89.96902697819459,-51.001687,-26.338268,-25.55118186683545
524.0,15.0,-73.90224505046773,-38.746408,-8.72297,-9.484399939108584
524.0,17.0,-76.72300027163693,-13.712218,-26.525477,-12.305155160277792
524.0,19.0,-90.87244879313668,-46.834584,-40.935425,-26.45460368177754
524.0,24.0,-90.39765937824656,-30.550464,-42.062033,-25.979814266887416
524.0,28.0,-72.34070597689688,25.679877,-20.218257,-7.922860865537743
525.0,2.0,-63.41225910393146,-73.559448,-23.869448,-6.591563261146696
525.0,6.0,-69.07980178520015,-34.646658,-34.096236,-12.259105942415381
525.0,12.0,-84.6881639536265,-61.675958,-30.753319,-27.867468110841735
525.0,17.0,-63.716281902938725,-41.196399,-27.484313,-6.89558606015396
525.0,19.0,-78.59303059506425,-76.422043,-42.110918,-21.772334752279484
525.0,24.0,-83.65427063526744,-49.684583,-44.269078,-26.833574792482672
525.0,28.0,-64.75711569304524,-6.994798,-17.768545,-7.936419850260471
526.0,2.0,-67.42029123147762,-59.417197,-28.613453,-8.860933492196637
526.0,6.0,-70.03833082967166,-48.73321,-32.882251,-11.478973090390681
526.0,12.0,-84.99244251113556,-68.605247,-36.137531,-26.43308477185458
526.0,14.0,-57.498306279839596,23.82222,-0.033644,1.0610514594413871
526.0,17.0,-78.86145959372894,-35.200534,-19.566919,-20.302101854447955
526.0,19.0,-89.24605622572012,-69.652447,-38.318531,-30.68669848643914
526.0,24.0,-87.14149645180872,-75.266481,-49.652143,-28.582138712527737
526.0,28.0,-70.48135867510683,-11.417822,-10.025786,-11.92200093582585
527.0,2.0,-60.393313978782714,-15.386893,-21.988496,-6.994988495504288
527.0,6.0,-64.1525649834174,-8.709014,-24.885761,-10.75423950013898
527.0,12.0,-80.75744672660811,-40.037001,-27.92633,-27.35912124332968
527.0,14.0,-53.14786957345426,33.332013,0.539902,0.25045590982416854
527.0,17.0,-71.39797997260554,-6.910474,-14.416641,-17.999654489327114
527.0,19.0,-82.23507444412228,-16.10605,-28.944275,-28.83674896084385
527.0,24.0,-79.64710673215176,-20.068772,-38.160208,-26.24878124887333
527.0,28.0,-62.02633883515728,34.221415,-7.094699,-8.628013351878856
528.0,2.0,-96.78170699284348,-26.875524,-19.584986,-6.576612104191653
528.0,6.0,-100.87715676861548,-0.541857,-26.77965,-10.67206187996365
528.0,12.0,-119.01125381001037,-20.633272,-25.350199,-28.806158921358545
528.0,14.0,-83.73268560609607,-3.601754,-4.996691,6.472409282555759
528.0,17.0,-96.60881341291248,-0.082103,-20.569232,-6.403718524260654
528.0,19.0,-111.19822658615652,-10.452338,-32.820571,-20.993131697504694
528.0,24.0,-120.93739723533886,-33.639839,-36.001482,-30.732302346687035
528.0,28.0,-96.09225285898536,40.576411,-12.804442,-5.887157970333533
529.0,2.0,-115.56808216099735,-11.566461,-20.45924,-9.34340885725554
529.0,6.0,-120.13913194770623,-28.819693,-27.612713,-13.914458643964423
529.0,12.0,-132.75338383193576,-34.692525,-23.570078,-26.528710528193955
529.0,14.0,-104.3512712900016,42.156932,-6.389875,1.873402013740204
529.0,17.0,-117.39653461029057,-3.370495,-20.51751,-11.171861306548763
529.0,19.0,-131.5242941349677,-19.802706,-32.455535,-25.299620831225894
529.0,24.0,-137.0622929318378,-40.668231,-34.87851,-30.83761962809598
529.0,28.0,-115.9840854598375,-3.481248,-13.879321,-9.759412156095692
530.0,2.0,-118.20209998326031,-3.515368,-18.916267,-7.6847808143288745
530.0,6.0,-118.05242835958775,-40.8668,-28.482941,-7.535109190656314
530.0,12.0,-132.19754952522223,-44.846499,-25.276016,-21.680230356290792
530.0,17.0,-132.53603595300277,-10.525446,-24.312973,-22.01871678407133
530.0,19.0,-137.1646589159249,-38.738263,-35.918782,-26.647339746993453
530.0,24.0,-135.88752959897863,-51.382635,-36.370747,-25.370210430047194
530.0,28.0,-125.24452018177477,-1.092779,-15.857962,-14.727201012843338
531.0,6.0,-98.99780560871493,-16.234051,-27.912926,-18.713867754427696
531.0,12.0,-113.97647743857188,-23.1489,-24.846508,-33.692539584284646
531.0,13.0,-107.26618473073613,211.319111,-0.000986,-26.982246876448897
531.0,17.0,-107.73548220668926,-18.640438,-24.220746,-27.451544352402024
531.0,19.0,-116.81241855918269,-18.277592,-35.487684,-36.52848070489546
531.0,24.0,-126.31469593532258,-19.700473,-35.646761,-46.030758081035344
531.0,28.0,-107.93762930067419,23.402614,-15.751561,-27.653691446386958
532.0,6.0,-106.50848691493316,10.913747,-27.048321,1.2249575225981317
532.0,12.0,-121.65505251513814,13.686732,-24.173555,-13.921608077606848
532.0,15.0,-116.31176491815505,-24.640438,-3.319012,-8.57832048062376
532.0,17.0,-121.05893788528861,5.168585,-24.604486,-13.325493447757324
532.0,19.0,-126.20539214737097,8.829406,-35.17601,-18.471947709839682
532.0,24.0,-126.82845099657122,2.489339,-34.45147,-19.09500655903993
532.0,28.0,-117.93728343458143,41.859408,-15.925316,-10.203838997050141
533.0,6.0,-107.77714291403855,9.415396,-27.031917,7.278709913623246
533.0,12.0,-124.36047183507497,9.356659,-24.457017,-9.30461900741318
533.0,13.0,-104.64661614920713,71.362579,1.788965,10.409236678454661
533.0,15.0,-113.58462591185024,-1.003473,-2.999211,1.471226915811556
533.0,17.0,-122.21573978668644,-1.060913,-25.016872,-7.159886959024647
533.0,19.0,-126.52459339423255,4.330953,-35.544097,-11.468740566570759
533.0,24.0,-126.4573710945062,3.843898,-34.631114,-11.401518266844406
533.0,28.0,-116.41090407729081,8.314057,-16.051121,-1.355051249629014
534.0,6.0,-110.8367917759033,6.033916,-26.892078,3.6308960766764073
534.0,12.0,-127.48460236482894,1.627818,-24.876542,-13.016914512249244
534.0,13.0,-105.26688800837553,2.564584,1.936649,9.20079984420417
534.0,14.0,-109.66105283313085,17.455475,-7.681409,4.806635019448848
534.0,17.0,-124.25225806589334,-5.712418,-25.065786,-9.784570213313643
534.0,19.0,-128.74036574283272,3.069228,-35.672918,-14.272677890253021
534.0,24.0,-127.89067538162136,0.346691,-34.916667,-13.422987529041663
534.0,28.0,-117.54374906264673,13.674512,-15.841801,-3.0760612100670244
535.0,2.0,-112.30226205493527,83.693471,-16.524819,4.090712391070312
535.0,6.0,-114.29881255452052,3.991765,-26.854618,2.094161891485058
535.0,12.0,-132.51238743843422,3.127619,-25.177806,-16.119412992428636
535.0,13.0,-106.3166277342608,10.040975,1.747954,10.076346711744776
535.0,14.0,-109.97138229427513,-0.232754,-7.387847,6.421592151730451
535.0,17.0,-124.70886282866813,-7.126576,-24.893176,-8.31588838266255
535.0,19.0,-131.60624756037114,-5.031393,-35.649996,-15.213273114365563
535.0,24.0,-129.7262982981477,-1.660073,-35.1897,-13.333323852142115
535.0,28.0,-119.27111899430129,0.185917,-15.587783,-2.878144548295708
536.0,6.0,-119.68007603751452,-9.657876,-26.793595,-2.3599985097878573
536.0,12.0,-137.0294453767278,-9.172946,-25.483376,-19.70936784900114
536.0,13.0,-109.22266576081016,-2.646272,1.702521,8.097411766916508
536.0,14.0,-114.16871144193661,-8.66144,-7.137823,3.151366085790059
536.0,15.0,-113.6036798945694,100.623965,-3.588323,3.7163976331572712
536.0,17.0,-126.5436895891708,-14.917725,-24.825862,-9.223612061444129
536.0,19.0,-135.64424654187147,-10.703403,-35.689905,-18.3241690141448
536.0,24.0,-135.6970572300431,-15.950128,-35.436312,-18.376979702316433
536.0,28.0,-123.57395958938322,-2.797628,-15.387616,-6.2538820616565545
537.0,2.0,-106.83518327517369,-20.386484,-16.809318,2.475252041935974
537.0,6.0,-110.26242920234412,-34.540535,-26.9996,-0.951993885234458
537.0,12.0,-126.95223616894053,-34.913913,-25.506121,-17.641800851830865
537.0,13.0,-101.34980711493012,90.239104,1.467244,7.960628202179549
537.0,14.0,-106.67639132664253,-36.223812,-7.173354,2.634043990467134
537.0,15.0,-106.48800221013303,101.030595,-3.774216,2.822433106976632
537.0,17.0,-121.55685775589903,-40.816832,-24.775813,-12.246422438789367
537.0,19.0,-127.69594678528514,-38.655924,-35.739465,-18.38551146817548
537.0,24.0,-126.09263171240922,-44.759934,-35.582256,-16.78219639529955
537.0,28.0,-114.20400414033608,-31.77848,-15.429626,-4.893568823226417
538.0,2.0,-102.34967280688717,31.943322,-17.478463,4.836336721596396
538.0,6.0,-106.71349022355813,-7.653447,-27.553738,0.4725193049254415
538.0,12.0,-124.29234357240618,-8.337547,-25.084269,-17.106334043922615
538.0,13.0,-95.8343155986385,18.001619,0.954382,11.35169392984507
538.0,14.0,-102.87847541190145,-2.440314,-7.611405,4.307534116582119
538.0,17.0,-116.43689452613657,-8.576227,-24.715275,-9.250884997653003
538.0,19.0,-124.2650382372397,-11.125278,-35.7524,-17.079028708756127
538.0,24.0,-122.49008703674473,-16.189889,-35.533113,-15.304077508261159
538.0,28.0,-108.77241785036743,-16.282527,-15.79983,-1.5864083218838658
539.0,2.0,-116.6977533365363,27.380189,-18.840855,4.880512112517806
539.0,6.0,-120.93440822997152,-28.690562,-28.030866,0.6438572190825766
539.0,12.0,-138.78099582069316,-17.91238,-24.096304,-17.202730371639063
539.0,14.0,-115.7471567530467,-21.862646,-7.768758,5.831108696007405
539.0,17.0,-130.16568294999306,1.326864,-23.496803,-8.587417500938955
539.0,19.0,-138.47488878445117,-33.576952,-34.762362,-16.896623335397067
539.0,24.0,-137.8758198895142,-33.654904,-35.102192,-16.29755444046009
539.0,28.0,-124.69540577576878,-21.822566,-15.66475,-3.117140326714676
540.0,2.0,-111.93533954039941,-19.108976,-17.474462,1.8802816056041394
540.0,6.0,-117.49367880704375,-50.696987,-29.376499,-3.6780576610401994
540.0,12.0,-136.85652353146574,-51.958153,-25.953327,-23.04090238546219
540.0,13.0,-104.48925237480863,-32.533363,2.876325,9.326368771194922
540.0,14.0,-109.76219875392853,-15.253937,-9.39042,4.053422392075021
540.0,15.0,-108.52381070350027,-0.804696,-2.094024,5.291810442503277
540.0,17.0,-123.82211109250649,-52.013138,-27.852968,-10.006489946502938
540.0,19.0,-132.62990492104254,-54.383521,-38.829537,-18.814283775038987
540.0,24.0,-134.58701783045257,-49.433778,-36.916927,-20.771396684449016
540.0,28.0,-119.32924961314865,-25.427028,-18.115504,-5.513628467145097
541.0,2.0,-76.63163620166824,-50.205222,-19.048394,4.491522755325249
541.0,6.0,-72.97689806695188,-69.027934,-27.785084,8.146260890041617
541.0,12.0,-93.36493708501617,-61.282436,-27.017772,-12.241778128022673
541.0,13.0,-81.32289047807289,29.057796,-1.242667,-0.19973152107939995
541.0,14.0,-62.59659886340982,-28.286024,-5.674864,18.526560093583676
541.0,15.0,-99.27594666256489,-13.428458,-6.834053,-18.1527877055714
541.0,17.0,-79.1289156902108,-44.126129,-23.158449,1.9942432667826893
541.0,19.0,-96.6278800526088,-77.686192,-35.489481,-15.50472109561531
541.0,24.0,-104.21169171201655,-73.971529,-37.65983,-23.088532755023053
541.0,28.0,-76.38110817931175,-34.586306,-14.089986,4.74205077768174
542.0,2.0,-107.09039862082574,-22.963882,-22.267322,4.514429882634374
542.0,6.0,-112.20349635599635,-51.376311,-26.818407,-0.5986678525362379
542.0,12.0,-128.0857188076164,-41.34604,-22.837888,-16.480890304156276
542.0,13.0,-103.6617371742833,27.196639,-7.54072,7.943091329176809
542.0,14.0,-109.06474640960111,0.506127,-4.480953,2.5400820938589987
542.0,15.0,-110.7066613161867,7.136555,-11.176284,0.8981671872734154
542.0,17.0,-124.99872300351731,-47.637515,-16.575732,-13.3938945000572
542.0,19.0,-130.023697726962,-46.927268,-29.243374,-18.4188692235019
542.0,24.0,-128.6996861241651,-53.205309,-34.295866,-17.094857620705
542.0,28.0,-116.31232819300389,-26.773986,-11.416465,-4.707499689543781
543.0,2.0,-113.61868442961928,-17.688718,-19.205713,0.4019077840583378
543.0,6.0,-119.2995401452637,-28.980869,-27.260994,-5.278947931586089
543.0,12.0,-136.79920398959715,-30.552492,-27.083543,-22.77861177591953
543.0,13.0,-106.62587123544856,3.941637,-2.0129,7.39472097822906
543.0,15.0,-111.02998296285189,14.639138,-7.712346,2.9906092508257274
543.0,17.0,-128.70462439039486,-42.702056,-22.072489,-14.684032176717238
543.0,19.0,-136.59522235233615,-47.824935,-34.589764,-22.574630138658534
543.0,24.0,-135.2831045437736,-43.206084,-37.564943,-21.262512330095973
543.0,28.0,-121.98224112899156,-2.189376,-13.170714,-7.961648915313944
544.0,2.0,-104.5233758193796,-14.950769,-14.299183,0.5868300005142828
544.0,6.0,-104.93402656684934,-49.095384,-29.260865,0.17617925304453763
544.0,12.0,-118.70549933993891,-42.843648,-35.678381,-13.595293520045033
544.0,13.0,-103.0843011763581,31.282946,8.227912,2.0259046435357817
544.0,14.0,-99.88365986151713,25.189963,-6.087162,5.226545958376747
544.0,15.0,-112.71137398062957,-28.872594,-1.349301,-7.601168160735696
544.0,17.0,-115.65503182933931,-27.944253,-33.246932,-10.54482600944543
544.0,19.0,-122.43463012316018,-56.285807,-45.857697,-17.324424303266298
544.0,24.0,-123.0040705253426,-47.022149,-44.834843,-17.89386470544872
544.0,28.0,-115.01124443592572,7.660122,-17.201739,-9.90103861603184
545.0,2.0,-106.12649720104234,-32.542369,-6.748909,5.509597435640174
545.0,6.0,-111.53235969254376,-64.719464,-20.904839,0.1037349441387505
545.0,12.0,-129.15025485577397,-69.410492,-32.018212,-17.51416021909145
545.0,13.0,-101.66684120767782,57.443567,11.682029,9.969253429004695
545.0,14.0,-108.55713548580573,-7.437753,-3.195407,3.078959150876784
545.0,15.0,-107.83188564122146,-10.729498,1.650598,3.804208995461053
545.0,17.0,-124.88648236778212,-70.667624,-29.354154,-13.250387731099607
545.0,19.0,-129.95096198796014,-70.377765,-38.831894,-18.314867351277627
545.0,24.0,-128.23402020345657,-68.292034,-37.090945,-16.59792556677405
545.0,28.0,-115.10354323755989,-24.832754,-12.936351,-3.4674486008773755
546.0,2.0,-84.76590300513168,-43.736222,-17.543434,0.6120743497246934
546.0,6.0,-90.97672985605045,-43.772455,-28.342148,-5.598752501194085
546.0,12.0,-107.23405248114004,-50.952978,-30.415898,-21.85607512628367
546.0,13.0,-79.20812118881886,60.838329,1.910675,6.169856166037505
546.0,17.0,-104.41226925907623,-50.997228,-26.572851,-19.034291904219856
546.0,19.0,-111.56523975755553,-48.487726,-39.177981,-26.18726240269916
546.0,24.0,-109.41156209078356,-51.083221,-40.52415,-24.033584735927192
546.0,28.0,-92.32185985323716,-56.491843,-14.958684,-6.943882498380788
547.0,2.0,-81.71608779673478,-9.983175,-20.062996,5.2293858101514985
547.0,6.0,-88.71734317723862,-13.499167,-28.416604,-1.7718695703523366
547.0,12.0,-105.66936548128906,-17.295837,-27.574042,-18.72389187440278
547.0,13.0,-75.88030759486914,58.568484,-2.152178,11.065166012017144
547.0,15.0,-85.10354757308382,-10.72333,-7.797761,1.8419260338024657
547.0,17.0,-99.53336398755256,-26.809525,-22.856344,-12.58789038066628
547.0,19.0,-110.9435754035422,-20.008853,-35.709462,-23.998101796655916
547.0,24.0,-107.42359236732726,-22.413638,-38.56085,-20.478118760440978
548.0,2.0,-98.5452947681392,6.818075,-20.922666,3.8420963406786086
548.0,6.0,-106.3072480810831,-2.794728,-32.977088,-3.9198569722652934
548.0,12.0,-124.56650198139992,-3.685077,-36.196284,-22.179110872582115
548.0,13.0,-91.60119694118735,17.858808,1.452994,10.786194167630455
548.0,15.0,-97.78498512066732,-8.87786,-7.15961,4.602405988150494
548.0,19.0,-124.73289948220663,-9.457826,-45.459376,-22.345508373388824
548.0,24.0,-123.0325017022691,-9.87333,-47.96737,-20.645110593451292
548.0,28.0,-106.5018716123282,14.838284,-16.67155,-4.114480503510393
549.0,2.0,-103.86948079978451,-7.875906,-22.401661,-10.66276980297549
549.0,6.0,-110.2995590875447,-13.959872,-34.352662,-17.09284809073567
549.0,12.0,-131.03172114184898,-14.677112,-37.387655,-37.825010145039954
549.0,13.0,-91.54981436390908,-6.626648,0.539626,1.6568966328999437
549.0,15.0,-98.51025629430099,-6.455661,-8.240913,-5.303545297491965
549.0,19.0,-126.0826219324655,-13.844224,-46.651126,-32.87591093565648
549.0,24.0,-133.22569396904348,-19.026784,-49.810119,-40.018982972234454
550.0,2.0,-104.03494880573513,-42.760257,-25.539533,5.61088427898332
550.0,6.0,-112.721249490522,-52.896861,-37.620435,-3.0754164058035514
550.0,12.0,-134.73415320150409,-55.512125,-40.230664,-25.08832011678564
550.0,14.0,-102.52984174084074,97.602966,-5.788774,7.11599134387771
550.0,19.0,-128.7784844878242,-58.124787,-49.840824,-19.13265140310574
550.0,24.0,-132.12544297781238,-61.32431,-54.126194,-22.479609893093937
550.0,28.0,-111.5257862381951,-31.090811,-17.956453,-1.8799531534766487
551.0,2.0,-103.80681817178986,-16.094849,-32.781329,4.76696530820989
551.0,6.0,-111.59369197924102,-21.365973,-44.708142,-3.019908499241268
551.0,12.0,-131.40794238403168,-21.440995,-47.189783,-22.834158904031938
551.0,19.0,-130.7849467916257,-23.139485,-56.712027,-22.211163311625967
551.0,24.0,-128.82468325145572,-29.887166,-64.297591,-20.250899771455977
552.0,2.0,-105.48048928935356,5.323325,-36.973643,4.589070461228886
552.0,6.0,-113.23167597836783,-6.691642,-48.86984,-3.16211622778539
552.0,12.0,-131.50549027277734,-13.623675,-52.296059,-21.435930522194894
552.0,13.0,-99.6145928374687,-1.669364,-7.42423,10.454966913113736
552.0,19.0,-132.60427327737082,-15.359217,-61.2468,-22.53471352678838
552.0,24.0,-130.75276043198605,-15.514068,-71.161995,-20.683200681403605
553.0,2.0,-98.97356229787844,8.676639,-37.988437,-8.478300930294836
553.0,6.0,-111.44256836746537,0.194135,-50.84643,-20.94730699988176
553.0,12.0,-129.88699292726633,-5.422475,-53.484081,-39.391731559682725
553.0,13.0,-89.27140014770997,-3.33791,-6.966367,1.2238612198736405
553.0,17.0,-114.90932664925053,-11.552384,-38.486411,-24.41406528166692
553.0,19.0,-130.3202045620469,-11.456336,-63.750785,-39.8249431944633
553.0,24.0,-126.75242845021333,-5.610156,-73.099901,-36.25716708262972
553.0,28.0,-106.56152392949303,57.054363,-21.599028,-16.066262561909426
554.0,2.0,-56.08573930050355,7.783137,-40.071066,-16.026306078603348
554.0,6.0,-72.04097303122552,-22.50689,-52.655023,-31.98153980932532
554.0,12.0,-93.30554600473245,-25.852808,-52.311153,-53.24611278283225
554.0,17.0,-83.78194175954026,-36.609911,-38.461719,-43.72250853764006
554.0,19.0,-102.05588854866966,-35.714992,-63.983704,-61.99645532676946
554.0,24.0,-96.50039217713368,-42.092469,-73.114431,-56.44095895523348
554.0,28.0,-63.81696732765325,30.122485,-22.834309,-23.757534105753052
555.0,2.0,-78.30703657275279,-60.555598,-42.523678,-9.004368239569317
555.0,6.0,-96.05391978000972,-86.623949,-55.179342,-26.751251446826245
555.0,12.0,-111.29454237074553,-86.579021,-54.262344,-41.991874037562056
555.0,13.0,-62.08997540444596,-10.380389,-9.744228,7.212692928737518
555.0,17.0,-93.21433888632873,-35.009045,-39.497104,-23.911670553145257
555.0,19.0,-111.67569649171175,-82.589517,-66.308675,-42.37302815852827
555.0,24.0,-113.58166011260813,-89.534411,-76.233491,-44.27899177942466
555.0,28.0,-77.53061786651212,22.652437,-23.668184,-8.22794953332864
556.0,2.0,-71.91423687669409,-29.932583,-43.011254,-19.281381891878098
556.0,6.0,-87.35237974856486,-66.659821,-55.6193,-34.719524763748865
556.0,12.0,-101.76393154760616,-49.095754,-53.260289,-49.13107656279017
556.0,13.0,-48.53468645487771,-59.972495,-10.093585,4.098168529938285
556.0,17.0,-83.1905730845016,-32.812106,-39.426191,-30.5577180996856
556.0,19.0,-102.10212664250741,-65.237173,-66.061712,-49.46927165769142
556.0,24.0,-106.14122893977478,-74.188597,-75.588685,-53.508373954958785
556.0,28.0,-61.106893323036715,37.695508,-24.237783,-8.474038338220723
557.0,2.0,-64.74364293859084,-51.019651,-44.078321,-12.918641138734692
557.0,6.0,-78.92085799163024,-52.015432,-56.493498,-27.095856191774097
557.0,12.0,-91.4051295070488,-54.363969,-53.808116,-39.58012770719265
557.0,13.0,-32.76655350026727,-36.585094,-10.873349,19.058448299588875
557.0,14.0,-50.18090745910924,78.968922,-8.235879,1.6440943407469035
557.0,17.0,-85.69074717474538,15.506336,-39.464787,-33.86574537488924
557.0,19.0,-99.60360819035864,-53.999273,-66.604796,-47.778606390502496
557.0,24.0,-93.21029714373906,-57.674115,-76.598218,-41.38529534388291
557.0,28.0,-60.599781559490985,68.084274,-24.383236,-8.77477975963484
558.0,2.0,-82.58290155591385,-30.017589,-45.240176,-1.9338276872066729
558.0,6.0,-100.93049491835824,-41.173514,-57.730784,-20.28142104965106
558.0,12.0,-115.80244262595825,-34.14594,-54.064931,-35.15336875725107
558.0,13.0,-69.03489280692105,-12.326849,-11.442019,11.614181061786127
558.0,17.0,-100.29391037060192,4.094933,-39.939975,-19.644836501894744
558.0,19.0,-118.18333352206635,-35.224752,-67.469474,-37.53425965335917
558.0,24.0,-118.52933932802232,-46.83954,-77.491133,-37.88026545931514
559.0,2.0,-61.21533427659971,-18.067847,-45.703497,3.383005230396016
559.0,6.0,-78.1491822761234,-28.446989,-58.017509,-13.55084276912767
559.0,12.0,-90.11541121845639,-31.911156,-54.51583,-25.51707171146066
559.0,13.0,-52.3378006298935,-30.610046,-11.857636,12.260538877102228
559.0,19.0,-104.89871468600104,-37.420318,-67.656953,-40.300375179005314
559.0,24.0,-94.47658492197041,-48.639167,-78.083765,-29.878245414974685
560.0,2.0,-113.11257127539217,-7.361988,-45.861443,-0.498450888742056
560.0,6.0,-124.18007869140833,-19.702331,-58.041838,-11.565958304758212
560.0,12.0,-141.9312491219841,-22.449364,-54.758915,-29.317128735333995
560.0,13.0,-100.28364746967297,-25.128867,-12.059332,12.330472916977143
560.0,17.0,-130.72294892886438,-45.439105,-39.672436,-18.10882854221427
560.0,19.0,-143.13270045589186,-28.577787,-67.646245,-30.51858006924175
560.0,24.0,-142.55305627414626,-38.261906,-78.335741,-29.938935887496143
561.0,2.0,-108.29487427177112,10.830861,-45.906492,-11.022031306519793
561.0,6.0,-120.79305225785471,-16.713315,-58.043488,-23.520209292603383
561.0,12.0,-138.69230609898568,-17.155552,-54.738377,-41.419463133734354
561.0,13.0,-80.21819249776851,-24.667152,-12.112251,17.054650467482816
561.0,17.0,-125.84343551417918,-46.32695,-39.605502,-28.57059254892785
561.0,19.0,-141.127244934364,-28.429144,-67.59014,-43.85440196911267
561.0,24.0,-141.43563328618816,-36.921236,-78.320298,-44.162790320936836
562.0,2.0,-78.60326983783482,-18.027102,-45.91456,-10.783325585949328
562.0,6.0,-96.94557622512734,-34.435499,-58.034094,-29.125631973241852
562.0,12.0,-113.56068545468294,-27.969984,-54.70814,-45.74074120279745
562.0,13.0,-59.48376631481932,-28.866754,-12.117408,8.336177937066168
562.0,17.0,-91.71522034586941,-45.330617,-39.570192,-23.895276093983924
562.0,19.0,-112.7292299420911,-48.070604,-67.547507,-44.90928569020561
562.0,24.0,-118.72598554142061,-50.307728,-78.28428,-50.906041289535125
563.0,2.0,-101.78625448525868,-20.416587,-45.862517,-13.029922209984207
563.0,6.0,-118.25194595452871,-24.849514,-57.972222,-29.495613679254234
563.0,12.0,-126.50630803306927,-26.05991,-54.674305,-37.7499757577948
563.0,13.0,-81.31660559341861,-54.129063,-12.080043,7.439726681855859
563.0,17.0,-114.07284465242621,-52.902416,-39.53039,-25.31651237715174
563.0,19.0,-132.77674761081752,-34.336258,-67.481058,-44.02041533554305
563.0,24.0,-134.13807307153115,-44.780495,-78.214122,-45.38174079625668
563.0,28.0,-98.18214830117721,50.658668,-24.649776,-9.425816025902733
564.0,2.0,-80.21088608893503,-19.329321,-45.795968,-9.61719543663348
564.0,6.0,-98.42977755112177,-38.824949,-57.886066,-27.836086898820227
564.0,12.0,-109.02081083399922,-40.114131,-54.62642,-38.427120181697674
564.0,17.0,-93.03061343876014,-62.928599,-39.468604,-22.436922786458595
564.0,19.0,-112.10535914812797,-47.709691,-67.385911,-41.51166849582643
564.0,24.0,-116.27110020049922,-57.109554,-78.120145,-45.67740954819767
565.0,2.0,-63.90014747970188,-36.1245,-45.716214,-7.885321911212117
565.0,6.0,-75.02482411931084,-62.599113,-57.785721,-19.009998550821074
565.0,12.0,-91.49999036481498,-64.174949,-54.578015,-35.485164796325215
565.0,13.0,-31.741274990181893,-99.165072,-12.003206,24.27355057830787
565.0,14.0,-48.882092239028786,136.615856,-8.198486,7.132733329460976
565.0,17.0,-84.29208532955134,-98.860226,-39.401454,-28.27725976106158
565.0,19.0,-96.74965942396966,-63.347713,-67.281734,-40.7348338554799
565.0,24.0,-92.8793740238086,-78.644825,-78.018035,-36.86454845531883
565.0,28.0,-61.59824211708669,60.715371,-24.531994,-5.583416548596929
566.0,2.0,-63.9492455695874,-30.744219,-45.629653,-3.6600860909229525
566.0,6.0,-77.48924816279558,-40.604547,-57.681323,-17.20008868413113
566.0,12.0,-92.94974266322315,-42.933953,-54.540119,-32.6605831845587
566.0,17.0,-88.27155378038204,-29.25662,-39.33826,-27.98239430171759
566.0,19.0,-101.48872825696,-35.858306,-67.182459,-41.19956877829556
566.0,24.0,-92.75846078987853,-54.708711,-77.922404,-32.46930131121408
566.0,28.0,-64.20113731142804,53.242942,-24.464832,-3.911977832763597
567.0,2.0,-67.30287436235884,-42.182202,-45.535599,-15.675078490459413
567.0,6.0,-82.65475225263496,-34.247278,-57.570528,-31.02695638073554
567.0,12.0,-95.00217224308055,-33.072539,-54.507733,-43.37437637118113
567.0,17.0,-85.23218968568479,-50.756936,-39.27547,-33.604393813785364
567.0,19.0,-100.09796291567633,-29.664102,-67.083056,-48.47016704377691
567.0,24.0,-102.77237806097804,-39.517705,-77.827867,-51.14458218907862
567.0,28.0,-58.23327340458277,74.864622,-24.392875,-6.605477532683345
568.0,2.0,-68.47816367757045,-63.013936,-45.432922,-19.09945874895506
568.0,6.0,-84.12840634036534,-58.308395,-57.472353,-34.74970141174995
568.0,12.0,-91.42962711862027,-64.899453,-54.518299,-42.05092219000488
568.0,13.0,-35.89223384323669,239.259713,-11.817068,13.486471085378703
568.0,17.0,-86.28949586540769,-42.297803,-39.250753,-36.910790936792296
568.0,19.0,-100.13719139820083,-46.058106,-67.029082,-50.758486469585435
568.0,24.0,-99.92480241254044,-61.045387,-77.773735,-50.54609748392505
568.0,28.0,-58.55879056703488,62.270519,-24.330975,-9.180085638419492
569.0,2.0,-75.14841005738084,-47.806843,-45.287057,-25.803019487503278
569.0,6.0,-89.71181723725347,-50.308529,-57.343251,-40.366426667375904
569.0,12.0,-90.38325102167933,-50.156576,-54.596176,-41.03786045180176
569.0,13.0,-39.65006772428038,-58.004134,-11.694065,9.695322845597182
569.0,17.0,-96.1418474033209,-30.742005,-39.242478,-46.79645683344333
569.0,19.0,-109.61810178411926,-43.204733,-66.998637,-60.272711214241696
569.0,24.0,-100.79581785379932,-46.604354,-77.759396,-51.450427283921755
569.0,28.0,-68.80225922895305,63.565728,-24.237186,-19.456868659075482
570.0,6.0,-107.40858289890146,-23.660947,-57.097546,-25.949638179581484
570.0,12.0,-123.8723916263692,-40.982693,-54.736024,-42.41344690704922
570.0,13.0,-75.90572430702495,-19.090697,-11.52917,5.553220412295019
570.0,17.0,-105.61719552419326,-2.257607,-39.185228,-24.15825080487329
570.0,19.0,-125.72921430422754,-20.190023,-66.914378,-44.27026958490757
570.0,24.0,-129.02187406262115,-19.519763,-77.739043,-47.56292934330118
570.0,28.0,-88.59503284106057,92.262199,-24.038009,-7.136088121740599
571.0,2.0,-99.23701785596552,-34.415925,-44.727669,1.8822854603092907
571.0,6.0,-114.38940380950605,-55.032151,-56.788227,-13.27010049323124
571.0,12.0,-131.44135451499963,-53.67069,-54.88871,-30.32205119872482
571.0,13.0,-87.24231501370562,-32.356342,-11.318315,13.876988302569188
571.0,14.0,-96.27317530252513,84.511544,-7.471332,4.846128013749677
571.0,17.0,-117.06145837561834,-14.602215,-39.119245,-15.942155059343534
571.0,19.0,-133.084509757164,-51.516634,-66.805242,-31.96520644088919
571.0,24.0,-130.2144173794276,-57.616102,-77.693336,-29.095114063152792
571.0,28.0,-105.84986327955848,37.534993,-23.801467,-4.7305599632836675
572.0,2.0,-81.8020242656494,-69.573529,-43.350103,-8.40490045557867
572.0,6.0,-101.49175696506587,-86.045729,-55.690515,-28.09463315499515
572.0,12.0,-116.24111173247995,-96.56645,-54.345911,-42.84398792240923
572.0,14.0,-70.04954427782161,8.247001,-7.398743,3.3475795322491138
572.0,17.0,-101.36525031822706,-59.838868,-39.12952,-27.96812650815633
572.0,19.0,-119.47032571989766,-91.887171,-66.204895,-46.073201909826935
572.0,24.0,-117.55078984161148,-92.772424,-76.526938,-44.15366603154075
572.0,28.0,-81.46424200626058,25.271804,-23.587097,-8.067118196189853
573.0,2.0,-57.046831141247594,-75.941915,-45.264332,-5.951110624842968
573.0,6.0,-69.72650503660334,-98.976315,-57.916347,-18.630784520198716
573.0,12.0,-85.07446589111215,-97.859432,-53.011957,-33.97874537470753
573.0,13.0,-32.59460726054569,-1.274363,-11.053261,18.501113255858932
573.0,14.0,-40.32054749670735,56.699459,-9.535591,10.775173019697277
573.0,17.0,-77.55025044158528,-61.401014,-40.015658,-26.45452992518065
573.0,19.0,-91.57161870670205,-97.46626,-67.141006,-40.47589819029743
573.0,24.0,-81.3651229449399,-108.367389,-76.503263,-30.269402428535273
573.0,28.0,-48.3852647640087,21.90619,-25.6326,2.710455752395923
574.0,2.0,-67.56243111917134,-41.28169,-49.461272,-12.436905846483405
574.0,6.0,-84.59193999124442,-47.696626,-58.167037,-29.466414718556486
574.0,12.0,-100.80059155529653,-50.129186,-58.89964,-45.675066282608604
574.0,17.0,-81.37302297275818,37.06353,-35.335783,-26.247497700070248
574.0,19.0,-100.96775184183224,-43.404709,-66.218921,-45.84222656914431
574.0,24.0,-104.87151323798597,-50.938518,-82.772953,-49.745987965298035
574.0,28.0,-57.80423996066591,44.472501,-20.297035,-2.6787146879779797
575.0,2.0,-72.53667426143873,-132.105654,-49.875742,-26.976451687046875
575.0,6.0,-88.0525926742981,-123.29331,-58.175624,-42.49237009990624
575.0,12.0,-102.80589399797171,-130.35992,-59.424546,-57.24567142357985
575.0,13.0,-45.66280600517443,28.70345,-17.922102,-0.10258343078257326
575.0,19.0,-103.28281488378802,-126.123652,-66.071632,-57.72259230939616
575.0,24.0,-106.91078909007733,-126.53449,-83.330592,-61.35056651568547
575.0,28.0,-57.76507999767365,-19.213201,-19.763402,-12.204857423281794
576.0,2.0,-60.06936674599245,-121.777249,-46.148569,-29.304068908890848
576.0,6.0,-74.12276226593599,-127.946873,-55.599663,-43.35746442883439
576.0,12.0,-89.84484188969891,-131.11409,-57.469054,-59.07954405259731
576.0,19.0,-93.66280202376149,-128.980968,-64.830599,-62.89750418665989
576.0,24.0,-87.26415571107832,-133.977821,-79.884574,-56.49885787397672
576.0,28.0,-46.672833572620256,-28.873054,-19.932109,-15.907535735518657
577.0,2.0,-112.01778247115979,-115.226311,-48.566553,-3.247542456040591
577.0,6.0,-122.1051485952503,-116.861399,-68.400507,-13.3349085801311
577.0,12.0,-140.34776108511508,-120.336665,-63.355421,-31.577521069995882
577.0,17.0,-137.06956485413266,-57.956332,-54.084423,-28.299324839013465
577.0,19.0,-146.60163407984652,-119.277718,-84.084029,-37.83139406472732
577.0,24.0,-138.97424970475717,-120.257919,-89.849003,-30.20400968963797
577.0,28.0,-119.46229634807602,-34.147346,-34.141454,-10.692056332956824
578.0,2.0,-116.23348548025572,-80.0239,-39.697631,0.8394329787017227
578.0,6.0,-125.42472234808521,-76.335966,-71.942419,-8.351803889127766
578.0,12.0,-139.1757939437857,-87.102772,-75.823212,-22.102875484828246
578.0,13.0,-106.05020387588918,171.811595,13.37618,11.022714583068264
578.0,14.0,-115.64063404575815,7.262692,-18.022932,1.432284413199298
578.0,17.0,-137.3632044789015,-36.522963,-73.704032,-20.290286019944062
578.0,19.0,-142.14128748233665,-82.607317,-102.914083,-25.068369023379205
578.0,24.0,-140.99131199930875,-87.017803,-100.015704,-23.918393540351303
578.0,28.0,-125.93798739534962,-75.475906,-42.263273,-8.865068936392177
579.0,2.0,-101.7718098360241,-40.61161,-40.767601,-10.800146387972617
579.0,6.0,-119.38425420755178,-39.705022,-87.857917,-28.41259075950029
579.0,12.0,-135.05114842562207,-37.058721,-84.728082,-44.07948497757059
579.0,14.0,-93.70396351648985,44.346248,-31.956159,-2.732300068438363
579.0,17.0,-139.0918367618361,-36.408281,-99.711056,-48.12017331378462
579.0,19.0,-154.0367105235648,-43.01944,-129.321078,-63.06504707551332
579.0,24.0,-140.82181704732477,-48.537583,-113.345415,-49.850153599273284
579.0,28.0,-117.94078100138127,-9.049881,-60.993113,-26.96911755332978
580.0,2.0,-124.80287293652134,-53.999081,-40.080358,-15.697610127400878
580.0,6.0,-132.92476431548138,-83.127583,-90.368025,-23.819501506360922
580.0,12.0,-148.65226165825277,-92.468743,-87.978821,-39.54699884913231
580.0,13.0,-87.92092122503487,110.144734,32.325101,21.184341584085587
580.0,14.0,-112.57876587239487,-2.180436,-33.712803,-3.473503063274407
580.0,15.0,-111.50195847734834,74.274737,12.346286,-2.3966956682278777
580.0,17.0,-138.44312775946796,-98.774804,-105.20693,-29.337864950347495
580.0,19.0,-155.19765775895834,-87.712222,-135.067383,-46.09239494983788
580.0,24.0,-151.76070850698065,-92.988674,-116.866352,-42.65544569786019
580.0,28.0,-130.8185983758199,-29.839953,-63.995066,-21.713335566699442
581.0,2.0,-46.26764254169197,-107.595234,-39.441965,-12.23652597114873
581.0,6.0,-58.09003292369656,-97.452778,-92.722963,-24.05891635315332
581.0,12.0,-73.09645840877921,-104.869516,-90.701161,-39.06534183823597
581.0,13.0,-24.710573931177457,97.587735,35.924209,9.320542639365783
581.0,17.0,-73.83210914035133,-110.50136,-110.313569,-39.800992569808095
581.0,19.0,-93.72276979355209,-104.790552,-140.3076,-59.69165322300885
581.0,24.0,-84.11117277503932,-106.554582,-119.875979,-50.08005620449608
581.0,28.0,-46.045096945076175,-53.190254,-66.921651,-12.013980374532935
582.0,2.0,-102.38414189164135,-36.916377,-38.898484,-6.312837464936209
582.0,6.0,-121.19676215874395,-46.200309,-92.962497,-25.12545773203881
582.0,12.0,-135.6091925253268,-59.606585,-91.11022,-39.53788809862165
582.0,14.0,-92.58768267009224,113.285409,-35.97964,3.483621756612905
582.0,15.0,-94.53097196420431,35.797073,16.090444,1.5403324625008281
582.0,17.0,-125.75637552719407,-54.25939,-111.499905,-29.685071100488926
582.0,19.0,-142.44542965214475,-56.400461,-141.324855,-46.37412522543961
582.0,24.0,-137.7477891185485,-62.109548,-120.163651,-41.676484691843356
582.0,28.0,-110.08693192881485,-22.332693,-67.563812,-14.015627502109709
583.0,2.0,-100.9368753312926,-93.100724,-39.165526,-18.724756371391578
583.0,6.0,-112.5512151020367,-112.39405,-93.128414,-30.339096142135688
583.0,12.0,-131.42249134582804,-116.599875,-90.283364,-49.210372385927016
583.0,13.0,-63.76269988434474,109.647396,36.833876,18.44941907555628
583.0,17.0,-114.75610030349488,-104.591866,-111.297239,-32.543981343593856
583.0,19.0,-131.33606915746373,-112.830516,-140.948412,-49.123950197562706
583.0,24.0,-136.01314927194173,-122.352616,-119.518851,-53.80103031204071
583.0,28.0,-99.41446492569328,-61.226467,-67.858749,-17.20234596579226
584.0,2.0,-111.00036666260185,-133.044443,-39.717225,-21.80283571929543
584.0,6.0,-116.41320912100893,-149.946027,-93.73284,-27.215678177702515
584.0,12.0,-136.18659226237952,-142.182775,-89.876362,-46.9890613190731
584.0,14.0,-87.06063181351062,-14.395431,-37.019064,2.1368991297957933
584.0,15.0,-90.39771563784457,61.727585,16.337164,-1.2001846945381516
584.0,17.0,-119.21027114475417,-139.993836,-111.479754,-30.012740201447755
584.0,19.0,-136.29915461534833,-149.644802,-141.141319,-47.10162367204191
584.0,24.0,-143.0986544913151,-162.004577,-119.45573,-53.901123548008684
584.0,28.0,-103.90201108518501,-111.021336,-68.390322,-14.70448014187859
585.0,2.0,-114.40530590606836,-202.947301,-39.757319,-26.318282146757824
585.0,6.0,-119.22547907825552,-169.355733,-93.807554,-31.138455318944978
585.0,12.0,-138.85394996876445,-161.301571,-89.904583,-50.76692620945391
585.0,13.0,-73.06928462347199,28.649316,36.630592,15.017739135838553
585.0,14.0,-91.12039612662376,-61.582599,-37.053576,-3.03337236731322
585.0,15.0,-92.05449435494832,55.432123,16.387962,-3.967470595637778
585.0,17.0,-122.55628625724724,-163.815508,-111.541113,-34.4692624979367
585.0,19.0,-139.7356469199818,-175.867018,-141.21224,-51.648623160671264
585.0,24.0,-145.74392371095723,-186.997968,-119.487461,-57.65689995164669
585.0,28.0,-107.5163011432174,-133.905386,-68.43802,-19.429277383906864
586.0,2.0,-114.87557839096613,-174.203518,-39.752332,-32.790895098111804
586.0,6.0,-116.89436176329012,-180.974737,-93.809723,-34.8096784704358
586.0,12.0,-136.5947978302875,-175.537738,-89.960213,-54.51011453743317
586.0,13.0,-68.2195844885476,40.430853,36.674336,13.865098804306726
586.0,14.0,-88.10249406088249,-68.492779,-37.014882,-6.01781076802817
586.0,15.0,-90.6753205376379,30.635495,16.408764,-8.59063724478358
586.0,17.0,-119.80945448630682,-157.866136,-111.547527,-37.7247711934525
586.0,19.0,-136.77668008213087,-186.434588,-141.229417,-54.691996789276544
586.0,24.0,-143.67289081116644,-185.602552,-119.509423,-61.58820751831212
586.0,28.0,-104.34341063651426,-136.034695,-68.40986,-22.25872734365994
587.0,6.0,-117.46091445035724,-197.609969,-93.818275,-34.00083301144973
587.0,12.0,-137.09802258445146,-184.20134,-90.035043,-53.63794114554395
587.0,13.0,-69.13567305862566,30.479225,36.736523,14.324408380281852
587.0,14.0,-88.61110139212889,-71.359635,-36.978125,-5.151019953221379
587.0,15.0,-91.03944060628722,44.344278,16.440049,-7.579359167379707
587.0,17.0,-120.52523864249382,-155.632365,-111.576283,-37.06515720358631
587.0,19.0,-137.51211398185754,-188.185829,-141.270694,-54.05203254295003
587.0,24.0,-144.3652763876991,-187.136745,-119.548847,-60.9051949487916
587.0,28.0,-104.98417954064995,-153.287753,-68.389711,-21.52409810174244
588.0,2.0,-114.40208536724795,-262.768333,-39.71387,-37.55323722303078
588.0,6.0,-110.24823858688838,-184.653288,-93.863289,-33.399390442671205
588.0,12.0,-128.93383606005,-184.469894,-90.10124,-52.084987915832826
588.0,13.0,-63.54964206865642,32.902275,36.85986,13.299206075560754
588.0,15.0,-86.49888661982762,72.797802,16.541669,-9.650038475610444
588.0,17.0,-112.19826356291834,-147.993854,-111.684915,-35.34941541870117
588.0,19.0,-129.25626054097623,-202.577845,-141.375602,-52.40741239675906
588.0,24.0,-136.5017134058365,-172.564658,-119.588881,-59.65286526161934
588.0,28.0,-96.51205774584051,-121.070064,-68.437515,-19.663209601623336
589.0,6.0,-65.02981802062901,-156.549464,-93.80231,-19.934402974559717
589.0,12.0,-82.22294452945388,-150.310368,-90.093793,-37.12752948338459
589.0,13.0,-30.93464607405197,44.567277,36.929225,14.160768972017323
589.0,15.0,-49.84135771327112,44.236564,16.600402,-4.745942667201831
589.0,17.0,-72.00439847708999,-122.717879,-111.659173,-26.9089834310207
589.0,19.0,-87.17533052362681,-163.696702,-141.325401,-42.07991547755752
589.0,24.0,-82.59325557854667,-150.345477,-119.52073,-37.49784053247738
589.0,28.0,-48.85590155556243,-114.402343,-68.39072,-3.7604865094931412
590.0,6.0,-71.75369798699639,-21.151541,-93.73969,-27.49214966617007
590.0,12.0,-97.79992659868523,-28.827386,-90.102139,-53.53837827785892
590.0,17.0,-90.62129181811952,5.152513,-111.633539,-46.3597434972932
590.0,19.0,-109.64737333161118,-30.368867,-141.280307,-65.38582501078486
590.0,24.0,-96.32102338822308,-14.236815,-119.465882,-52.05947506739677
590.0,28.0,-61.882207549419014,13.447795,-68.336422,-17.6206592285927
591.0,2.0,-57.89499952761171,106.818639,-39.608315,-18.461732434974962
591.0,6.0,-64.42597320211193,-115.076194,-93.737437,-24.992706109475186
591.0,12.0,-81.15253283314395,-128.48734,-90.048895,-41.719265740507204
591.0,14.0,-35.23830659987532,-16.350165,-36.910318,4.194960492761425
591.0,15.0,-52.76144807173156,30.64851,16.671076,-13.32818097909481
591.0,17.0,-80.20703255201875,-85.103381,-111.583426,-40.773765459382
591.0,19.0,-99.13396990011056,-141.582802,-141.219345,-59.70070280747381
591.0,24.0,-89.44263896410912,-119.439443,-119.395963,-50.009371871472375
591.0,28.0,-50.87456292599332,-87.374675,-68.319057,-11.44129583335657
592.0,2.0,-97.46845639364253,93.95149,-39.612055,-8.991682521623645
592.0,6.0,-104.83436224142157,-102.655763,-93.753311,-16.35758836940269
592.0,12.0,-133.06303513949575,-127.04589,-90.059311,-44.58626126747687
592.0,13.0,-70.82284747298887,78.761688,37.03306,17.653926399030013
592.0,14.0,-79.18703249855893,11.248409,-36.907882,9.289741373459947
592.0,15.0,-90.85077323411782,-5.477276,16.713462,-2.3739993620989424
592.0,17.0,-121.84642979235268,-80.574287,-111.595162,-33.3696559203338
592.0,19.0,-140.1490072340998,-108.347891,-141.229013,-51.67223336208092
592.0,24.0,-131.5418871415703,-109.293354,-119.384184,-43.06511326955142
592.0,28.0,-99.14837240003507,-61.902581,-68.319483,-10.67159852801619
593.0,2.0,-99.71716009304647,56.556157,-39.615076,-10.150394974451842
593.0,6.0,-109.23214263130718,-111.792038,-93.792237,-19.665377512712553
593.0,12.0,-137.60232221065675,-132.108401,-90.09906,-48.03555709206212
593.0,13.0,-66.87617579980568,81.349537,37.10134,22.690589318788952
593.0,14.0,-84.1603517159008,-1.895415,-36.917896,5.406413402693829
593.0,15.0,-90.94370201834421,-21.92674,16.773087,-1.3769368997495803
593.0,17.0,-120.58082140268506,-93.334416,-111.649619,-31.01405628409043
593.0,19.0,-139.56521431913123,-110.719619,-141.286144,-49.9984492005366
593.0,24.0,-136.03297414965309,-121.332835,-119.405627,-46.466209031058455
593.0,28.0,-103.83768289058584,-80.425519,-68.342943,-14.270917771991208
594.0,2.0,-103.21361041492442,12.621159,-39.632372,-11.354070863589214
594.0,6.0,-112.37175482122989,-108.655301,-93.808415,-20.512215269894682
594.0,12.0,-137.46500067066702,-128.66046,-90.091536,-45.60546111933182
594.0,13.0,-71.75865085282362,66.456646,37.121116,20.100888698511582
594.0,14.0,-86.48903387848323,8.754728,-36.916325,5.370505672851976
594.0,17.0,-126.73332065987036,-102.090223,-111.641032,-34.873781108535155
594.0,19.0,-144.18408990816184,-119.354987,-141.275989,-52.324550356826634
594.0,24.0,-137.74670518289133,-128.271989,-119.381225,-45.88716563155613
594.0,28.0,-107.08403550479893,-87.746984,-68.338835,-15.22449595346373
595.0,2.0,-106.93920033830328,25.547347,-39.655347,-13.08952378758481
595.0,6.0,-115.14411635061832,-98.733823,-93.845324,-21.29443979989985
595.0,12.0,-141.51269977320126,-121.955821,-90.099262,-47.66302322248279
595.0,13.0,-72.21485067330879,70.7562,37.153858,21.634825877409682
595.0,14.0,-89.98109257389466,17.570301,-36.927749,3.868583976823814
595.0,17.0,-127.79795268975882,-93.175327,-111.660823,-33.948276139040345
595.0,19.0,-146.62543484388866,-107.668324,-141.297861,-52.775758293170185
595.0,24.0,-141.86716622601986,-112.844006,-119.378336,-48.01748967530139
595.0,28.0,-111.53132831946384,-96.623236,-68.354132,-17.68165176874537
596.0,2.0,-40.787415618936414,39.224489,-39.688708,-16.918725775184043
596.0,6.0,-47.18579907545122,-99.814898,-93.911842,-23.31710923169885
596.0,12.0,-64.06037818723645,-119.247048,-90.12414,-40.19168834348408
596.0,13.0,-12.3183123520751,64.749441,37.201286,11.55037749167727
596.0,14.0,-25.285797622880086,17.555186,-36.958722,-1.417107779127715
596.0,15.0,-32.9918637765519,47.575609,16.894635,-9.123173932799531
596.0,17.0,-56.29060228112053,-107.763262,-111.717451,-32.42191243736816
596.0,19.0,-73.75613954449325,-98.228008,-141.361358,-49.88744970074088
596.0,24.0,-71.08717571876839,-116.812773,-119.40259,-47.21848587501602
596.0,28.0,-37.27279216458583,-84.344019,-68.39689,-13.40410232083346
597.0,2.0,-40.853133772481726,-5.877938,-39.719489,-16.031853266977222
597.0,6.0,-45.59424281832788,-71.601279,-93.980657,-20.772962312823374
597.0,12.0,-61.75442744909946,-90.416914,-90.149438,-36.933146943594956
597.0,13.0,-11.156230581444415,92.457839,37.255287,13.665049924060089
597.0,17.0,-53.10496995495988,-87.524364,-111.781499,-28.283689449455373
597.0,19.0,-68.88151769692843,-66.041092,-141.43079,-44.06023719142392
597.0,24.0,-61.0809764371733,-86.67122,-119.427304,-36.259695931668794
597.0,28.0,-33.36875158705086,-54.036202,-68.444963,-8.547471081546355
598.0,2.0,-30.970485452676662,-4.150522,-39.724665,-14.083777988369068
598.0,6.0,-39.31665451447696,-27.749434,-94.005857,-22.429947050169364
598.0,12.0,-53.90675847273757,-54.877146,-90.162188,-37.020051008429974
598.0,13.0,-6.518921662268949,94.475439,37.3048,10.367785802038647
598.0,17.0,-53.012240069211195,-54.58665,-111.807008,-36.1255326049036
598.0,19.0,-68.54493630048266,-37.048412,-141.453909,-51.65822883617507
598.0,24.0,-56.13863332591543,-48.413133,-119.420806,-39.25192586160783
598.0,28.0,-28.486649214744375,-20.904305,-68.456675,-11.59994175043678
599.0,2.0,-29.955159333376628,17.2498,-39.724812,-23.42789790308486
599.0,6.0,-43.000130764753884,-20.948246,-93.998834,-36.47286933446212
599.0,12.0,-61.33394242085478,-53.88131,-90.146944,-54.80668099056302
599.0,15.0,-29.276857948562697,187.662773,17.035067,-22.74959651827093
599.0,17.0,-57.261623913337964,-47.7804,-111.78269,-50.7343624830462
599.0,19.0,-75.77072720453904,-42.68462,-141.421921,-69.24346577424728
599.0,24.0,-68.46270359640344,-47.20625,-119.377999,-61.93544216611168
599.0,28.0,-24.387886613011062,-21.752853,-68.436605,-17.860625182719296
600.0,2.0,-115.06167200817949,10.848249,-39.726691,-9.57303462731133
600.0,6.0,-126.59440769094691,-60.568488,-94.015817,-21.105770310078753
600.0,12.0,-147.30643994905793,-87.500124,-90.149644,-41.81780256818978
600.0,14.0,-100.99146580242126,126.158768,-36.991776,4.4971715784468955
600.0,17.0,-140.9915955961171,-80.113888,-111.797934,-35.50295821524894
600.0,19.0,-156.60819603269235,-75.795809,-141.431576,-51.11955865182419
600.0,24.0,-147.99305891739314,-78.635673,-119.359159,-42.50442153652499
600.0,28.0,-121.52862046134388,-61.139193,-68.442971,-16.03998308047572
601.0,2.0,-123.34124389147247,-5.627869,-39.727641,-23.51072519995209
601.0,6.0,-124.47822854335188,-107.645381,-94.048392,-24.647709851831493
601.0,12.0,-143.89091616917187,-123.348911,-90.165661,-44.06039747765149
601.0,13.0,-83.11704258511882,95.216753,37.437795,16.713476106401558
601.0,14.0,-98.38147649583372,75.552335,-37.008785,1.4490421956866584
601.0,17.0,-128.8654589381423,-120.370948,-111.841902,-29.034940246621915
601.0,19.0,-145.27715325118575,-104.606598,-141.470882,-45.44663455966537
601.0,24.0,-150.84756129953442,-113.299365,-119.356837,-51.01704260801404
601.0,28.0,-114.27570222416155,-106.95759,-68.467628,-14.445183532641167
602.0,2.0,-116.13053395048739,-53.254477,-39.707873,-28.109937396665543
602.0,6.0,-121.77328465462936,-138.84031,-94.11606,-33.75268810080752
602.0,12.0,-141.30285132302842,-149.82429,-90.252347,-53.282254769206574
602.0,13.0,-74.57861382646703,72.104325,37.574718,13.441982727354812
602.0,14.0,-92.84511318621502,32.809217,-37.043842,-4.82451663239317
602.0,15.0,-107.61495314353476,-94.848938,17.260371,-19.594356589712916
602.0,17.0,-125.78649752222186,-136.562591,-111.980955,-37.76590096840002
602.0,19.0,-142.16852967960014,-131.900995,-141.611693,-54.147933125778295
602.0,24.0,-148.7487248554656,-137.787923,-119.423232,-60.728128301643764
602.0,28.0,-109.60502344550075,-117.327366,-68.53433,-21.584426891678902
603.0,2.0,-113.3908137238352,-75.045265,-39.700734,-22.820447989548242
603.0,6.0,-122.71599554713633,-129.865882,-94.20446,-32.14562981284938
603.0,12.0,-142.51254721165768,-151.318038,-90.358506,-51.942181477370724
603.0,13.0,-75.63089734856898,83.592626,37.713702,14.939468385717973
603.0,14.0,-96.50732559179689,6.358783,-37.084485,-5.936959857509933
603.0,15.0,-104.07347121306758,-70.824972,17.36922,-13.503105478780626
603.0,17.0,-127.22594814997667,-160.43797,-112.139247,-36.65558241568972
603.0,19.0,-143.58681582492827,-130.354998,-141.779925,-53.016450090641314
603.0,24.0,-149.48559173886267,-135.300108,-119.516417,-58.915226004575715
603.0,28.0,-112.0677712803432,-133.911328,-68.612947,-21.497405546056243
604.0,2.0,-121.8730018947719,-52.471717,-39.757217,-22.264108042349193
604.0,6.0,-129.5124147481603,-142.498185,-94.269988,-29.903520895737586
604.0,12.0,-149.29370879306202,-152.73647,-90.360553,-49.68481494063931
604.0,13.0,-83.85374192911767,76.855205,37.722039,15.755151923305036
604.0,14.0,-105.4070440221011,-21.256702,-37.110688,-5.798150169678394
604.0,17.0,-134.87187321771708,-165.66827,-112.159643,-35.26297936529437
604.0,19.0,-151.4910179230544,-138.989454,-141.810753,-51.882124070631676
604.0,24.0,-156.31625082847896,-143.042083,-119.525461,-56.707356976056246
604.0,28.0,-123.42376602054904,-131.550679,-68.643007,-23.81487216812633
605.0,2.0,-40.135165519453786,-16.71171,-39.817511,-14.90889031582492
605.0,6.0,-44.51794494836101,-124.331046,-94.33296,-19.291669744732147
605.0,12.0,-57.18978184145465,-162.516711,-90.342557,-31.963506637825787
605.0,13.0,-14.116196848557014,98.683495,37.720724,11.110078355071852
605.0,14.0,-25.601473794949666,-24.563152,-37.142412,-0.3751985913207996
605.0,15.0,-34.22173917830744,-7.62886,17.419291,-8.995463974678572
605.0,17.0,-55.74464988263512,-150.46729,-112.168211,-30.518374679006257
605.0,19.0,-69.76148337611234,-128.746753,-141.825613,-44.53520817248347
605.0,24.0,-66.5303322003199,-129.861975,-119.516871,-41.30405699669104
605.0,28.0,-36.282797310077676,-123.46484,-68.673514,-11.05652210644881
606.0,2.0,-40.16094724767482,34.176945,-39.864768,-13.371225540491725
606.0,6.0,-55.377048942066004,-56.894538,-94.411968,-28.58732723488291
606.0,12.0,-69.38770835613003,-99.862438,-90.368787,-42.59798664894694
606.0,14.0,-28.668976311698756,28.055564,-37.178131,-1.879254604515662
606.0,15.0,-32.194180419932216,24.154736,17.465618,-5.404458712749122
606.0,17.0,-61.83612487765076,-97.624768,-112.226536,-35.04640317046767
606.0,19.0,-81.6631744909371,-49.728899,-141.895298,-54.873452783754004
606.0,24.0,-74.73148156400514,-66.819833,-119.549341,-47.941759856822046
606.0,28.0,-44.19758330985204,-58.24267,-68.721877,-17.407861602668948
607.0,2.0,-59.91505689735978,55.182702,-39.91225,-21.645177447590804
607.0,6.0,-61.65977414620553,-51.750576,-94.503262,-23.38989469643655
607.0,12.0,-70.97964177397911,-86.816402,-90.434437,-32.70976232421013
607.0,14.0,-43.892842212703066,-0.148473,-37.206491,-5.622962762934087
607.0,17.0,-69.85200246972992,-103.0562,-112.309525,-31.582123019960946
607.0,19.0,-82.04518692734642,-50.614011,-141.999991,-43.77530747757744
607.0,24.0,-70.14578599823231,-65.774088,-119.620612,-31.875906548463334
607.0,28.0,-53.08649871640504,-51.643965,-68.773256,-14.81661926663606
608.0,2.0,-111.70521065736384,-36.979456,-39.95561,-18.460335444073877
608.0,6.0,-120.97555439269787,-85.196818,-94.60508,-27.730679179407915
608.0,12.0,-141.14638611871297,-55.574908,-90.530726,-47.90151090542301
608.0,13.0,-74.84534829623661,119.419912,37.882793,18.39952691705335
608.0,14.0,-91.73997306385802,-47.01755,-37.233369,1.504902149431942
608.0,15.0,-101.70206797802346,-17.256617,17.562733,-8.457192764733506
608.0,17.0,-124.75721129036596,-119.984079,-112.419216,-31.512336077076
608.0,19.0,-141.75438736142473,-77.163372,-142.137261,-48.509512148134775
608.0,24.0,-148.24588961475058,-89.51593,-119.721271,-55.00101440146062
608.0,28.0,-109.51605651272858,-79.913523,-68.83198,-16.271181299438624
609.0,2.0,-130.81363472590002,-42.398844,-39.962335,-22.13323147070018
609.0,6.0,-133.05011750491505,-101.788381,-94.750042,-24.369714249715216
609.0,12.0,-153.62532029335088,-96.412205,-90.742952,-44.94491703815105
609.0,13.0,-89.68087017594671,95.461529,38.063176,18.999533079253126
609.0,14.0,-113.99946905767143,-71.802958,-37.273677,-5.319065802471599
609.0,17.0,-139.6352618730726,-149.630398,-112.664467,-30.954858617872773
609.0,19.0,-155.4889382602811,-112.287349,-142.422047,-46.808535005081254
609.0,24.0,-156.86965573297445,-114.39484,-119.929128,-48.189252477774616
609.0,28.0,-133.42117160293057,-119.42711,-68.940995,-24.740768347730736
610.0,2.0,-121.70745814878443,-40.709682,-39.884529,-25.121745042318764
610.0,6.0,-124.88528644869396,-83.449392,-94.783611,-28.2995733422283
610.0,12.0,-144.86248117293948,-104.295034,-90.9172,-48.27676806647382
610.0,13.0,-81.73826345685846,103.54406,38.262414,14.8474496496072
610.0,14.0,-100.51500861689178,-69.982958,-37.257667,-3.9292955104261154
610.0,17.0,-129.97477806354024,-137.334383,-112.836968,-33.38906495707458
610.0,19.0,-146.6339008894785,-99.239601,-142.603592,-50.048187783012835
610.0,24.0,-151.8352744866518,-110.643237,-120.047486,-55.24956138018614
610.0,28.0,-116.27762419795783,-106.820885,-68.975389,-19.691911091492173
611.0,2.0,-52.205638237208326,-46.672514,-39.914494,-7.328590951023692
611.0,6.0,-58.22945389156419,-130.651605,-94.890199,-13.352406605379556
611.0,12.0,-66.91775084849671,-136.289081,-90.987977,-22.040703562312075
611.0,13.0,-30.583943047344572,82.128259,38.359388,14.293104238840062
611.0,14.0,-44.17073124664669,-96.766637,-37.314306,0.7063160395379455
611.0,17.0,-71.05402567089169,-153.943363,-112.969995,-26.176978384707056
611.0,19.0,-80.134315069956,-165.783779,-142.749033,-35.25726778377137
611.0,24.0,-72.07886077087765,-153.255559,-120.123537,-27.20181348469302
611.0,28.0,-54.89786092235973,-146.205302,-69.061406,-10.020813636175099
612.0,2.0,-92.0259710007327,13.165179,-40.09043,-11.072754622751546
612.0,6.0,-97.05797147336516,-65.935159,-95.163582,-16.104755095384007
612.0,12.0,-117.80842647613645,-91.004191,-91.043805,-36.8552100981553
612.0,14.0,-68.3054510455367,-24.398151,-37.482218,12.64776533244445
612.0,17.0,-98.53969880373515,-74.3998,-113.176788,-17.586482425754
612.0,19.0,-116.76987643422358,-65.794509,-143.000003,-35.816660056242426
612.0,24.0,-120.95505597247116,-77.057049,-120.274512,-40.00183959449001
612.0,28.0,-87.83718027847841,-69.655577,-69.268938,-6.883963900497264
613.0,2.0,-85.6455453757024,15.407013,-40.148867,-12.503380732747715
613.0,6.0,-89.05753282333397,-113.444712,-95.184371,-15.91536818037929
613.0,12.0,-108.06488141740233,-107.209967,-91.018182,-34.92271677444765
613.0,14.0,-59.9454608306747,-29.458341,-37.4674,13.196703812279985
613.0,17.0,-97.10919862393034,-118.364931,-113.117022,-23.967033980975657
613.0,19.0,-110.09150136518447,-107.64627,-142.950967,-36.94933672222979
613.0,24.0,-116.4362589531501,-119.052943,-120.245213,-43.29409431019542
613.0,28.0,-76.9092941870299,-111.265673,-69.243318,-3.7671295440752175
614.0,2.0,-42.54818246160271,-55.851149,-40.089124,-12.437074952520437
614.0,6.0,-58.32286801542626,-186.810888,-95.001887,-28.21176050634399
614.0,13.0,-18.060490581218566,38.33792,38.28433,12.050616927863704
614.0,14.0,-25.6213046135488,-112.983368,-37.337634,4.489802895533469
614.0,17.0,-71.69856765729979,-162.913066,-112.872218,-41.58746014821752
614.0,19.0,-87.49447363777757,-148.3644,-142.670569,-57.3833661286953
614.0,24.0,-81.26460330298174,-188.424057,-120.041322,-51.15349579389947
614.0,28.0,-41.55941098168359,-190.610209,-69.059864,-11.44830347260132
615.0,2.0,-103.26127334583903,-12.008279,-40.021502,-16.827894542086227
615.0,6.0,-106.89101889552234,-148.146443,-94.854374,-20.457640091769534
615.0,12.0,-125.88245469442937,-138.877297,-90.785911,-39.44907589067657
615.0,14.0,-73.53256758391645,-81.939647,-37.25446,12.900811219836356
615.0,17.0,-108.59925824761962,-135.474676,-112.696794,-22.165879443866814
615.0,19.0,-125.74921511814448,-151.306728,-142.450751,-39.315836314391674
615.0,24.0,-133.19664383283987,-163.459689,-119.850069,-46.763265029087066
615.0,28.0,-92.18650367141153,-162.920144,-68.931729,-5.753124867658727
616.0,2.0,-99.69312621381357,-66.252722,-39.911571,-17.366746028386984
616.0,6.0,-102.62326200349574,-170.432017,-94.743587,-20.296881818069153
616.0,12.0,-126.24229345925313,-157.104879,-90.695418,-43.91591327382655
616.0,13.0,-64.30485993109362,53.516943,38.355087,18.02152025433297
616.0,14.0,-81.79038053664848,-76.457511,-37.233203,0.5359996487781018
616.0,17.0,-111.89758983748469,-151.52397,-112.643385,-29.5712096520581
616.0,19.0,-127.42042540096702,-185.797611,-142.334207,-45.09404521554043
616.0,24.0,-127.2357352183849,-173.933599,-119.680851,-44.90935503295832
616.0,28.0,-98.15874876975157,-188.007509,-68.883154,-15.832368584324982
617.0,2.0,-78.47752458603374,-61.520489,-39.677801,-17.78373335106322
617.0,6.0,-82.4717011194999,-168.834621,-94.337309,-21.77790988452938
617.0,12.0,-100.03626563185809,-166.949618,-90.353888,-39.34247439688757
617.0,13.0,-54.32242884690982,54.554964,38.324748,6.371362388060696
617.0,17.0,-85.15089892764546,-164.570928,-112.241492,-24.45710769267494
617.0,19.0,-101.3366356459035,-217.925922,-141.786998,-40.64284441093298
617.0,24.0,-101.99654576642206,-174.956679,-119.166751,-41.30275453145154
617.0,28.0,-68.88351766977178,-170.837301,-68.607581,-8.189726434801258
618.0,2.0,-79.04592102167649,-115.466141,-39.727647,-24.92513160129213
618.0,6.0,-83.56353201031088,-184.027653,-93.900768,-29.442742589926517
618.0,12.0,-100.92235804290772,-155.706045,-89.579041,-46.801568622523355
618.0,13.0,-47.21372194316024,19.445471,37.786013,6.907067477224125
618.0,14.0,-50.455512161453875,-74.987461,-36.930198,3.6652772589304874
618.0,17.0,-86.39949319796,-146.616332,-111.348691,-32.278703777575636
618.0,19.0,-102.76400751638771,-212.856941,-140.747629,-48.643218096003345
618.0,24.0,-102.93289287935112,-181.35793,-118.330583,-48.81210345896675
618.0,28.0,-69.49954263090744,-195.848624,-68.209351,-15.37875321052308
619.0,6.0,-85.01436724743134,-227.975595,-93.469288,-28.661809307601963
619.0,14.0,-53.32755560573551,-90.885862,-36.676802,3.0250023340938625
619.0,15.0,-77.38860120093096,112.405596,17.707903,-21.03604326110159
619.0,17.0,-89.54588031026911,-211.897435,-110.899886,-33.19332237043974
619.0,19.0,-106.00476589730413,-234.958513,-140.19616,-49.65220795747475
619.0,24.0,-104.33910398057887,-223.093288,-117.902006,-47.986546040749495
619.0,28.0,-71.50065177867951,-194.659927,-67.850323,-15.148093838850137
620.0,2.0,-54.18252253899154,-78.329506,-39.358753,-31.769229728779074
620.0,6.0,-53.383547252619394,-163.642293,-93.159447,-30.970254442406926
620.0,12.0,-71.31943218152313,-144.473782,-89.198846,-48.90613937131066
620.0,13.0,-15.341206972064427,42.222934,37.653108,7.072085838148041
620.0,17.0,-56.75342081213123,-149.295027,-110.562454,-34.340128001918764
620.0,19.0,-74.05195420104408,-184.433591,-139.799329,-51.638661390831615
620.0,24.0,-70.6153619687099,-167.663743,-117.617903,-48.20206915849744
620.0,28.0,-35.308391536959334,-139.969804,-67.566807,-12.895098726746866
621.0,2.0,-27.377386464508042,-7.315365,-39.156182,-23.36726592148264
621.0,6.0,-32.55936899454413,5.375927,-92.786798,-28.54924845151873
621.0,12.0,-50.77265480411461,-33.575413,-89.197437,-46.76253426108921
621.0,17.0,-48.91927880989038,-4.419163,-110.212731,-44.90915826686498
621.0,19.0,-65.24519705358908,-21.984038,-139.42052,-61.23507651056368
621.0,24.0,-50.9326977690904,-22.242984,-117.423383,-46.922577226065
621.0,28.0,-16.334724830697198,15.275493,-67.188665,-12.324604287671796
622.0,2.0,-102.24565297813253,-8.063928,-38.784822,-7.308447804734399
622.0,6.0,-116.17703827800256,-58.079106,-92.402802,-21.23983310460443
622.0,12.0,-136.19317634326097,-63.470136,-89.516591,-41.255971169862846
622.0,14.0,-87.442909783942,34.054116,-35.727521,7.494295389456127
622.0,17.0,-121.33787046254633,-60.353012,-110.113517,-26.400665289148208
622.0,19.0,-137.93615125885006,-70.564469,-139.318345,-42.998946085451934
622.0,24.0,-134.68084299084805,-70.20784,-117.466583,-39.74363781744992
622.0,28.0,-107.03137682109931,-43.597157,-66.818167,-12.094171647701188
623.0,2.0,-43.31475974815302,-82.230854,-39.256234,-10.680809992977764
623.0,6.0,-53.407856081600485,-85.072603,-92.974626,-20.773906326425227
623.0,12.0,-70.34251212884892,-101.377114,-89.515841,-37.708562373673665
623.0,13.0,-23.050955808437614,146.471123,37.732707,9.582993946737645
623.0,15.0,-42.56863423501826,69.276899,17.547513,-9.934684479843
623.0,17.0,-68.00479283028471,-97.31836,-110.401986,-35.370843075109455
623.0,19.0,-87.08965076910638,-98.724011,-139.713955,-54.455701013931126
623.0,24.0,-77.05260242879936,-100.251781,-117.73416,-44.4186526736241
623.0,28.0,-38.838882131573996,-66.057709,-67.225966,-6.204932376398737
624.0,2.0,-49.68122402376405,-6.284939,-39.930058,-23.80650758887065
624.0,6.0,-59.8309261312201,-8.720498,-92.460544,-33.9562096963267
624.0,12.0,-79.48892417483306,-7.236798,-87.769328,-53.61420773993966
624.0,17.0,-73.85044017793705,-21.753111,-108.410458,-47.975723743043645
624.0,19.0,-94.01568846855555,-15.818758,-137.569291,-68.14097203366215
624.0,24.0,-87.31713324714488,-18.23512,-116.173659,-61.44241681225148
624.0,28.0,-48.66055302467972,16.788458,-66.551811,-22.78583658978632
625.0,2.0,-23.12167571326536,-9.216996,-37.783783,-15.369530843254939
625.0,6.0,-33.715497103610794,-21.12862,-88.074353,-25.96335223360037
625.0,12.0,-49.71482701934837,-0.171527,-85.819439,-41.962682149337944
625.0,13.0,-0.5712663570606846,86.569922,34.889276,7.180878512949739
625.0,15.0,-21.040349928508974,4.347731,15.360576,-13.288205058498551
625.0,17.0,-51.7276994155716,-30.719681,-103.858187,-43.975554545561174
625.0,19.0,-65.2996536558298,-26.972251,-132.2162,-57.547508785819375
625.0,24.0,-52.12346913883996,-32.050597,-112.529439,-44.37132426882953
625.0,28.0,-16.582236580620616,-7.852337,-62.777263,-8.830091710610194
626.0,2.0,-23.62942098338118,-7.941615,-35.901305,-4.194116300142738
626.0,6.0,-34.09483648267791,-91.988501,-82.823656,-14.65953179943947
626.0,12.0,-55.778567776701756,-92.150781,-78.780738,-36.343263093463314
626.0,13.0,-8.263109494474662,0.932848,32.149901,11.17219518876378
626.0,14.0,-11.390273705747841,-11.520642,-32.003596,8.045030977490601
626.0,15.0,-25.486687850366454,-19.764882,14.673478,-6.051383167128012
626.0,17.0,-51.741581519047685,-91.972606,-96.927795,-32.30627683580924
626.0,19.0,-66.92719070972505,-87.380771,-123.151873,-47.49188602648661
626.0,24.0,-62.34416863331021,-94.156421,-104.192147,-42.90886395007177
626.0,28.0,-21.787490157024617,-9.801112,-59.418552,-2.352185473786175
627.0,2.0,-36.129566948487636,-2.050881,-37.131064,-7.099691377016871
627.0,6.0,-52.51438877875054,-87.139335,-84.68908,-23.48451320727978
627.0,12.0,-74.03483884883856,-64.247864,-84.301011,-45.00496327736779
627.0,14.0,-17.72980376549936,-16.472357,-30.277353,11.300071805971406
627.0,15.0,-37.891839214607955,-58.913047,12.891548,-8.86196364313719
627.0,17.0,-67.8099600972287,-86.867052,-98.948635,-38.78008452575793
627.0,19.0,-86.45671406207943,-87.232503,-127.141985,-57.42683849060866
627.0,24.0,-81.41326933022025,-91.190488,-109.927986,-52.38339375874948
627.0,28.0,-35.392836584474566,-23.213249,-59.010146,-6.362961013003801
628.0,2.0,-24.06768467613686,-79.802252,-27.420088,-9.193851119540028
628.0,6.0,-42.58906714776946,-153.381758,-64.197568,-27.71523359117263
628.0,12.0,-65.0295706419942,-117.060733,-71.003355,-50.15573708539736
628.0,14.0,-13.296460087503004,-91.561154,-19.401539,1.5773734690938284
628.0,15.0,-32.319689138909595,-94.452878,8.077798,-17.445855582312763
628.0,17.0,-54.638253491642374,-126.507151,-76.809557,-39.76441993504554
628.0,19.0,-73.48648705624471,-150.207265,-100.096498,-58.61265349964788
628.0,24.0,-69.33774284265093,-154.74124,-89.396357,-54.46390928605409
628.0,28.0,-23.271183386439183,-92.177371,-42.713985,-8.397349829842351
629.0,2.0,-29.053197204562615,-65.199979,-26.09882,-15.846005375268373
629.0,6.0,-42.85010364060972,-126.930903,-65.176197,-29.642911811315475
629.0,12.0,-61.62307487451582,-116.706213,-67.409494,-48.41588304522158
629.0,14.0,-15.939563625596392,-66.388877,-23.583474,-2.73237179630215
629.0,17.0,-49.732726105625346,-105.283333,-79.835384,-36.5255342763311
629.0,19.0,-66.47406087487299,-126.286,-101.190203,-53.266869045578744
629.0,24.0,-62.61821447719428,-133.150339,-86.173203,-49.41102264790004
629.0,28.0,-25.32709538633415,-76.715728,-46.534868,-12.119903557039908
630.0,2.0,-30.822913307255547,-59.077698,-8.75293,-15.068506126531894
630.0,6.0,-40.06980702743801,-98.580417,-34.01031,-24.315399846714357
630.0,12.0,-56.83100940778096,-86.983355,-47.359348,-41.07660222705731
630.0,13.0,-11.052037318354373,57.865663,23.613282,4.702369862369281
630.0,14.0,-14.877296942890675,-37.601314,-8.773013,0.8771102378329783
630.0,17.0,-51.26150211988708,-100.451486,-49.74325,-35.50709493916343
630.0,19.0,-65.18890820699916,-105.231097,-62.51128,-49.434501026275505
630.0,24.0,-61.97265373707868,-105.330167,-54.481664,-46.21824655635503
630.0,28.0,-23.740361564599993,-42.591008,-23.860093,-7.98595438387634
631.0,2.0,-113.86395148949171,7.524592,-8.224819,-17.130168017801125
631.0,6.0,-115.90984492085072,-38.665019,-22.743354,-19.17606144916013
631.0,12.0,-134.91279548993893,-48.255728,-40.150122,-38.17901201824834
631.0,15.0,-102.823215159192,-23.089109,-0.802643,-6.089431687501417
631.0,17.0,-118.3218758487768,-24.866937,-30.95748,-21.588092377086213
631.0,19.0,-134.65883290881732,-50.043644,-43.276676,-37.92504943712673
631.0,24.0,-141.57526921626527,-44.279306,-44.507081,-44.84148574457468
631.0,28.0,-101.23601637513336,-20.960572,-10.833852,-4.502232903442774
632.0,2.0,-70.2734889200757,-53.471415,-20.950961,-28.744663294001015
632.0,6.0,-65.70169552750708,-93.120622,-38.032026,-24.172869901432392
632.0,12.0,-85.02713014009305,-99.660915,-43.942331,-43.49830451401836
632.0,13.0,-32.66185698767976,37.474661,8.01891,8.86696863839493
632.0,14.0,-33.66779613130273,15.069557,-7.079416,7.861029494771962
632.0,15.0,-55.486724232753254,-45.257595,-3.13581,-13.957898606678562
632.0,17.0,-62.18253896755118,-51.877788,-39.215361,-20.65371334147649
632.0,19.0,-82.43592626283115,-97.485152,-55.766057,-40.907100636756454
632.0,24.0,-87.25465502168241,-94.887648,-55.763627,-45.72582939560772
632.0,28.0,-45.55774511231004,-47.027189,-20.641489,-4.0289194862353455
633.0,2.0,-66.57456821971485,-69.307423,-17.211025,-13.314236013797213
633.0,6.0,-75.75344608818074,-78.584425,-30.074657,-22.493113882263103
633.0,12.0,-104.15088866233114,-84.404312,-31.220064,-50.890556456413506
633.0,13.0,-35.77678487335419,71.328136,5.144391,17.483547332563447
633.0,17.0,-78.89404260321794,-33.29367,-29.720348,-25.633710397300305
633.0,19.0,-100.0411104124939,-63.407211,-41.983423,-46.78077820657626
633.0,24.0,-108.83978909037197,-68.952658,-41.138771,-55.57945688445433
633.0,28.0,-64.68828688040817,-40.76721,-17.081996,-11.427954674490536
634.0,2.0,-100.34115018175977,-87.922791,-10.394181,-18.67010758953427
634.0,6.0,-108.46931485706291,-114.867979,-17.679286,-26.798272264837408
634.0,12.0,-133.4095470369245,-66.097943,-32.686322,-51.73850444469899
634.0,13.0,-65.54063419295127,50.517102,3.280172,16.13040839927423
634.0,17.0,-117.36250428714139,-84.86417,-18.711487,-35.69146169491589
634.0,19.0,-137.39898148533018,-101.616511,-30.594418,-55.72793889310468
634.0,24.0,-131.9269895808958,-127.236187,-36.894445,-50.25594698867029
634.0,28.0,-103.05447377311877,-53.366557,-4.511629,-21.383431180893268
635.0,2.0,-77.89120210888417,41.726485,48.88492,-23.46605951841324
635.0,6.0,-77.1346341617385,-53.495502,28.305802,-22.70949157126757
635.0,12.0,-95.51359982087432,-16.866574,-43.725336,-41.088457230403385
635.0,13.0,-46.631159798352144,36.165235,51.35785,7.79398279211879
635.0,17.0,-80.03218320331166,-69.426288,-25.31274,-25.607040612840727
635.0,19.0,-99.51218692868116,-71.018654,-21.930349,-45.08704433821023
635.0,24.0,-107.81934179694625,-74.649377,-17.465353,-53.394199206475314
635.0,28.0,-66.32629489002179,-45.570486,15.741995,-11.901152299550851
636.0,2.0,-95.90470729229865,70.841362,61.279297,-1.343361932701427
636.0,6.0,-106.82263907733171,-11.719744,45.819601,-12.261293717734489
636.0,12.0,-126.26713499909987,30.559914,-60.378701,-31.70578963950264
636.0,15.0,-105.68685595581131,-18.008201,13.995161,-11.125510596214085
636.0,17.0,-108.27164537179435,-1.023937,-15.20591,-13.710300012197123
636.0,19.0,-125.9312942045406,-16.298919,-14.647462,-31.36994884494338
636.0,24.0,-134.12143915382688,-22.066122,-23.625135,-39.56009379422966
636.0,28.0,-89.16524732519397,96.212183,36.594083,5.396098034403252
637.0,2.0,-74.30905006922174,25.827269,2.810631,-14.543207239445735
637.0,6.0,-89.09543736412985,-27.146398,-35.020617,-29.329594534353845
637.0,12.0,-104.82226699576145,3.233572,-55.421815,-45.05642416598545
637.0,13.0,-67.53290012075699,63.990836,43.788664,-7.767057290980986
637.0,14.0,-52.59903976507665,-22.699357,-13.487361,7.166803064699359
637.0,15.0,-83.14243286130308,-4.288586,25.187732,-23.376590031527073
637.0,17.0,-93.07091789991954,-44.437826,-68.208112,-33.30507507014353
637.0,19.0,-108.95058202952943,-47.279106,-78.017852,-49.18473919975342
637.0,24.0,-107.83855233602546,-46.405111,-58.852646,-48.07270950624945
637.0,28.0,-71.98524174596909,-10.981283,-31.928696,-12.219398916193086
638.0,2.0,-72.96193760733125,-30.859393,-23.376814,-9.724854591499934
638.0,6.0,-82.7935868707907,-80.588097,-50.18589,-19.556503854959388
638.0,12.0,-98.07683278842804,-23.921713,-41.378529,-34.83974977259672
638.0,13.0,-65.43226440386275,-39.33988,16.750309,-2.195181388031429
638.0,14.0,-47.0181232945285,-45.024385,-21.804109,16.218959721302816
638.0,15.0,-81.34465164085428,-78.788494,9.134481,-18.107568625022964
638.0,17.0,-83.35640906989202,-91.044884,-55.714368,-20.119326054060707
638.0,19.0,-99.11323953651406,-69.94312,-70.307128,-35.87615652068274
638.0,24.0,-102.21388967383449,-83.419253,-57.771574,-38.97680665800317
638.0,28.0,-68.72448349058078,-32.762373,-36.903656,-5.487400474749464
639.0,2.0,-58.98384338468314,-89.307099,-41.239329,-24.09707556815161
639.0,6.0,-62.828635093049535,-119.550584,-56.194006,-27.941867276518003
639.0,12.0,-82.37029650095728,-38.024963,-27.773518,-47.48352868442575
639.0,13.0,-25.609479224925263,-90.314347,-6.413006,9.277288591606268
639.0,14.0,-30.41349059963909,-22.249712,-24.437217,4.473277216892441
639.0,15.0,-49.436645568509284,-91.629785,-5.526933,-14.549877751977753
639.0,17.0,-63.600485013318085,-60.322632,-39.550431,-28.713717196786554
639.0,19.0,-83.4936142295082,-102.819832,-56.928762,-48.606846412976665
639.0,24.0,-91.66249035502634,-108.767925,-52.168369,-56.775722538494804
639.0,28.0,-46.19007182147374,-47.876069,-35.594629,-11.303304004942206
640.0,2.0,-77.72363213424562,-19.400305,-55.328115,-32.857216600939005
640.0,6.0,-76.84194111314919,-48.630087,-64.339543,-31.975525579842575
640.0,12.0,-94.79783070783276,-59.567011,-38.008767,-49.931415174526144
640.0,14.0,-39.29061156842023,39.207225,-18.721502,5.575803964886383
640.0,17.0,-78.3020479075522,-18.530025,-34.815066,-33.43563237424558
640.0,19.0,-100.47347131780984,-40.470996,-60.40972,-55.607055784503224
640.0,24.0,-106.76012445605669,-31.574562,-67.277237,-61.89370892275007
640.0,28.0,-58.942218765109025,-1.969279,-31.675473,-14.07580323180241
641.0,2.0,-76.34780996125876,-3.547025,-38.351034,-27.066956931283798
641.0,6.0,-72.86791898743046,-30.786306,-55.840275,-23.587065957455494
641.0,12.0,-92.09343762271003,-38.782115,-49.186177,-42.812584592735064
641.0,17.0,-75.20727948962657,-1.261914,-45.343652,-25.92642645965161
641.0,19.0,-94.70462122565199,-18.307038,-68.246545,-45.42376819567703
641.0,24.0,-101.18174735033712,-20.968381,-70.180146,-51.900894320362156
641.0,28.0,-58.812817085443235,3.487662,-29.56496,-9.531964055468272
642.0,2.0,-110.38501131072888,-36.569938,-39.576196,-18.314503455802253
642.0,6.0,-107.4839479700775,-48.13982,-56.516714,-15.413440115150863
642.0,12.0,-129.48219002996385,-38.803001,-48.047888,-37.411682175037214
642.0,17.0,-113.89824424554368,-12.869209,-44.646616,-21.827736390617048
642.0,19.0,-132.28921138265403,-31.794769,-67.623677,-40.2187035277274
642.0,24.0,-137.3955767584782,-53.081218,-69.687754,-45.32506890355157
642.0,28.0,-99.9618049382512,-4.087641,-29.925651,-7.891297083324574
643.0,2.0,-126.60085309263216,-39.715271,-41.094649,-12.45598321624935
643.0,6.0,-126.45495671538006,-42.468421,-57.564278,-12.31008683899725
643.0,12.0,-146.3238846363074,-37.252017,-47.019429,-32.1790147599246
643.0,17.0,-134.5634277492821,-11.853913,-44.174073,-20.4185578728993
643.0,19.0,-152.12548541111664,-35.473253,-67.326171,-37.98061553473383
643.0,24.0,-147.94467269186507,-48.767753,-69.48101,-33.79980281548225
643.0,28.0,-117.88055081510618,-7.60429,-30.531977,-3.7356809387233625
644.0,2.0,-109.2417743243575,-19.15586,-38.068712,-21.745024309929875
644.0,6.0,-107.51110763459072,-31.707896,-59.349675,-20.014357620163096
644.0,12.0,-128.10617791381335,-30.303008,-47.826949,-40.609427899385736
644.0,14.0,-75.13864470492013,38.253557,-19.059203,12.358105309507494
644.0,17.0,-113.11820917462664,-39.422768,-51.38541,-25.621459160199024
644.0,19.0,-133.94190260694842,-25.809833,-73.068505,-46.4451525925208
644.0,24.0,-132.22186259057597,-40.328763,-69.943259,-44.72511257614835
644.0,28.0,-95.8335476086404,0.191442,-35.305516,-8.336797594212783
645.0,2.0,-57.066159505282364,-27.829973,-38.314524,-30.339021617661665
645.0,6.0,-55.05723791314424,-26.611414,-59.28539,-28.330100025523542
645.0,12.0,-75.0270087208405,-27.444449,-46.589889,-48.2998708332198
645.0,14.0,-17.96669285094297,41.440616,-19.511748,8.76044503667773
645.0,17.0,-62.71564734081541,-32.928521,-50.79742,-35.98850945319471
645.0,19.0,-80.04590543506912,-22.211071,-72.210033,-53.31876754744842
645.0,24.0,-86.51695665525831,-37.48822,-68.88647,-59.78981876763761
645.0,28.0,-33.598747661074974,9.638869,-35.462388,-6.871609773454274
646.0,2.0,-46.68267195774376,-24.944166,-38.404872,-25.885546986449647
646.0,6.0,-44.17987865836616,-25.114057,-59.692078,-23.382753687072046
646.0,12.0,-63.02015471825353,-25.183787,-46.358214,-42.22302974695942
646.0,14.0,-14.934785752150221,16.198137,-20.078212,5.862339219143889
646.0,15.0,-52.927783840750024,6.79425,-4.144181,-32.130658869455914
646.0,17.0,-53.730054765886955,-14.102857,-51.317119,-32.932929794592845
646.0,19.0,-68.00785782408319,-15.862342,-72.619438,-47.21073285278908
646.0,24.0,-75.23624276234419,-35.566217,-68.817905,-54.43911779105008
646.0,28.0,-25.19441896635845,-5.353045,-36.04916,-4.3972939950643415
647.0,2.0,-45.96558992285957,2.233729,-38.653322,-26.60820201990922
647.0,6.0,-44.37600083853625,15.319728,-59.850434,-25.0186129355859
647.0,12.0,-60.4603694056706,-45.386695,-45.938364,-41.10298150272025
647.0,13.0,-30.89029281099613,147.913691,2.606024,-11.53290490804578
647.0,14.0,-14.12978292799217,15.128257,-20.335483,5.227604974958179
647.0,15.0,-50.565571482119445,34.22506,-4.147542,-31.208183579169095
647.0,17.0,-50.83469035428957,96.845192,-51.186514,-31.47730245133922
647.0,19.0,-68.05916703941033,-9.518226,-72.437529,-48.701779136459976
647.0,24.0,-67.9588327673569,-12.659654,-68.54947,-48.601444864406545
647.0,28.0,-24.80232835960102,-2.145041,-36.219161,-5.44494045665067
648.0,2.0,-140.97953586153986,-2.360921,-38.865671,-17.041111902626994
648.0,6.0,-136.6275871654018,4.632016,-60.143736,-12.689163206488928
648.0,12.0,-156.98856434464832,-42.496199,-45.973629,-33.05014038573546
648.0,14.0,-109.56869279190899,17.667054,-20.523591,14.369731167003877
648.0,15.0,-144.1328535227816,57.010062,-4.110038,-20.194429563868738
648.0,17.0,-142.2531761902131,105.546191,-51.380273,-18.314752231300247
648.0,19.0,-158.111961100706,-8.968062,-72.682729,-34.17353714179313
648.0,24.0,-163.06448828160845,-17.612305,-68.713333,-39.12606432269558
648.0,28.0,-135.88889645421537,-6.228958,-36.443141,-11.950472495302506
649.0,2.0,-135.73388568583434,-37.78032,-38.803379,-17.924977393045154
649.0,6.0,-133.3733723190032,-35.445256,-60.140157,-15.564464026214026
649.0,12.0,-153.2363131700558,-29.839502,-46.172613,-35.427404877266625
649.0,14.0,-104.71484136233643,-8.165551,-20.444363,13.094066930452755
649.0,17.0,-141.15685662499712,-41.211392,-51.477921,-23.347948332207935
649.0,19.0,-154.31901529892204,-41.645887,-72.81252,-36.510107006132856
649.0,24.0,-153.84046707127288,-45.645713,-68.860488,-36.0315587784837
649.0,28.0,-131.61554288445325,-0.616088,-36.411045,-13.806634591664064
650.0,2.0,-121.71473281882025,-25.494823,-38.586532,-20.87780078564387
650.0,6.0,-119.82579895345987,-20.559676,-59.980284,-18.988866920283485
650.0,12.0,-142.46592558636414,-25.57508,-46.466428,-41.628993553187755
650.0,14.0,-89.06922090300895,20.997005,-20.226311,11.767711130167427
650.0,17.0,-128.46509154879354,-34.219265,-51.539576,-27.628159515617156
650.0,19.0,-146.54955032181996,-29.411671,-72.894344,-45.71261828864358
650.0,24.0,-145.75903613722832,-35.036118,-69.003782,-44.92210410405194
650.0,28.0,-112.54763515663323,3.399276,-36.249098,-11.710703123456852
