1500.0,2.0,-102.5826144809987,7.212165,-6.702783,3.8740475702669244
1500.0,6.0,-105.42022119874244,6.553546,-15.548896,1.0364408525231852
1500.0,12.0,-112.22028597371148,-7.164289,-24.259758,-5.763623922445859
1500.0,14.0,-104.27693520119072,33.854646,2.384518,2.1797268500749
1500.0,17.0,-109.06676019131284,1.826053,-17.083538,-2.6100981400472136
1500.0,19.0,-111.80202621032952,7.118955,-24.425193,-5.345364159063891
1500.0,24.0,-111.10115820352233,1.946255,-22.901233,-4.644496152256707
1500.0,28.0,-113.38062128934897,5.233941,-4.237064,-6.9239592380833415
1501.0,2.0,-78.7261544857801,23.994726,-5.186207,10.219483223066007
1501.0,6.0,-72.38639131431232,-19.181366,-13.720454,16.559246394533787
1501.0,12.0,-90.77028716815488,-20.666477,-23.950321,-1.8246494593087732
1501.0,14.0,-71.2392663320987,5.118029,3.478743,17.706371376747413
1501.0,17.0,-74.41714583782155,-19.089669,-16.06337,14.528491871024556
1501.0,19.0,-79.85756565846472,-18.863638,-23.032089,9.088072050381385
1501.0,24.0,-99.05413549579922,-21.737399,-21.778693,-10.108497786953109
1501.0,28.0,-80.64643579775029,-8.166321,-2.910619,8.299201911095821
1502.0,2.0,-83.69020819322671,22.858591,-3.280037,-3.5447820233938643
1502.0,6.0,-80.21699796523221,-0.759278,-9.969713,-0.07157179539936465
1502.0,12.0,-84.29043434889958,-21.544968,-20.825918,-4.1450081790667355
1502.0,14.0,-76.28456471035311,30.174143,4.636571,3.860861459479736
1502.0,17.0,-83.48780522068095,-15.923494,-12.358397,-3.342379050848109
1502.0,19.0,-89.0758209491766,-4.550838,-18.293431,-8.930394779343757
1502.0,24.0,-94.02289094054707,-9.069519,-18.228396,-13.877464770714226
1502.0,28.0,-89.80848529686035,6.629405,-0.688596,-9.663059127027509
1503.0,2.0,-102.79784589676471,-9.822559,-1.574082,3.3345102235390556
1503.0,6.0,-107.08863228709477,-10.588011,-7.074305,-0.9562761667909996
1503.0,12.0,-112.96138169836611,-14.303608,-19.043515,-6.829025578062343
1503.0,14.0,-104.81532289238108,24.493303,5.84161,1.3170332279226926
1503.0,17.0,-110.95065519751039,-7.068969,-9.81431,-4.818299077206618
1503.0,19.0,-112.96616116115354,-6.686779,-15.049812,-6.833805040849768
1503.0,24.0,-112.110339332,-11.638565,-15.846259,-5.977983211696227
1503.0,28.0,-113.89986927843047,-12.373179,1.196801,-7.767513158126704
1504.0,2.0,-79.40436274648458,-19.201562,-0.166645,2.9482352917202803
1504.0,6.0,-73.81205294343467,-15.857029,-6.211586,8.540545094770195
1504.0,12.0,-91.58465245006077,-24.764959,-20.137228,-9.232054411855913
1504.0,14.0,-72.30578469900466,36.921923,6.851024,10.046813339200199
1504.0,17.0,-75.42697420852888,-21.629144,-10.25598,6.925623829675985
1504.0,19.0,-81.10490197706359,-19.883214,-15.410588,1.2476960611412693
1504.0,24.0,-100.58598452056843,-21.316007,-15.885587,-18.23338648236357
1504.0,28.0,-81.59182054393905,-11.333457,2.013222,0.7607774942658097
1505.0,2.0,-65.25504394240834,39.052548,1.810125,0.20390059894009482
1505.0,6.0,-68.07452320548775,-19.645909,-1.094133,-2.6155786641393206
1505.0,12.0,-83.10720886856664,-25.978026,-12.822941,-17.648264327218214
1505.0,14.0,-54.8627727146226,0.579328,6.647888,10.59617182672583
1505.0,15.0,-99.42566399696811,-0.120547,0.872597,-33.96671945561968
1505.0,17.0,-64.11149171740128,-24.598815,-4.34348,1.347452823947151
1505.0,19.0,-78.81005049678173,-28.665478,-7.392605,-13.351105955433297
1505.0,24.0,-92.77555070355545,-29.768098,-9.015022,-27.316606162207023
1505.0,28.0,-60.24660693547047,4.904089,3.890418,5.212337605877963
1506.0,2.0,-87.43147635390947,18.112477,26.727258,8.773633745017449
1506.0,6.0,-90.95112713548708,-33.90771,30.166841,5.253982963439839
1506.0,12.0,-94.55980393845712,-40.920785,6.348345,1.6453061604698007
1506.0,14.0,-88.02208810265473,-46.581974,16.246132,8.183021996272188
1506.0,17.0,-94.991700753924,-16.676752,14.578518,1.2134093450029297
1506.0,19.0,-96.98850470672262,-36.743381,21.838019,-0.7833946077956995
1506.0,24.0,-99.6355148594901,-33.11075,20.38593,-3.430404760563178
1506.0,28.0,-102.95120981350802,-20.794854,20.114785,-6.746099714581092
1507.0,2.0,-95.77553698029755,56.548035,37.219302,-21.04674130744901
1507.0,6.0,-102.67579924798714,17.545718,30.331433,-27.94700357513861
1507.0,14.0,-73.12038835843835,23.037694,34.641508,1.6084073144101865
1507.0,17.0,-87.17687249608439,13.214296,0.638253,-12.448076823235851
1507.0,19.0,-101.08365325983897,16.930804,1.517897,-26.354857586990434
1507.0,24.0,-111.2282307009617,5.080186,-0.452984,-36.49943502811317
1507.0,28.0,-85.68291848175524,24.450166,31.094519,-10.954122808906703
1508.0,2.0,-111.30305278878426,2.918724,-2.105842,-10.62124430068151
1508.0,6.0,-121.82246353549344,-8.179051,-21.67943,-21.140655047390695
1508.0,14.0,-105.96942046942394,23.887635,14.423382,-5.2876119813211915
1508.0,17.0,-116.28856065883762,-20.271132,-33.567053,-15.606752170734879
1508.0,19.0,-129.5783751868236,-25.462141,-47.487113,-28.896566698720846
1508.0,24.0,-130.1226740245434,-30.288158,-44.523315,-29.44086553644064
1508.0,28.0,-114.00334220615088,21.021353,0.460214,-13.32153371804813
1509.0,2.0,-55.468980706512276,11.269567,1.719865,-10.173750144640387
1509.0,6.0,-63.78627808317835,-18.477648,-16.620969,-18.491047521306463
1509.0,12.0,-74.91477809841747,-18.710509,-45.773033,-29.619547536545582
1509.0,14.0,-52.10998475271504,15.187153,11.627295,-6.8147541908431535
1509.0,17.0,-55.096052148797945,-23.648162,-30.144646,-9.800821586926055
1509.0,19.0,-65.16881939752149,-14.11137,-40.445457,-19.8735888356496
1509.0,24.0,-66.69469228696356,-20.386936,-34.80032,-21.39946172509167
1509.0,28.0,-57.021986591274434,28.956503,-0.052252,-11.726756029402544
1510.0,2.0,-65.58907092721937,-4.755729,-0.939612,-11.63678644140036
1510.0,6.0,-69.08768153907145,-20.237755,-13.9849,-15.135397053252447
1510.0,12.0,-78.76797379009622,-12.36901,-33.09291,-24.815689304277214
1510.0,14.0,-48.57217389202862,-4.63806,7.296375,5.380110593790384
1510.0,17.0,-50.53147371237902,-25.668326,-22.160462,3.420810773439989
1510.0,19.0,-62.15392745862645,-25.472574,-30.138179,-8.201642972807441
1511.0,2.0,-112.11353376043756,-47.266045,-12.337872,2.4188266872454136
1511.0,6.0,-118.672758461029,-41.900269,-15.933821,-4.140398013346029
1511.0,12.0,-129.2338562764221,-14.198882,-24.412301,-14.701495828739127
1511.0,14.0,-111.76314470292785,8.888426,5.049781,2.7692157447551295
1511.0,17.0,-116.93780288974875,-33.494305,-10.305645,-2.4054424420657767
1511.0,19.0,-121.57818700516813,-37.026487,-20.02517,-7.045826557485157
1512.0,2.0,-114.56533234506307,21.87923,-19.696471,4.680089253810536
1512.0,6.0,-120.72510654245714,-13.182164,-18.560391,-1.4796849435835355
1512.0,12.0,-131.12528214149964,-12.464815,-16.33269,-11.879860542626034
1512.0,14.0,-114.78560654317505,-3.395556,0.308363,4.459815055698556
1512.0,17.0,-124.42401227870852,-5.655642,-4.869371,-5.178590679834912
1512.0,19.0,-127.30753821530557,-5.228859,-14.64877,-8.062116616431965
1512.0,28.0,-124.32513031569223,-1.643254,-4.007944,-5.0797087168186295
1513.0,6.0,-120.53378007322011,-2.023689,-24.822958,1.3516891783542206
1513.0,12.0,-131.7844617169,-11.850741,-19.486482,-9.898992465325676
1513.0,14.0,-113.44272383874768,18.208452,-2.665611,8.442745412826653
1513.0,17.0,-120.27972403276146,4.332777,-10.08778,1.6057452188128707
1513.0,19.0,-125.58292664743745,1.761018,-21.241773,-3.697457395863111
1513.0,24.0,-125.19005445967787,36.743043,-28.907478,-3.304585208103532
1513.0,28.0,-122.19797982344387,0.456361,-8.300876,-0.312510571869538
1514.0,6.0,-113.91938290413752,-3.291568,-35.842065,-0.18633894473767043
1514.0,12.0,-122.6243844165401,-12.084321,-31.909955,-8.891340457140245
1514.0,14.0,-108.2586533450869,8.006076,-6.140032,5.474390614312952
1514.0,17.0,-117.12840377781005,-1.69948,-26.841891,-3.395359818410199
1514.0,19.0,-120.71328518661386,-5.265874,-40.138408,-6.980241227214009
1514.0,28.0,-117.36008803487195,4.144228,-15.974103,-3.6270440754720994
1515.0,6.0,-104.92315565179656,-12.944069,-37.621895,-0.935870860625883
1515.0,12.0,-112.53684413548221,-15.659462,-35.261053,-8.549559344311533
1515.0,14.0,-99.91048475489502,18.980092,-5.132495,4.076800036275657
1515.0,17.0,-107.13412602267351,-9.349276,-27.979336,-3.146841231502833
1515.0,19.0,-111.8497372585898,-10.434197,-42.562716,-7.862452467419118
1515.0,24.0,-108.32621542412265,16.991804,-42.625343,-4.338930632951971
1515.0,28.0,-107.53667144758705,-7.781809,-15.761515,-3.549386656416374
1516.0,2.0,-93.10827335934418,55.24263,-26.343925,7.791532453667088
1516.0,6.0,-101.44823170939299,-19.598484,-38.284309,-0.5484258963817155
1516.0,12.0,-109.13023917001104,-24.129168,-35.644183,-8.230433356999768
1516.0,14.0,-95.41657236563971,18.551261,-5.510083,5.4832334473715605
1516.0,17.0,-102.92825883368037,-13.568444,-28.78036,-2.0284530206691045
1516.0,19.0,-107.54724377516693,-5.764238,-43.441065,-6.647437962155664
1516.0,24.0,-105.39538956194961,-10.83639,-43.039572,-4.495583748938344
1516.0,28.0,-101.98064493263803,1.951097,-16.307791,-1.0808391196267593
1517.0,2.0,-123.30459786949692,29.847993,-27.184879,-7.087559499033858
1517.0,6.0,-122.19268625064558,-15.483179,-38.594869,-5.975647880182521
1517.0,12.0,-131.22108793078718,-29.559895,-34.231706,-15.00404956032412
1517.0,14.0,-107.2395984422066,27.514853,-6.401286,8.977439928256459
1517.0,17.0,-113.83213828618521,-9.92434,-28.169001,2.384900084277845
1517.0,19.0,-125.4292539971843,-15.314935,-42.677965,-9.212215626721246
1517.0,24.0,-132.1285497664508,-24.598318,-42.414241,-15.91151139598773
1517.0,28.0,-117.20150740756422,-12.183198,-16.905965,-0.9844690371011637
1518.0,6.0,-127.36781752734046,-29.480285,-38.901387,-3.192380598112962
1518.0,12.0,-138.1304530310884,-36.822966,-35.309068,-13.955016101860892
1518.0,14.0,-116.77402193252117,11.193024,-6.168397,7.401414996706336
1518.0,17.0,-122.60834241686119,-18.552502,-29.092597,1.5670945123663103
1518.0,19.0,-130.63005599082564,-30.114187,-43.743047,-6.454619061598137
1518.0,24.0,-135.11296837799276,-31.730396,-43.063176,-10.937531448765256
1518.0,28.0,-127.56798024811182,-16.833832,-16.960835,-3.3925433188843215
1519.0,2.0,-102.81807942454869,39.374348,-25.833243,6.9303105858229515
1519.0,6.0,-110.99581607605428,-33.534575,-37.60323,-1.247426065682646
1519.0,12.0,-120.65383433839557,-24.054454,-35.307168,-10.905444328023933
1519.0,14.0,-103.79893345346605,-8.430963,-5.219028,5.949456556905588
1519.0,17.0,-110.53225659875571,-26.391436,-28.320235,-0.7838665883840719
1519.0,19.0,-115.15276877286668,-38.152181,-42.790595,-5.404378762495043
1519.0,24.0,-116.31641227389888,-36.919181,-42.457057,-6.56802226352724
1519.0,28.0,-111.90652434106408,-18.699933,-15.882293,-2.158134330692448
1520.0,6.0,-85.21434201424788,-38.392311,-35.074401,19.094689317396416
1520.0,12.0,-102.66590056245694,-41.211852,-33.500911,1.6431307691873513
1520.0,14.0,-82.76290887072439,-0.451806,-4.379359,21.546122460919904
1520.0,17.0,-90.21672623519437,-24.420257,-26.190518,14.09230509644992
1520.0,19.0,-94.89130267463446,-29.712725,-39.940639,9.417728657009832
1520.0,24.0,-112.71760541706443,-37.603585,-40.143471,-8.408574085420142
1520.0,28.0,-95.86167640626361,-7.135397,-14.410604,8.44735492538068
1521.0,2.0,-100.78265720187919,-1.07493,-20.612907,16.062708802794035
1521.0,6.0,-98.69103459759425,-30.147924,-30.860031,18.15433140707897
1521.0,12.0,-113.68352444461622,-34.314789,-29.249874,3.161841560056999
1521.0,14.0,-94.84666665067759,-5.531962,-4.395971,21.998699353995633
1521.0,17.0,-104.25330757359696,-11.650579,-24.011159,12.592058431076268
1521.0,19.0,-108.0996590336533,-29.274509,-35.71861,8.745706971019928
1521.0,24.0,-125.28496095977081,-37.356872,-34.697034,-8.43959495509759
1521.0,28.0,-110.53400923692753,0.891628,-13.259692,6.311356767745693
1522.0,2.0,-93.62851047342322,39.490706,-20.116117,6.7922116298921225
1522.0,6.0,-101.21613302414588,-14.651794,-28.64621,-0.795410920830534
1522.0,12.0,-108.26157824423092,-27.249574,-27.786348,-7.840856140915577
1522.0,14.0,-98.04037789194287,9.176631,-3.123531,2.380344211372474
1522.0,17.0,-106.94615085565646,-20.75566,-21.00801,-6.525428752341114
1522.0,19.0,-108.85757756593803,-20.418899,-32.495151,-8.436855462622688
1522.0,24.0,-108.58113355657179,-17.926554,-33.280435,-8.160411453256444
1522.0,28.0,-105.22786798328686,-1.637947,-11.362214,-4.8071458799715145
1523.0,6.0,-103.85970774673542,-13.717223,-29.628752,-1.9628900450315996
1523.0,12.0,-111.52777301488065,-25.006938,-34.753859,-9.630955313176827
1523.0,14.0,-100.15748082007399,15.021724,2.123937,1.7393368816298391
1523.0,17.0,-110.55883844987001,1.178699,-18.843134,-8.662020748166185
1523.0,19.0,-111.74858159023537,-14.935376,-33.587608,-9.85176388853155
1523.0,24.0,-111.20825776511138,-15.594655,-40.468084,-9.31144006340756
1523.0,28.0,-107.2737304631792,3.021237,-7.259653,-5.376912761475381
1524.0,2.0,-100.33941668431483,30.936696,-22.878427,6.642373555225049
1524.0,6.0,-109.49542900380648,-11.264892,-29.97898,-2.5136387642666023
1524.0,12.0,-118.3760591777341,-12.041247,-35.889083,-11.39426893819423
1524.0,14.0,-102.60950628606332,-2.130416,2.416684,4.372283953476554
1524.0,17.0,-113.21265786770961,-0.106628,-19.666789,-6.230867628169733
1524.0,19.0,-115.62918003058292,-5.087004,-34.618335,-8.64738979104304
1524.0,24.0,-115.27181727950945,-9.825753,-41.238797,-8.290027039969573
1524.0,28.0,-109.92462488273604,45.712354,-7.259117,-2.9428346431961643
1525.0,2.0,-96.27382704937956,-14.796467,-23.044803,4.0835779999402035
1525.0,6.0,-106.45250905224698,-39.595792,-30.102796,-6.095104002927215
1525.0,12.0,-114.63671827777432,-46.346042,-36.007726,-14.279313228454555
1525.0,14.0,-99.98073921326316,-39.360985,2.446853,0.37666583605660264
1525.0,17.0,-110.88363274129225,-20.315472,-19.650998,-10.52622769197248
1525.0,19.0,-113.61419431863615,-44.711887,-34.684184,-13.256789269316386
1525.0,24.0,-112.59876158477356,-46.980473,-41.421692,-12.24135653545379
1525.0,28.0,-106.96932973561151,31.219719,-7.255276,-6.611924686291744
1526.0,2.0,-100.76160436417238,-22.875246,-23.085908,0.6632141246567187
1526.0,6.0,-109.4786958523842,-14.926079,-30.170828,-8.053877363555102
1526.0,12.0,-117.8769861275808,-16.567721,-36.148917,-16.452167638751703
1526.0,17.0,-115.19641196198289,4.434674,-19.707911,-13.771593473153786
1526.0,19.0,-116.89826331831812,-13.050955,-34.787728,-15.473444829489011
1526.0,24.0,-116.32419557030833,-17.676288,-41.548859,-14.89937708147923
1527.0,2.0,-102.02567182208504,-3.673407,-23.225065,2.804607071586588
1527.0,6.0,-111.17739226910388,-12.185864,-30.381286,-6.347113375432244
1527.0,12.0,-120.58504261047888,-10.076631,-36.402198,-15.754763716807247
1527.0,17.0,-116.22780727641624,8.526055,-19.871489,-11.39752838274461
1527.0,19.0,-118.56780330084861,-6.835543,-35.045938,-13.737524407176977
1527.0,24.0,-117.56250148950487,-8.767922,-41.819683,-12.732222595833235
1527.0,28.0,-112.08865254187255,-2.342805,-7.304593,-7.258373648200916
1528.0,2.0,-95.43941700801004,-15.464476,-23.730619,3.5374008788530915
1528.0,6.0,-104.6844110331131,-27.557824,-31.024241,-5.7075931462499625
1528.0,12.0,-113.26036810581908,-36.679944,-36.466334,-14.283550218955952
1528.0,14.0,-99.66555014978896,1.932432,2.074191,-0.688732262925825
1528.0,17.0,-111.31095010901468,-18.191043,-20.263338,-12.334132222151553
1528.0,19.0,-112.78778929335806,-30.643907,-35.540267,-13.810971406494929
1528.0,24.0,-111.88891134780557,-37.230615,-42.152408,-12.912093460942444
1528.0,28.0,-106.8015461655837,8.062608,-7.807371,-7.8247282787205705
1529.0,2.0,-103.55751633977867,-1.318538,-24.020155,4.154605400987251
1529.0,6.0,-113.29439609879854,-9.504522,-31.442949,-5.58227435803262
1529.0,12.0,-123.27631426614256,-16.982891,-36.437623,-15.56419252537664
1529.0,17.0,-117.79091775485826,-9.312544,-20.568887,-10.078796014092333
1529.0,19.0,-120.85457904830658,-7.527355,-35.872716,-13.142457307540653
1529.0,24.0,-119.44547024799166,-18.280481,-42.287751,-11.733348507225742
1529.0,28.0,-113.0843650440056,22.921734,-8.194591,-5.372243303239671
1530.0,2.0,-47.962493646374696,-45.097098,-23.983077,-12.73872864539267
1530.0,6.0,-56.783677418401545,-42.868037,-31.561559,-21.55991241741952
1530.0,12.0,-76.38288226306433,-53.643632,-36.545232,-41.159117262082304
1530.0,14.0,-34.186411464593824,39.395675,1.649726,1.0373535363882027
1530.0,17.0,-60.287747709142586,-22.638159,-20.81082,-25.06398270816056
1530.0,19.0,-77.25578678932125,-46.810889,-36.106724,-42.03202178833922
1530.0,24.0,-74.21852761620137,-45.913589,-42.340916,-38.994762615219344
1530.0,28.0,-47.24611765766003,7.731866,-8.317534,-12.022352656678002
1531.0,2.0,-59.3871812292371,-68.625054,-22.614067,-8.966898591000486
1531.0,6.0,-67.78034693415239,-63.791598,-28.735224,-17.360064295915777
1531.0,12.0,-89.47682133386867,-68.189249,-33.867137,-39.05653869563206
1531.0,14.0,-44.50523644176213,23.183359,2.324311,5.915046196474485
1531.0,17.0,-73.23744347204492,-48.826292,-17.931753,-22.817160833808302
1531.0,19.0,-90.15913051314283,-66.617004,-32.3773,-39.73884787490621
1531.0,24.0,-85.36601330920875,-72.601931,-39.471972,-34.94573067097214
1531.0,28.0,-60.21869810135909,-39.073725,-6.775659,-9.798415463122474
1532.0,2.0,-75.2538199831791,-81.083337,-14.318638,-5.194731315795153
1532.0,6.0,-86.27752868866916,-88.616697,-20.966388,-16.218440021285218
1532.0,12.0,-110.65905336903289,-89.090897,-31.178367,-40.59996470164894
1532.0,14.0,-60.09285020735595,1.552041,5.053935,9.966238460027995
1532.0,17.0,-98.25012940858547,-84.030533,-16.005233,-28.19104074120152
1532.0,19.0,-113.0223971314524,-85.858489,-27.654129,-42.96330846406845
1532.0,24.0,-105.0581088121654,-90.9501,-32.563727,-34.999020144781454
1532.0,28.0,-79.18994124506733,-48.992979,-3.0054,-9.130852577683385
1533.0,2.0,-47.41521489822115,-70.647064,-26.295452,-13.174885000003165
1533.0,6.0,-60.540785282055964,-72.461566,-40.600043,-26.300455383837978
1533.0,12.0,-80.26108993967505,-76.721238,-54.869978,-46.02076004145706
1533.0,14.0,-27.713832206436194,2.131711,5.220359,6.526497691781792
1533.0,17.0,-64.88202535731067,-72.129896,-32.805425,-30.64169545909268
1533.0,19.0,-80.88936978997724,-79.96789,-53.009789,-46.64903989175925
1533.0,24.0,-75.01633966045522,-75.124925,-57.881043,-40.77600976223723
1533.0,28.0,-47.0741714783042,-12.960285,-9.528387,-12.833841580086215
1534.0,2.0,-27.31743278524901,-71.644663,-28.940231,-20.28397906067869
1534.0,6.0,-34.10258694099115,-74.544199,-45.196125,-27.06913321642083
1534.0,12.0,-51.44821088823671,-79.509268,-53.963081,-44.41475716366639
1534.0,14.0,-2.4824526463024594,-0.564429,0.696419,4.551001078267863
1534.0,17.0,-37.84247573758176,-16.730009,-36.876171,-30.809022013011436
1534.0,19.0,-57.045842406204905,-69.898713,-56.975232,-50.01238868163458
1534.0,24.0,-54.93265086087484,-76.505642,-58.64764,-47.899197136304515
1534.0,28.0,-16.82372705721903,-6.829515,-14.450808,-9.79027333264871
1535.0,2.0,-71.06878573365071,-42.009476,-28.741696,-9.051641859484988
1535.0,6.0,-82.0522498504918,-51.724515,-41.59267,-20.03510597632608
1535.0,12.0,-105.3512610087249,-55.863541,-47.227498,-43.33411713455918
1535.0,14.0,-54.42749232307617,-0.81679,0.053418,7.589651551089553
1535.0,17.0,-92.51286371751478,-18.422347,-31.147474,-30.49571984334905
1535.0,19.0,-107.3268234003918,-50.05063,-49.775221,-45.30967952622608
1535.0,24.0,-98.54487415611744,-55.833371,-53.312863,-36.52773028195172
1535.0,28.0,-73.60044874318756,-22.236103,-13.213593,-11.58330486902183
1536.0,2.0,-58.82185921591078,-44.117779,-28.618059,-9.02031221724669
1536.0,6.0,-70.75304015276437,-54.474314,-45.688682,-20.951493154100284
1536.0,12.0,-91.20993499535642,-61.346983,-52.742093,-41.40838799669233
1536.0,14.0,-44.141368622091825,-14.315469,-0.874589,5.6601783765722615
1536.0,17.0,-79.93540870632366,-19.462904,-38.086004,-30.13386170765957
1536.0,19.0,-95.65447872368186,-55.663753,-57.555955,-45.852931725017775
1536.0,24.0,-86.63205797871164,-55.443333,-57.465143,-36.830510980047556
1536.0,28.0,-57.665606139717035,-7.999229,-15.921489,-7.864059141052948
1537.0,2.0,-76.34394377880365,-29.840397,-29.715619,-14.217910834036246
1537.0,6.0,-85.65870059071707,-31.845674,-49.682191,-23.532667645949672
1537.0,12.0,-108.94386494490595,-49.27907,-58.695908,-46.81783200013855
1537.0,17.0,-97.66254910743437,-0.943895,-43.261017,-35.53651616266697
1537.0,19.0,-113.58120522923781,-34.556349,-64.254934,-51.45517228447041
1537.0,24.0,-103.76304183754921,-36.17686,-62.688227,-41.63700889278181
1537.0,28.0,-80.33692509941993,0.151676,-17.49864,-18.210892154652527
1538.0,2.0,-83.08831469382955,0.86858,-27.291631,-8.835056539791921
1538.0,6.0,-91.03135855083137,-62.264878,-46.981513,-16.778100396793747
1538.0,12.0,-113.94317509818298,-65.935654,-57.357721,-39.68991694414535
1538.0,17.0,-106.06198219277466,-56.427398,-41.981221,-31.80872403873704
1538.0,19.0,-121.10217592358941,-59.630927,-62.071381,-46.84891776955179
1538.0,24.0,-108.59862510371134,-67.17152,-60.234001,-34.34536694967372
1538.0,28.0,-79.49580717122271,-26.634931,-16.098213,-5.242549017185084
1539.0,2.0,-62.3123917483721,17.457344,-25.689791,-35.173574731181404
1539.0,6.0,-72.90432495689893,-42.306591,-47.076335,-45.765507939708236
1539.0,12.0,-91.49531653554342,-47.150903,-58.227686,-64.35649951835273
1539.0,17.0,-78.59171659911426,-44.436308,-44.236669,-51.45289958192357
1539.0,19.0,-102.31376779667197,-44.208535,-63.895477,-75.17495077948126
1539.0,24.0,-87.56738928400459,-44.7617,-59.941392,-60.428572266813894
1539.0,28.0,-47.03138376324974,-3.958295,-16.775396,-19.892566746059046
1540.0,2.0,-51.10790985621505,-169.812802,-18.225505,4.393060926070298
1540.0,6.0,-67.86799651906126,-245.597274,-36.940588,-12.367025736775915
1540.0,12.0,-87.2413891765774,-228.375893,-51.248807,-31.74041839429205
1540.0,19.0,-89.60108636912034,-247.89666,-53.644823,-34.10011558683499
1540.0,24.0,-79.57609022569169,-245.962727,-50.216901,-24.075119443406336
1541.0,2.0,-52.114585935674015,-138.217399,-1.45581,-6.752450421501898
1541.0,6.0,-71.15777201233246,-202.622397,-21.5336,-25.79563649816034
1541.0,14.0,-36.86848784110748,-101.129206,14.741849,8.493647673064636
1541.0,19.0,-91.77379390209929,-211.969988,-47.710615,-46.41165838792717
1541.0,24.0,-83.93695475273212,-213.899237,-43.899268,-38.57481923856
1542.0,2.0,-60.469109840586405,-127.945902,-76.276041,-14.192305550630458
1542.0,6.0,-72.17123985686005,-188.175516,-113.383501,-25.894435566904107
1542.0,12.0,-91.22246590102503,-173.245001,-114.633993,-44.945661611069085
1542.0,17.0,-66.9989880395381,-161.32375,-87.42817,-20.722183749582157
1542.0,19.0,-83.058783796612,-197.005309,-132.827094,-36.78197950665606
1542.0,24.0,-85.46176461024369,-194.768379,-132.857068,-39.18496032028774
1543.0,2.0,-71.95720718057207,-97.208953,-25.005835,-11.264171535478688
1543.0,6.0,-81.19109483351114,-129.153862,-45.463558,-20.498059188417763
1543.0,12.0,-96.07134721880175,-100.338353,-64.371343,-35.378311573708366
1543.0,14.0,-51.70304575176975,-14.155302,5.646421,8.989989893323632
1543.0,19.0,-92.86386996272599,-130.854504,-64.152176,-32.170834317632604
1543.0,24.0,-94.57949622855308,-138.667939,-64.314681,-33.8864605834597
1543.0,28.0,-65.86938306733087,-76.438725,-11.868733,-5.176347422237491
1544.0,2.0,-73.69905694857881,-66.619333,1.78327,-12.603249853837639
1544.0,6.0,-82.70166845269085,-96.32874,-8.090122,-21.605861357949678
1544.0,12.0,-95.13024986074693,-66.496405,-32.306846,-34.03444276600575
1544.0,14.0,-54.15946279093516,-54.128079,12.294788,6.936344303806017
1544.0,17.0,-78.45046592173013,-57.247056,-15.907477,-17.354658826988953
1544.0,19.0,-91.8795644246225,-98.804995,-23.680691,-30.783757329881325
1544.0,24.0,-95.47007903994013,-97.343819,-24.011973,-34.374271945198956
1544.0,28.0,-66.84975840631773,-43.660245,4.693403,-5.753951311576557
1545.0,2.0,-101.90809602454331,-29.211731,-26.666869,-16.621938520337878
1545.0,6.0,-107.77178413583555,-33.06373,-34.555502,-22.48562663163011
1545.0,12.0,-122.68118674616181,-41.134034,-48.668125,-37.39502924195638
1545.0,17.0,-98.77851977394116,-16.346681,-22.286042,-13.492362269735722
1545.0,19.0,-115.33339697193124,-36.333893,-41.915454,-30.047239467725802
1545.0,28.0,-92.20435197875581,-8.921273,-4.346276,-6.918194474550376
1546.0,2.0,-74.34614607531434,-40.134676,-32.085381,-13.4244940473599
1546.0,6.0,-76.71559732572682,-54.565125,-41.737407,-15.793945297772382
1546.0,12.0,-95.89725656805587,-39.819452,-51.345982,-34.97560454010143
1546.0,14.0,-47.7150756018313,68.15987,4.542356,13.206576426123135
1546.0,17.0,-67.35456894635378,-29.928817,-27.009997,-6.432916918399343
1546.0,19.0,-83.39535031345459,-48.266081,-48.314928,-22.47369828550015
1546.0,28.0,-63.85725223301581,-37.93592,-9.141317,-2.9356002050613696
1547.0,2.0,-100.85167342870501,-25.364413,-30.40392,-11.032558427191248
1547.0,6.0,-102.81646148393995,-34.303094,-38.255995,-12.997346482426181
1547.0,12.0,-124.76942814889502,-37.89006,-44.767876,-34.95031314738125
1547.0,14.0,-77.1284978005071,40.663918,3.083754,12.69061720100666
1547.0,17.0,-99.27797411308192,-6.79067,-23.43255,-9.45885911156816
1547.0,19.0,-114.07616453263894,-25.43506,-42.658255,-24.257049531125176
1547.0,28.0,-95.9925122341728,-11.968306,-8.931534,-6.173397232659042
1548.0,2.0,-100.87375084897621,-20.494486,-29.681539,-6.522760426809697
1548.0,6.0,-103.51473562889385,-33.57848,-36.00924,-9.163745206727327
1548.0,12.0,-125.65442953861346,-36.438681,-40.364932,-31.30343911644694
1548.0,14.0,-78.13521290076234,37.889748,2.220664,16.215777521404178
1548.0,17.0,-100.84419484364362,-10.786296,-20.647783,-6.4932044214771025
1548.0,19.0,-115.47088503954849,-23.871138,-38.636182,-21.119894617381973
1548.0,24.0,-125.98071237858677,3.556118,-48.515709,-31.629721956420255
1548.0,28.0,-96.15011598682875,-7.042639,-8.650366,-1.7991255646622335
1549.0,2.0,-119.39672241279149,-16.082207,-28.55011,-1.1159349489746546
1549.0,6.0,-118.08525089018042,-33.009781,-38.653326,0.1955365736364172
1549.0,12.0,-142.75155386347726,-35.104465,-45.784872,-24.47076639966042
1549.0,14.0,-101.01527777526196,32.743999,2.383469,17.26550968855487
1549.0,17.0,-122.36796077495016,-2.323968,-26.511965,-4.087173311133327
1549.0,19.0,-134.08727765372169,-23.504672,-45.181428,-15.80649018990485
1549.0,24.0,-142.74493350066663,4.899615,-51.99881,-24.464146036849797
1549.0,28.0,-116.41561772100944,-13.064988,-10.087616,1.865169742807396
1550.0,2.0,-113.34578764562205,-17.567697,-28.803476,-6.9880557157951415
1550.0,6.0,-112.49287044578885,-30.869276,-38.717285,-6.135138515961941
1550.0,12.0,-135.97916180756815,-31.054056,-45.19635,-29.621429877741235
1550.0,14.0,-92.33049268860657,11.074092,2.035027,14.027239241220343
1550.0,17.0,-111.93824684699517,-12.141928,-26.277489,-5.580514917168259
1550.0,19.0,-127.09175542377037,-25.356987,-44.854082,-20.734023493943454
1550.0,24.0,-135.63305210156412,-25.50077,-51.680701,-29.275320171737206
1550.0,28.0,-109.49378953405805,-7.605877,-10.312484,-3.1360576042311408
1551.0,2.0,-124.01170311669006,-12.083767,-29.114329,-2.583997793249438
1551.0,6.0,-121.67830722901279,-40.420934,-38.818753,-0.250601905572168
1551.0,12.0,-145.13747809424967,-45.513458,-44.642071,-23.709772770809053
1551.0,14.0,-104.58950900331793,10.925961,1.696967,16.83819632012269
1551.0,17.0,-127.58185079082753,-19.972504,-26.029879,-6.154145467386911
1551.0,19.0,-137.98228694276793,-35.875575,-44.541185,-16.55458161932731
1551.0,24.0,-146.34955669543626,-57.171202,-51.42327,-24.921851371995643
1551.0,28.0,-120.59476868355762,-9.907436,-10.534076,0.8329366398830018
1552.0,2.0,-113.82039796658269,-12.581708,-29.269113,-7.225689870608761
1552.0,6.0,-115.46945399524002,-23.093232,-39.230251,-8.874745899266088
1552.0,12.0,-138.31748718615123,-45.457683,-44.815201,-31.722779090177298
1552.0,14.0,-94.69748873916093,42.761149,1.429833,11.897219356812997
1552.0,17.0,-117.47151671253931,-25.421733,-26.501436,-10.876808616565384
1552.0,19.0,-129.83002428315402,-29.204153,-45.046548,-23.23531618718009
1552.0,24.0,-138.00527423651127,-36.968266,-51.632349,-31.41056614053734
1552.0,28.0,-113.65405725458315,-30.56145,-10.891693,-7.059349158609223
1553.0,2.0,-117.39764316621931,-15.577472,-29.415209,-16.896170164685657
1553.0,6.0,-122.9857451247573,-28.891736,-39.384853,-22.484272123223647
1553.0,12.0,-137.665973298475,-53.766169,-44.822549,-37.16450029694134
1553.0,14.0,-98.40622398521515,31.117413,1.33716,2.0952490163185047
1553.0,17.0,-116.48545597369146,-19.118297,-26.561226,-15.983982972157804
1553.0,19.0,-133.46503475775668,-30.937674,-45.137106,-32.96356175622303
1553.0,24.0,-140.2031389394759,-34.890061,-51.713158,-39.70166593794225
1554.0,2.0,-99.6167577289498,-34.680064,-29.4426,-17.10985546070441
1554.0,6.0,-106.63379126194089,-51.476987,-39.428707,-24.126888993695488
1554.0,12.0,-122.89315961166815,-60.902723,-44.870041,-40.386257343422756
1554.0,14.0,-75.48589786999099,12.756371,1.338067,7.021004398254405
1554.0,17.0,-98.98132927523737,-30.709122,-26.594721,-16.474427006991974
1554.0,19.0,-116.02526571373637,-46.757983,-45.186256,-33.51836344549098
1554.0,24.0,-125.02043084576883,-30.755757,-51.756633,-42.51352857752343
1555.0,2.0,-98.69544019616255,-36.192583,-29.400944,-17.677837310817537
1555.0,6.0,-105.26084542109577,-48.713098,-39.392598,-24.243242535750753
1555.0,12.0,-122.05473513706752,-55.497892,-44.87506,-41.03713225172251
1555.0,14.0,-73.68988931208477,15.038991,1.365312,7.32771357326024
1555.0,17.0,-97.69858876530972,-21.644783,-26.586861,-16.68098587996471
1555.0,19.0,-115.03837973011517,-38.678324,-45.167692,-34.020776844770154
1555.0,24.0,-124.17136601241096,-29.15294,-51.727391,-43.15376312706594
1556.0,2.0,-85.56102710091673,-37.024266,-29.345008,-18.95500927992431
1556.0,6.0,-92.28022055422137,-54.014066,-39.322033,-25.674202733228952
1556.0,12.0,-108.69205191639084,-64.323962,-44.838717,-42.08603409539842
1556.0,14.0,-58.35240360421345,18.951344,1.395808,8.25361421677897
1556.0,17.0,-83.82921033176667,-24.423092,-26.540778,-17.223192510774254
1556.0,19.0,-101.35853567862962,-39.764282,-45.098871,-34.7525178576372
1556.0,24.0,-111.26627447228702,-35.000013,-51.658162,-44.6602566512946
1557.0,2.0,-87.62522461449389,-47.135915,-29.291733,-16.500429079534356
1557.0,6.0,-93.76879044158282,-50.330732,-39.21984,-22.64399490662329
1557.0,12.0,-112.67295715416755,-62.890859,-44.745798,-41.54816161920802
1557.0,14.0,-60.736747011056515,16.357332,1.424421,10.388048523903016
1557.0,17.0,-84.65067039380735,-20.502876,-26.438864,-13.525874858847814
1557.0,19.0,-102.19067528349231,-42.319153,-44.964026,-31.06587974853278
1557.0,24.0,-113.44441209711047,-40.582823,-51.547265,-42.31961656215094
1558.0,2.0,-120.35177869621481,-54.260683,-29.249731,-16.23460526075884
1558.0,6.0,-123.24449228589604,-45.812065,-39.071932,-19.127318850440076
1558.0,12.0,-138.1676506556448,-65.598076,-44.565631,-34.050477220188824
1558.0,14.0,-97.88235309773631,20.400399,1.450285,6.234820337719654
1558.0,17.0,-116.72650818528233,-19.20695,-26.246526,-12.60933474982636
1558.0,19.0,-134.03429682666027,-40.951316,-44.725462,-29.9171233912043
1558.0,24.0,-140.40403160581917,-42.306472,-51.376417,-36.2868581703632
1559.0,2.0,-102.88399848499886,-40.265662,-29.187132,-18.060014000901887
1559.0,6.0,-109.13519889086045,-50.786289,-39.160682,-24.311214406763483
1559.0,12.0,-124.22537679369738,-64.503407,-44.768446,-39.40139230960041
1559.0,14.0,-77.15230921340573,9.934314,1.461799,7.671675270691239
1559.0,17.0,-100.38191739409949,-26.395706,-26.472493,-15.55793291000252
1559.0,19.0,-117.68962707810233,-46.337821,-44.968492,-32.865642594005365
1559.0,24.0,-126.35096108692849,-23.835475,-51.485417,-41.526976602831525
1560.0,2.0,-104.56361395775153,-49.385733,-29.061222,-19.172961583727513
1560.0,6.0,-110.53183018685334,-66.631086,-39.319159,-25.141177812829326
1560.0,12.0,-124.71017468733304,-76.288541,-45.163543,-39.31952231330902
1560.0,14.0,-77.73378729887811,6.999654,1.495207,7.656865075145902
1560.0,17.0,-100.94009871925336,-33.849807,-26.897007,-15.549446345229342
1560.0,19.0,-118.38301433524688,-63.399227,-45.429401,-32.99236196122287
1560.0,24.0,-127.39484946825404,-60.920155,-51.70398,-42.00419709423002
1561.0,2.0,-91.86477416286034,-46.308384,-28.850794,-15.188296633706742
1561.0,6.0,-92.09549641012056,-73.00836,-39.07717,-15.41901888096696
1561.0,12.0,-108.13654163993205,-73.698687,-45.102624,-31.460064110778447
1561.0,14.0,-68.17936102690312,-3.757247,1.625391,8.497116502250478
1561.0,17.0,-97.15025350598309,-38.898737,-26.771156,-20.473775976829486
1561.0,19.0,-105.78935637143177,-80.835322,-45.242641,-29.112878842278164
1561.0,24.0,-105.3250337396448,-42.655567,-51.526892,-28.648556210491193
1561.0,28.0,-82.01302865190029,-53.523827,-10.759333,-5.336551122746684
1562.0,2.0,-43.536239223298075,-15.056035,-28.245911,-26.29665574117297
1562.0,6.0,-40.313939467088126,-58.13046,-38.145264,-23.07435598496302
1562.0,12.0,-57.928100206153545,-58.594402,-44.725346,-40.68851672402844
1562.0,14.0,-11.788273055622486,4.105821,2.121622,5.451310426502619
1562.0,17.0,-42.519311801839436,-39.300957,-26.025856,-25.27972831971433
1562.0,19.0,-56.0049486314878,-60.362009,-44.310964,-38.765365149362694
1562.0,24.0,-63.708261224361245,-50.687587,-50.884255,-46.46867774223614
1562.0,28.0,-16.829768076637897,-29.656235,-10.08597,0.4098154054872083
1563.0,2.0,-100.15198057227292,-4.660193,-27.28449,-25.45077420645316
1563.0,6.0,-96.87461866206512,-43.769483,-36.15456,-22.17341229624536
1563.0,12.0,-115.52355879109392,-49.528251,-43.080828,-40.82235242527416
1563.0,14.0,-68.2342868691831,9.949324,2.7611,6.466919496636663
1563.0,17.0,-94.83901884480973,-18.390175,-23.999456,-20.13781247898997
1563.0,19.0,-115.18585564104414,-39.226232,-41.764872,-40.484649275224385
1563.0,24.0,-112.30945411228882,-48.803671,-49.068842,-37.60824774646906
1563.0,28.0,-83.92598398894182,-25.618857,-8.880465,-9.224777623122066
1564.0,2.0,-110.79527004593474,9.707524,-27.301557,-16.368958417798254
1564.0,6.0,-104.87915227245428,-48.16322,-35.312033,-10.452840644317789
1564.0,12.0,-126.12769862692882,-54.514166,-41.323038,-31.70138699879233
1564.0,14.0,-85.85277462813707,17.202358,2.509532,8.573536999999419
1564.0,17.0,-106.48771179483015,-40.774046,-22.579073,-12.061400166693659
1564.0,19.0,-122.78520079775798,-47.203291,-39.968896,-28.35888916962149
1564.0,24.0,-127.83788935776114,-50.772117,-47.725396,-33.41157772962465
1564.0,28.0,-100.43816796051347,-5.187733,-8.65313,-6.011856332376979
1565.0,2.0,-111.43049799894077,42.939846,-25.853151,-14.759750703929555
1565.0,6.0,-103.91592893610239,-35.419506,-34.710303,-7.245181641091179
1565.0,12.0,-126.43479203659051,-36.997655,-42.235646,-29.764044741579298
1565.0,14.0,-85.7749067347208,25.253302,3.094857,10.89584056029041
1565.0,17.0,-106.16204349153224,-40.97957,-23.486846,-9.491296196521034
1565.0,19.0,-122.28585610213752,-37.989978,-40.670198,-25.615108807126305
1565.0,24.0,-127.44590444859388,-40.040435,-47.568174,-30.77515715358267
1565.0,28.0,-101.04909878914275,-20.03034,-8.276756,-4.378351494131536
1566.0,6.0,-52.31610497014255,-28.790675,-33.886285,-31.754688891708536
1566.0,12.0,-69.62056116623445,-31.88648,-41.679616,-49.059145087800445
1566.0,14.0,-15.988170995327366,22.387683,3.380575,4.573245083106645
1566.0,17.0,-49.77947501720603,-30.094348,-22.820187,-29.21805893877202
1566.0,19.0,-68.6300595029648,-26.574761,-39.770559,-48.06864342453079
1566.0,24.0,-75.69539569595426,-27.705247,-46.829694,-55.133979617520254
1566.0,28.0,-22.33860383475941,13.917855,-7.793249,-1.7771877563254002
1567.0,2.0,-83.89506847646435,51.106528,-21.767426,-28.27421460821879
1567.0,6.0,-84.04278877725982,-37.048368,-26.739287,-28.42193490901426
1567.0,12.0,-105.31458517194751,-45.771525,-33.920806,-49.69373130370196
1567.0,14.0,-54.169618016288815,40.01956,4.311411,1.4512358519567385
1567.0,17.0,-84.70012264539587,-27.972396,-15.678794,-29.07926877715031
1567.0,19.0,-105.1795439835642,-35.58354,-30.139558,-49.55869011531865
1567.0,24.0,-105.45053357448072,-38.289128,-38.835584,-49.82967970623516
1567.0,28.0,-62.808255644850156,-14.508372,-4.504564,-7.187401776604602
1568.0,6.0,-104.78374798546926,-45.089369,-27.62071,-3.9124322089337937
1568.0,12.0,-128.83899755258773,-36.902453,-30.976608,-27.96768177605226
1568.0,14.0,-87.30018068837377,4.951304,1.368652,13.571135088161697
1568.0,17.0,-106.53779503315668,-28.376707,-16.787908,-5.666479256621216
1568.0,19.0,-122.52067792500932,-47.728898,-30.238488,-21.649362148473855
1568.0,24.0,-127.81395188905675,-46.383683,-36.655266,-26.942636112521285
1568.0,28.0,-102.22401363071849,-27.436766,-7.04566,-1.3526978541830204
1569.0,2.0,-103.76064827098476,54.343302,-24.147228,-13.202755218405755
1569.0,6.0,-97.12436880577211,-13.243623,-33.226971,-6.566475753193103
1569.0,12.0,-119.95889956990369,-19.981973,-38.773529,-29.40100651732469
1569.0,14.0,-77.09906364884367,-12.873776,1.507883,13.458829403735336
1569.0,17.0,-96.60853652837183,-7.162302,-23.246646,-6.050643475792825
1569.0,19.0,-113.56482370747158,-15.466581,-38.909503,-23.00693065489257
1569.0,24.0,-119.55989186526544,-21.856779,-43.84676,-29.001998812686438
1569.0,28.0,-93.214038971258,1.288769,-9.136418,-2.6561459186790017
1570.0,2.0,-97.48454594463438,-4.827635,-24.340255,-18.606881195253166
1570.0,6.0,-90.69214086300721,-22.090846,-33.370522,-11.814476113626
1570.0,12.0,-111.66079875486163,-24.75652,-39.152067,-32.78313400548042
1570.0,14.0,-69.00958922481904,-1.426477,1.711306,9.868075524562173
1570.0,17.0,-89.80243501048811,-7.252901,-23.229734,-10.9247702611069
1570.0,19.0,-108.10665516488677,-21.581386,-39.063065,-29.228990415505564
1570.0,24.0,-114.9067671142055,-27.897989,-44.246615,-36.02910236482428
1570.0,28.0,-85.10212568383399,0.629999,-9.007564,-6.224460934452779
1571.0,2.0,-93.56947453193301,-11.08095,-23.533862,-16.81505911660078
1571.0,6.0,-89.55734083267997,-30.126664,-31.730291,-12.802925417347737
1571.0,12.0,-111.1634529239661,-38.869587,-36.600986,-34.40903750863387
1571.0,14.0,-67.52725647119398,-7.257452,1.391995,9.227158944138253
1571.0,17.0,-87.84718772281711,-10.869253,-21.572246,-11.092772307484879
1571.0,19.0,-106.05491732323217,-35.113093,-36.593942,-29.300501907899942
1571.0,24.0,-112.67861979383214,-37.112769,-41.813583,-35.92420437849991
1571.0,28.0,-84.30024675979365,-19.33247,-8.643758,-7.545831344461419
1572.0,2.0,-107.2425079299252,-46.488144,-22.766455,-12.655597463101486
1572.0,6.0,-103.05761991567907,-50.471362,-30.941867,-8.47070944885536
1572.0,12.0,-127.17726852842254,-56.637372,-36.24893,-32.590358061598835
1572.0,14.0,-84.59990370438551,31.753625,1.657227,9.987006762438199
1572.0,17.0,-104.46667399002317,-27.911565,-21.275533,-9.879763523199458
1572.0,19.0,-121.05044273100226,-48.25702,-36.020709,-26.463532264178554
1572.0,24.0,-126.3886099543396,-55.821486,-41.090247,-31.80169948751589
1572.0,28.0,-100.82970671756534,-8.465571,-8.249763,-6.242796250741634
1573.0,2.0,-101.3834028692382,-34.921328,-22.189822,-6.96185690777034
1573.0,6.0,-97.75798554720141,-39.012077,-31.10215,-3.336439585733558
1573.0,12.0,-121.02043289662353,-46.291424,-36.802618,-26.598886935155676
1573.0,14.0,-78.25674861403448,19.850667,1.568932,16.164797347433378
1573.0,17.0,-97.18743039524118,-23.535689,-22.292358,-2.765884433773323
1573.0,19.0,-114.85784467607239,-44.227451,-36.932172,-20.436298714604533
1573.0,24.0,-120.42011910431397,-44.334085,-41.157185,-25.998573142846112
1573.0,28.0,-93.96912470133707,-7.107674,-8.529146,0.45242126013079087
1574.0,2.0,-100.45296908036136,-20.386991,-22.190256,-15.043001837581912
1574.0,6.0,-97.27383237204947,-34.724645,-30.961822,-11.863865129270025
1574.0,12.0,-120.67782928216124,-44.943409,-36.489196,-35.2678620393818
1574.0,17.0,-96.64563087223097,-12.266378,-22.057011,-11.235663629451523
1574.0,19.0,-113.77720405284681,-31.859959,-36.625539,-28.367236810067368
1574.0,24.0,-119.95931811790926,-37.255139,-40.910481,-34.54935087512982
1574.0,28.0,-93.1347560885249,11.162362,-8.50082,-7.724788845745451
1575.0,2.0,-111.13309374548562,-42.190229,-22.775963,-9.147983330506449
1575.0,6.0,-108.75400615280161,-35.914813,-31.797467,-6.768895737822433
1575.0,12.0,-133.8364983567624,-48.000604,-37.868509,-31.85138794178323
1575.0,17.0,-110.53299952845312,-7.219767,-22.669016,-8.547889113473943
1575.0,19.0,-125.63443997519892,-41.363708,-37.748184,-23.64932956021974
1575.0,24.0,-131.8948760586458,-44.631644,-42.305931,-29.909765643666617
1575.0,28.0,-106.30063421381755,-11.03656,-8.529844,-4.31552379883837
1576.0,2.0,-92.7839008456266,-14.037726,-25.087522,-16.689374448172657
1576.0,6.0,-88.61009071534131,-33.080443,-34.612272,-12.515564317887367
1576.0,12.0,-108.49505717708774,-28.931822,-39.078655,-32.4005307796338
1576.0,17.0,-86.64324167150379,-27.460557,-24.275689,-10.54871527404984
1576.0,19.0,-105.53308789850982,-39.006102,-40.137171,-29.438561501055872
1576.0,24.0,-112.45579187919013,-41.649227,-44.555502,-36.36126548173618
1576.0,28.0,-81.27105146480481,-17.770141,-10.208682,-5.176525067350866
1577.0,2.0,-99.06953982376545,-5.398482,-24.596731,-19.045907052403948
1577.0,6.0,-94.69126530089606,-3.999763,-33.639248,-14.667632529534558
1577.0,12.0,-116.9735923013075,-26.888942,-38.003174,-36.949959529946
1577.0,14.0,-73.88692837263473,68.296567,0.754425,6.136704398726778
1577.0,17.0,-94.16877370956752,0.149315,-23.310716,-14.145140938206012
1577.0,19.0,-113.01704628028747,-2.953208,-38.823245,-32.99341350892597
1577.0,24.0,-117.74855578308411,-10.71748,-43.44408,-37.72492301172261
1577.0,28.0,-89.77544067432986,13.272071,-9.773176,-9.751807902968352
1578.0,2.0,-47.38133358052964,-52.031935,-20.416869,-27.33393684679579
1578.0,6.0,-50.025965673055,-54.91874,-29.790315,-29.978568939321146
1578.0,12.0,-67.80881654362531,-54.798212,-38.846727,-47.761419809891464
1578.0,14.0,-13.541195046891472,41.603128,3.613019,6.506201686842379
1578.0,17.0,-47.904579389864075,-49.074712,-22.450563,-27.857182656130224
1578.0,19.0,-67.1833702794593,-48.578681,-37.245385,-47.13597354572545
1578.0,24.0,-74.05708345097968,-59.433498,-41.671373,-54.00968671724583
1578.0,28.0,-20.16673348620734,-1.981288,-6.801139,-0.11933675247349029
1579.0,2.0,-47.80430282368126,-10.953364,-13.306462,-26.765844317697557
1579.0,6.0,-49.22372582513075,-9.860772,-16.739291,-28.185267319147044
1579.0,12.0,-68.04258165029778,-25.79654,-25.784834,-47.00412314431407
1579.0,14.0,-13.471410832969655,15.544292,5.747421,7.56704767301405
1579.0,17.0,-47.798011296014465,-3.018616,-10.238536,-26.75955279003076
1579.0,19.0,-66.31693386804413,-8.333036,-20.581375,-45.278475362060426
1579.0,24.0,-76.15004329513098,-18.410725,-27.611508,-55.11158478914728
1579.0,28.0,-20.856895417147356,14.159272,-0.632117,0.18156308883634864
1580.0,2.0,-55.690780697704916,11.649822,-2.591302,-29.93253442299319
1580.0,6.0,-59.60345717389669,-9.780286,-0.123386,-33.84521089918496
1580.0,12.0,-78.05821657225196,-23.99573,-11.495991,-52.29997029754024
1580.0,14.0,-19.98704589277255,23.177439,9.251726,5.7712003819391775
1580.0,17.0,-56.975202594381585,-3.024822,3.124356,-31.21695631966986
1580.0,19.0,-76.72917130346573,-8.199975,-1.583967,-50.97092502875401
1580.0,24.0,-81.04193577546168,-14.318276,-10.525091,-55.28368950074996
1580.0,28.0,-32.22209456806086,2.509753,7.405554,-6.463848293349134
1581.0,2.0,-127.19805294346047,2.028905,0.601918,-3.4097889114245845
1581.0,6.0,-125.33079127236739,-9.712756,6.545172,-1.5425272403315091
1581.0,12.0,-146.19801243991466,-14.23326,-4.067321,-22.40974840787878
1581.0,14.0,-109.39176211871929,15.822827,10.035322,14.396501913316598
1581.0,17.0,-127.16111047241382,-7.037394,9.940641,-3.3728464403779412
1581.0,19.0,-142.34968141401322,-7.359409,7.557105,-18.561417381977336
1581.0,24.0,-147.75135286382437,-16.504917,-3.031058,-23.963088831788482
1581.0,28.0,-124.48565955706384,-8.014108,10.43435,-0.6973955250279573
1582.0,2.0,-111.80584551682048,1.933259,-15.511034,-6.825555862869805
1582.0,6.0,-109.87044455272316,-2.367565,-25.370902,-4.890154898772479
1582.0,12.0,-134.64744260453327,-9.007937,-29.734214,-29.66715295058259
1582.0,14.0,-89.64167454671843,-9.542931,-0.22064,15.338615107232243
1582.0,17.0,-111.75536811932142,8.932007,-21.544262,-6.77507846537074
1582.0,19.0,-125.93580507536012,-5.819467,-32.282903,-20.955515421409444
1582.0,24.0,-133.34039539810547,-6.010488,-31.706668,-28.360105744154794
1582.0,28.0,-106.37050396610944,-3.645772,-8.674908,-1.3902143121587613
1583.0,2.0,-119.89382081791817,-13.580069,-16.720759,-15.06410173156506
1583.0,6.0,-119.666368633658,-29.592383,-27.145108,-14.836649547304887
1583.0,12.0,-139.467313796487,-33.33321,-30.19715,-34.63759471013388
1583.0,14.0,-99.14107542936524,5.216713,-1.303471,5.688643656987864
1583.0,17.0,-118.74217293595018,12.108442,-22.877899,-13.912453849597071
1583.0,19.0,-135.13927267471485,-24.35652,-33.908942,-30.309553588361737
1583.0,24.0,-141.1758573527422,-26.137851,-32.736101,-36.346138266389104
1583.0,28.0,-115.10485265150571,-1.251777,-10.040448,-10.2751335651526
1584.0,2.0,-125.07655847795372,-31.155841,-17.416894,-16.74187443610927
1584.0,6.0,-124.42794062436307,-48.142469,-27.826786,-16.09325658251862
1584.0,12.0,-143.02237447959385,-50.399127,-27.937528,-34.687690437749396
1584.0,14.0,-105.68140622548631,33.527285,-3.310983,2.653277816358141
1584.0,17.0,-123.05091847938685,-47.857063,-23.076273,-14.716234437542397
1584.0,19.0,-139.13866112863806,-46.879589,-33.547353,-30.80397708679361
1584.0,24.0,-145.26554029096098,-49.91314,-31.373723,-36.93085624911653
1584.0,28.0,-121.07201510445185,27.611387,-11.687431,-12.737331062607396
1585.0,2.0,-90.10546187959831,-34.3048,-17.449381,-20.898591709500465
1585.0,6.0,-92.0458435881553,-39.959371,-27.964903,-22.83897341805745
1585.0,12.0,-111.16962355172136,-38.413029,-26.202852,-41.962753381623514
1585.0,14.0,-59.879244404636516,10.19084,-4.667878,9.327625765461327
1585.0,17.0,-95.59310086013117,-41.537182,-23.25123,-26.38623069003333
1585.0,19.0,-110.4110299209044,-39.831163,-33.158372,-41.204159750806554
1585.0,24.0,-110.20931549387298,-40.911292,-30.032882,-41.002445323775135
1585.0,28.0,-75.07843880280709,50.474817,-12.749604,-5.871568632709241
